391	TGC	TGT	C	C	0.017474	palegreen	9.0
396	TAT	TGT	Y	C	0.001386	#f1cdbaff	-2.0
400	TTT	TGT	F	C	0.001114	#f1cdbaff	-2.0
486	TTT	TGT	F	C	0.001605	#f1cdbaff	-2.0
515	TTT	TGT	F	C	0.003341	#f1cdbaff	-2.0
361	TGT	TGC	C	C	0.011924	palegreen	9.0
379	TGT	TGC	C	C	0.027914	palegreen	9.0
480	TGT	TGC	C	C	0.006265	palegreen	9.0
488	TGT	TGC	C	C	0.020765	palegreen	9.0
497	TTC	TGC	F	C	0.001327	#f1cdbaff	-2.0
508	TAC	TGC	Y	C	0.001054	#f1cdbaff	-2.0
361	TGT	CGT	C	R	0.001879	#f5c1a9ff	-3.0
359	AGC	CGC	S	R	0.001490	#e8d6ccff	-1.0
390	CTC	CGC	L	R	0.001127	#f1cdbaff	-2.0
391	TGC	CGC	C	R	0.009224	#f5c1a9ff	-3.0
346	AGA	CGA	R	R	0.001811	palegreen	5.0
408	AGA	CGA	R	R	0.001497	palegreen	5.0
414	CAA	CGA	Q	R	0.004992	#d1dae9ff	1.0
454	AGA	CGA	R	R	0.001813	palegreen	5.0
493	CAA	CGA	Q	R	0.004572	#d1dae9ff	1.0
498	CAA	CGA	Q	R	0.379560	#d1dae9ff	1.0
355	AGG	CGG	R	R	0.001419	palegreen	5.0
452	CTG	CGG	L	R	0.024587	#f1cdbaff	-2.0
457	AGG	CGG	R	R	0.002120	palegreen	5.0
474	CAG	CGG	Q	R	0.004940	#d1dae9ff	1.0
498	CAA	CGG	Q	R	0.002489	#d1dae9ff	1.0
355	AGG	AGA	R	R	0.001600	palegreen	5.0
381	GGA	AGA	G	R	0.002523	#f1cdbaff	-2.0
386	AAA	AGA	K	R	0.004495	#c3d5f4ff	2.0
457	AGG	AGA	R	R	0.003597	palegreen	5.0
462	AAA	AGA	K	R	0.008973	#c3d5f4ff	2.0
346	AGA	AGG	R	R	0.042596	palegreen	5.0
356	AAG	AGG	K	R	0.021612	#c3d5f4ff	2.0
357	AGA	AGG	R	R	0.067676	palegreen	5.0
378	AAG	AGG	K	R	0.009493	#c3d5f4ff	2.0
403	AGA	AGG	R	R	0.023650	palegreen	5.0
408	AGA	AGG	R	R	0.008681	palegreen	5.0
417	AAG	AGG	K	R	0.015291	#c3d5f4ff	2.0
444	AAG	AGG	K	R	0.008193	#c3d5f4ff	2.0
454	AGA	AGG	R	R	0.007869	palegreen	5.0
458	AAG	AGG	K	R	0.005968	#c3d5f4ff	2.0
466	AGA	AGG	R	R	0.066465	palegreen	5.0
509	AGA	AGG	R	R	0.102743	palegreen	5.0
346	AGA	AAA	R	K	0.004525	#c3d5f4ff	2.0
354	AAC	AAA	N	K	0.001055	#dcddddff	0.0
357	AGA	AAA	R	K	0.001888	#c3d5f4ff	2.0
360	AAC	AAA	N	K	0.001097	#dcddddff	0.0
408	AGA	AAA	R	K	0.003111	#c3d5f4ff	2.0
417	AAG	AAA	K	K	0.001230	palegreen	5.0
440	AAT	AAA	N	K	0.027456	#dcddddff	0.0
444	AAG	AAA	K	K	0.001192	palegreen	5.0
450	AAT	AAA	N	K	0.001700	#dcddddff	0.0
460	AAT	AAA	N	K	0.033047	#dcddddff	0.0
471	GAA	AAA	E	K	0.001375	#d1dae9ff	1.0
481	AAT	AAA	N	K	0.003627	#dcddddff	0.0
484	GAA	AAA	E	K	0.013739	#d1dae9ff	1.0
386	AAA	AAG	K	K	0.013248	palegreen	5.0
450	AAT	AAG	N	K	0.011450	#dcddddff	0.0
460	AAT	AAG	N	K	0.001883	#dcddddff	0.0
462	AAA	AAG	K	K	0.012368	palegreen	5.0
481	AAT	AAG	N	K	0.001272	#dcddddff	0.0
487	AAT	AAG	N	K	0.001562	#dcddddff	0.0
386	AAA	GAA	K	E	0.029478	#d1dae9ff	1.0
389	GAT	GAA	D	E	0.001775	#c3d5f4ff	2.0
462	AAA	GAA	K	E	0.008333	#d1dae9ff	1.0
465	GAG	GAA	E	E	0.002750	palegreen	5.0
481	AAT	GAA	N	E	0.012110	#dcddddff	0.0
356	AAG	GAG	K	E	0.001170	#d1dae9ff	1.0
378	AAG	GAG	K	E	0.001790	#d1dae9ff	1.0
389	GAT	GAG	D	E	0.001057	#c3d5f4ff	2.0
398	GAT	GAG	D	E	0.002797	#c3d5f4ff	2.0
405	GAT	GAG	D	E	0.001440	#c3d5f4ff	2.0
406	GAA	GAG	E	E	0.024648	palegreen	5.0
444	AAG	GAG	K	E	0.002931	#d1dae9ff	1.0
458	AAG	GAG	K	E	0.012444	#d1dae9ff	1.0
471	GAA	GAG	E	E	0.049722	palegreen	5.0
484	GAA	GAG	E	E	0.088678	palegreen	5.0
516	GAA	GAG	E	E	0.045362	palegreen	5.0
462	AAA	CAA	K	Q	0.001217	#d1dae9ff	1.0
474	CAG	CAA	Q	Q	0.001934	palegreen	5.0
356	AAG	CAG	K	Q	0.001976	#d1dae9ff	1.0
378	AAG	CAG	K	Q	0.003746	#d1dae9ff	1.0
409	CAA	CAG	Q	Q	0.025968	palegreen	5.0
414	CAA	CAG	Q	Q	0.016339	palegreen	5.0
444	AAG	CAG	K	Q	0.003009	#d1dae9ff	1.0
452	CTG	CAG	L	Q	0.253447	#f1cdbaff	-2.0
458	AAG	CAG	K	Q	0.001958	#d1dae9ff	1.0
493	CAA	CAG	Q	Q	0.015927	palegreen	5.0
498	CAA	CAG	Q	Q	0.011090	palegreen	5.0
506	CAA	CAG	Q	Q	0.021685	palegreen	5.0
340	GAA	GAT	E	D	0.001310	#c3d5f4ff	2.0
362	GTT	GAT	V	D	0.004150	#f5c1a9ff	-3.0
370	AAT	GAT	N	D	0.002117	#d1dae9ff	1.0
388	AAT	GAT	N	D	0.007687	#d1dae9ff	1.0
394	AAT	GAT	N	D	0.001867	#d1dae9ff	1.0
406	GAA	GAT	E	D	0.001658	#c3d5f4ff	2.0
440	AAT	GAT	N	D	0.012630	#d1dae9ff	1.0
450	AAT	GAT	N	D	0.007828	#d1dae9ff	1.0
460	AAT	GAT	N	D	0.001746	#d1dae9ff	1.0
471	GAA	GAT	E	D	0.003814	#c3d5f4ff	2.0
481	AAT	GAT	N	D	0.006997	#d1dae9ff	1.0
482	GGT	GAT	G	D	0.001166	#e8d6ccff	-1.0
483	GTT	GAT	V	D	0.001877	#f5c1a9ff	-3.0
484	GAA	GAT	E	D	0.001292	#c3d5f4ff	2.0
501	AAT	GAT	N	D	0.001011	#d1dae9ff	1.0
504	GGT	GAT	G	D	0.002745	#e8d6ccff	-1.0
340	GAA	GAC	E	D	0.001775	#c3d5f4ff	2.0
354	AAC	GAC	N	D	0.044544	#d1dae9ff	1.0
360	AAC	GAC	N	D	0.013727	#d1dae9ff	1.0
364	GAT	GAC	D	D	0.052602	palegreen	6.0
367	GTC	GAC	V	D	0.002426	#f5c1a9ff	-3.0
389	GAT	GAC	D	D	0.025867	palegreen	6.0
398	GAT	GAC	D	D	0.026277	palegreen	6.0
405	GAT	GAC	D	D	0.011683	palegreen	6.0
442	GAT	GAC	D	D	0.037173	palegreen	6.0
467	GAT	GAC	D	D	0.043532	palegreen	6.0
471	GAA	GAC	E	D	0.002360	#c3d5f4ff	2.0
489	TAC	GAC	Y	D	0.001500	#f5c1a9ff	-3.0
505	TAC	GAC	Y	D	0.002315	#f5c1a9ff	-3.0
508	TAC	GAC	Y	D	0.002879	#f5c1a9ff	-3.0
343	AAC	AAT	N	N	0.008182	palegreen	6.0
354	AAC	AAT	N	N	0.003074	palegreen	6.0
360	AAC	AAT	N	N	0.001242	palegreen	6.0
364	GAT	AAT	D	N	0.001226	#d1dae9ff	1.0
376	ACT	AAT	T	N	0.001414	#dcddddff	0.0
386	AAA	AAT	K	N	0.001279	#dcddddff	0.0
389	GAT	AAT	D	N	0.001650	#d1dae9ff	1.0
417	AAG	AAT	K	N	0.001053	#dcddddff	0.0
439	AAC	AAT	N	N	0.007479	palegreen	6.0
468	ATT	AAT	I	N	0.001675	#f5c1a9ff	-3.0
345	ACC	AAC	T	N	0.001203	#dcddddff	0.0
359	AGC	AAC	S	N	0.001895	#d1dae9ff	1.0
370	AAT	AAC	N	N	0.056064	palegreen	6.0
388	AAT	AAC	N	N	0.014919	palegreen	6.0
394	AAT	AAC	N	N	0.022085	palegreen	6.0
437	AAT	AAC	N	N	0.048681	palegreen	6.0
440	AAT	AAC	N	N	0.032477	palegreen	6.0
448	AAT	AAC	N	N	0.029284	palegreen	6.0
450	AAT	AAC	N	N	0.059100	palegreen	6.0
460	AAT	AAC	N	N	0.044715	palegreen	6.0
462	AAA	AAC	K	N	0.002830	#dcddddff	0.0
477	AGC	AAC	S	N	0.280030	#d1dae9ff	1.0
481	AAT	AAC	N	N	0.007529	palegreen	6.0
487	AAT	AAC	N	N	0.075563	palegreen	6.0
345	ACC	ACT	T	T	0.002525	palegreen	5.0
363	GCT	ACT	A	T	0.002263	#dcddddff	0.0
366	TCT	ACT	S	T	0.002589	#d1dae9ff	1.0
370	AAT	ACT	N	T	0.002408	#dcddddff	0.0
383	TCT	ACT	S	T	0.001115	#d1dae9ff	1.0
411	GCT	ACT	A	T	0.001379	#dcddddff	0.0
437	AAT	ACT	N	T	0.003066	#dcddddff	0.0
440	AAT	ACT	N	T	0.003412	#dcddddff	0.0
448	AAT	ACT	N	T	0.001226	#dcddddff	0.0
450	AAT	ACT	N	T	0.001430	#dcddddff	0.0
459	TCT	ACT	S	T	0.006582	#d1dae9ff	1.0
460	AAT	ACT	N	T	0.004756	#dcddddff	0.0
468	ATT	ACT	I	T	0.061611	#e8d6ccff	-1.0
478	ACA	ACT	T	T	0.022852	palegreen	5.0
501	AAT	ACT	N	T	0.071187	#dcddddff	0.0
514	TCT	ACT	S	T	0.007538	#d1dae9ff	1.0
343	AAC	ACC	N	T	0.002869	#dcddddff	0.0
344	GCC	ACC	A	T	0.001849	#dcddddff	0.0
354	AAC	ACC	N	T	0.001848	#dcddddff	0.0
373	TCA	ACC	S	T	0.001186	#d1dae9ff	1.0
376	ACT	ACC	T	T	0.108733	palegreen	5.0
385	ACT	ACC	T	T	0.029171	palegreen	5.0
393	ACT	ACC	T	T	0.068440	palegreen	5.0
415	ACT	ACC	T	T	0.077682	palegreen	5.0
439	AAC	ACC	N	T	0.003811	#dcddddff	0.0
470	ACT	ACC	T	T	0.010386	palegreen	5.0
472	ATC	ACC	I	T	0.002424	#e8d6ccff	-1.0
475	GCC	ACC	A	T	0.001322	#dcddddff	0.0
477	AGC	ACC	S	T	0.001325	#d1dae9ff	1.0
478	ACA	ACC	T	T	0.003645	palegreen	5.0
500	ACT	ACC	T	T	0.105721	palegreen	5.0
345	ACC	ACA	T	T	0.002730	palegreen	5.0
348	GCA	ACA	A	T	0.001559	#dcddddff	0.0
361	TGT	ACA	C	T	0.001990	#e8d6ccff	-1.0
372	GCA	ACA	A	T	0.006790	#dcddddff	0.0
373	TCA	ACA	S	T	0.005631	#d1dae9ff	1.0
376	ACT	ACA	T	T	0.002115	palegreen	5.0
385	ACT	ACA	T	T	0.001573	palegreen	5.0
386	AAA	ACA	K	T	0.001121	#e8d6ccff	-1.0
393	ACT	ACA	T	T	0.002555	palegreen	5.0
415	ACT	ACA	T	T	0.025868	palegreen	5.0
462	AAA	ACA	K	T	0.001461	#e8d6ccff	-1.0
469	TCA	ACA	S	T	0.002006	#d1dae9ff	1.0
470	ACT	ACA	T	T	0.036054	palegreen	5.0
500	ACT	ACA	T	T	0.017363	palegreen	5.0
345	ACC	ACG	T	T	0.001484	palegreen	5.0
385	ACT	ACG	T	T	0.003915	palegreen	5.0
393	ACT	ACG	T	T	0.002388	palegreen	5.0
415	ACT	ACG	T	T	0.002714	palegreen	5.0
444	AAG	ACG	K	T	0.002118	#e8d6ccff	-1.0
458	AAG	ACG	K	T	0.001112	#e8d6ccff	-1.0
470	ACT	ACG	T	T	0.002029	palegreen	5.0
478	ACA	ACG	T	T	0.025203	palegreen	5.0
500	ACT	ACG	T	T	0.001271	palegreen	5.0
351	TAT	TCT	Y	S	0.003128	#f1cdbaff	-2.0
352	GCT	TCT	A	S	0.001138	#d1dae9ff	1.0
365	TAT	TCT	Y	S	0.002215	#f1cdbaff	-2.0
371	TCC	TCT	S	S	0.026822	palegreen	4.0
373	TCA	TCT	S	S	0.001049	palegreen	4.0
375	TCC	TCT	S	S	0.005732	palegreen	4.0
392	TTT	TCT	F	S	0.001970	#f1cdbaff	-2.0
393	ACT	TCT	T	S	0.001001	#d1dae9ff	1.0
399	TCA	TCT	S	S	0.003434	palegreen	4.0
449	TAT	TCT	Y	S	0.001190	#f1cdbaff	-2.0
453	TAT	TCT	Y	S	0.005611	#f1cdbaff	-2.0
464	TTT	TCT	F	S	0.002585	#f1cdbaff	-2.0
469	TCA	TCT	S	S	0.001677	palegreen	4.0
470	ACT	TCT	T	S	0.003927	#d1dae9ff	1.0
473	TAT	TCT	Y	S	0.003707	#f1cdbaff	-2.0
479	CCT	TCT	P	S	0.002828	#e8d6ccff	-1.0
486	TTT	TCT	F	S	0.002787	#f1cdbaff	-2.0
490	TTT	TCT	F	S	0.007680	#f1cdbaff	-2.0
494	TCA	TCT	S	S	0.002414	palegreen	4.0
345	ACC	TCC	T	S	0.002396	#d1dae9ff	1.0
349	TCT	TCC	S	S	0.020346	palegreen	4.0
366	TCT	TCC	S	S	0.018127	palegreen	4.0
367	GTC	TCC	V	S	0.001672	#f1cdbaff	-2.0
373	TCA	TCC	S	S	0.021497	palegreen	4.0
383	TCT	TCC	S	S	0.015865	palegreen	4.0
399	TCA	TCC	S	S	0.015495	palegreen	4.0
438	TCT	TCC	S	S	0.014074	palegreen	4.0
443	TCT	TCC	S	S	0.020432	palegreen	4.0
451	TAC	TCC	Y	S	0.005166	#f1cdbaff	-2.0
459	TCT	TCC	S	S	0.011411	palegreen	4.0
469	TCA	TCC	S	S	0.005903	palegreen	4.0
494	TCA	TCC	S	S	0.087692	palegreen	4.0
499	CCC	TCC	P	S	0.001056	#e8d6ccff	-1.0
514	TCT	TCC	S	S	0.139328	palegreen	4.0
349	TCT	TCA	S	S	0.004515	palegreen	4.0
366	TCT	TCA	S	S	0.002494	palegreen	4.0
371	TCC	TCA	S	S	0.002403	palegreen	4.0
383	TCT	TCA	S	S	0.004087	palegreen	4.0
438	TCT	TCA	S	S	0.006505	palegreen	4.0
443	TCT	TCA	S	S	0.002455	palegreen	4.0
459	TCT	TCA	S	S	0.007741	palegreen	4.0
478	ACA	TCA	T	S	0.009019	#d1dae9ff	1.0
373	TCA	TCG	S	S	0.004114	palegreen	4.0
383	TCT	TCG	S	S	0.001480	palegreen	4.0
399	TCA	TCG	S	S	0.007813	palegreen	4.0
438	TCT	TCG	S	S	0.007489	palegreen	4.0
455	TTG	TCG	L	S	0.002456	#f1cdbaff	-2.0
469	TCA	TCG	S	S	0.023078	palegreen	4.0
494	TCA	TCG	S	S	0.061171	palegreen	4.0
514	TCT	TCG	S	S	0.005290	palegreen	4.0
346	AGA	AGT	R	S	0.010097	#e8d6ccff	-1.0
357	AGA	AGT	R	S	0.001193	#e8d6ccff	-1.0
359	AGC	AGT	S	S	0.002544	palegreen	4.0
370	AAT	AGT	N	S	0.002879	#d1dae9ff	1.0
388	AAT	AGT	N	S	0.002420	#d1dae9ff	1.0
394	AAT	AGT	N	S	0.006454	#d1dae9ff	1.0
402	ATT	AGT	I	S	0.001144	#f1cdbaff	-2.0
403	AGA	AGT	R	S	0.056557	#e8d6ccff	-1.0
408	AGA	AGT	R	S	0.005097	#e8d6ccff	-1.0
418	ATT	AGT	I	S	0.001195	#f1cdbaff	-2.0
440	AAT	AGT	N	S	0.016237	#d1dae9ff	1.0
450	AAT	AGT	N	S	0.001111	#d1dae9ff	1.0
460	AAT	AGT	N	S	0.004922	#d1dae9ff	1.0
476	GGT	AGT	G	S	0.002575	#dcddddff	0.0
477	AGC	AGT	S	S	0.002209	palegreen	4.0
481	AAT	AGT	N	S	0.006880	#d1dae9ff	1.0
496	GGT	AGT	G	S	0.003861	#dcddddff	0.0
501	AAT	AGT	N	S	0.022955	#d1dae9ff	1.0
346	AGA	AGC	R	S	0.003837	#e8d6ccff	-1.0
354	AAC	AGC	N	S	0.010434	#d1dae9ff	1.0
357	AGA	AGC	R	S	0.001229	#e8d6ccff	-1.0
360	AAC	AGC	N	S	0.002478	#d1dae9ff	1.0
375	TCC	AGC	S	S	0.020896	palegreen	4.0
383	TCT	AGC	S	S	0.016850	palegreen	4.0
391	TGC	AGC	C	S	0.002577	#e8d6ccff	-1.0
438	TCT	AGC	S	S	0.011227	palegreen	4.0
443	TCT	AGC	S	S	0.014082	palegreen	4.0
459	TCT	AGC	S	S	0.030347	palegreen	4.0
469	TCA	AGC	S	S	0.039768	palegreen	4.0
476	GGT	AGC	G	S	0.009913	#dcddddff	0.0
351	TAT	CAT	Y	H	0.002222	#c3d5f4ff	2.0
369	TAT	CAT	Y	H	0.001751	#c3d5f4ff	2.0
370	AAT	CAT	N	H	0.003160	#d1dae9ff	1.0
437	AAT	CAT	N	H	0.004064	#d1dae9ff	1.0
440	AAT	CAT	N	H	0.001713	#d1dae9ff	1.0
448	AAT	CAT	N	H	0.001939	#d1dae9ff	1.0
450	AAT	CAT	N	H	0.001515	#d1dae9ff	1.0
453	TAT	CAT	Y	H	0.002451	#c3d5f4ff	2.0
460	AAT	CAT	N	H	0.003487	#d1dae9ff	1.0
473	TAT	CAT	Y	H	0.002181	#c3d5f4ff	2.0
493	CAA	CAT	Q	H	0.001408	#dcddddff	0.0
498	CAA	CAT	Q	H	0.089428	#dcddddff	0.0
343	AAC	CAC	N	H	0.003577	#d1dae9ff	1.0
354	AAC	CAC	N	H	0.002058	#d1dae9ff	1.0
360	AAC	CAC	N	H	0.001036	#d1dae9ff	1.0
439	AAC	CAC	N	H	0.002902	#d1dae9ff	1.0
451	TAC	CAC	Y	H	0.002537	#c3d5f4ff	2.0
489	TAC	CAC	Y	H	0.001193	#c3d5f4ff	2.0
498	CAA	CAC	Q	H	0.124506	#dcddddff	0.0
505	TAC	CAC	Y	H	0.001776	#c3d5f4ff	2.0
508	TAC	CAC	Y	H	0.019898	#c3d5f4ff	2.0
356	AAG	ATG	K	M	0.002134	#e8d6ccff	-1.0
402	ATT	ATG	I	M	0.001870	#d1dae9ff	1.0
417	AAG	ATG	K	M	0.002209	#e8d6ccff	-1.0
418	ATT	ATG	I	M	0.001824	#d1dae9ff	1.0
444	AAG	ATG	K	M	0.001216	#e8d6ccff	-1.0
452	CTG	ATG	L	M	0.004152	#c3d5f4ff	2.0
470	ACT	ATG	T	M	0.007430	#e8d6ccff	-1.0
349	TCT	CCT	S	P	0.009175	#e8d6ccff	-1.0
376	ACT	CCT	T	P	0.001328	#e8d6ccff	-1.0
383	TCT	CCT	S	P	0.002868	#e8d6ccff	-1.0
412	CCA	CCT	P	P	0.013923	palegreen	7.0
441	CTT	CCT	L	P	0.001024	#f5c1a9ff	-3.0
459	TCT	CCT	S	P	0.001317	#e8d6ccff	-1.0
470	ACT	CCT	T	P	0.002414	#e8d6ccff	-1.0
507	CCA	CCT	P	P	0.004835	palegreen	7.0
345	ACC	CCC	T	P	0.001763	#e8d6ccff	-1.0
384	CCT	CCC	P	P	0.004897	palegreen	7.0
463	CCT	CCC	P	P	0.009921	palegreen	7.0
479	CCT	CCC	P	P	0.011495	palegreen	7.0
491	CCT	CCC	P	P	0.024326	palegreen	7.0
348	GCA	CCA	A	P	0.082344	#e8d6ccff	-1.0
372	GCA	CCA	A	P	0.002001	#e8d6ccff	-1.0
373	TCA	CCA	S	P	0.005269	#e8d6ccff	-1.0
384	CCT	CCA	P	P	0.016774	palegreen	7.0
463	CCT	CCA	P	P	0.037355	palegreen	7.0
479	CCT	CCA	P	P	0.064857	palegreen	7.0
491	CCT	CCA	P	P	0.090128	palegreen	7.0
494	TCA	CCA	S	P	0.009883	#e8d6ccff	-1.0
499	CCC	CCA	P	P	0.097425	palegreen	7.0
348	GCA	CCG	A	P	0.002415	#e8d6ccff	-1.0
384	CCT	CCG	P	P	0.001884	palegreen	7.0
412	CCA	CCG	P	P	0.015358	palegreen	7.0
452	CTG	CCG	L	P	0.002383	#f5c1a9ff	-3.0
474	CAG	CCG	Q	P	0.005198	#e8d6ccff	-1.0
479	CCT	CCG	P	P	0.001397	palegreen	7.0
491	CCT	CCG	P	P	0.001702	palegreen	7.0
507	CCA	CCG	P	P	0.014828	palegreen	7.0
480	TGT	TGG	C	W	0.002940	#f1cdbaff	-2.0
392	TTT	TAT	F	Y	0.002549	#b5cdfaff	3.0
460	AAT	TAT	N	Y	0.001271	#f1cdbaff	-2.0
464	TTT	TAT	F	Y	0.034076	#b5cdfaff	3.0
486	TTT	TAT	F	Y	0.001243	#b5cdfaff	3.0
489	TAC	TAT	Y	Y	0.002570	palegreen	7.0
490	TTT	TAT	F	Y	0.002884	#b5cdfaff	3.0
501	AAT	TAT	N	Y	0.755535	#f1cdbaff	-2.0
505	TAC	TAT	Y	Y	0.004253	palegreen	7.0
508	TAC	TAT	Y	Y	0.001349	palegreen	7.0
351	TAT	TAC	Y	Y	0.011993	palegreen	7.0
360	AAC	TAC	N	Y	0.001185	#f1cdbaff	-2.0
365	TAT	TAC	Y	Y	0.044973	palegreen	7.0
369	TAT	TAC	Y	Y	0.024630	palegreen	7.0
380	TAT	TAC	Y	Y	0.032958	palegreen	7.0
396	TAT	TAC	Y	Y	0.014149	palegreen	7.0
449	TAT	TAC	Y	Y	0.460994	palegreen	7.0
453	TAT	TAC	Y	Y	0.017160	palegreen	7.0
473	TAT	TAC	Y	Y	0.055031	palegreen	7.0
495	TAT	TAC	Y	Y	0.011549	palegreen	7.0
501	AAT	TAC	N	Y	0.004817	#f1cdbaff	-2.0
358	ATC	TTT	I	F	0.043401	#dcddddff	0.0
365	TAT	TTT	Y	F	0.016711	#b5cdfaff	3.0
369	TAT	TTT	Y	F	0.006616	#b5cdfaff	3.0
453	TAT	TTT	Y	F	0.092456	#b5cdfaff	3.0
480	TGT	TTT	C	F	0.001608	#f1cdbaff	-2.0
497	TTC	TTT	F	F	0.002660	palegreen	6.0
501	AAT	TTT	N	F	0.001538	#f5c1a9ff	-3.0
342	TTT	TTC	F	F	0.012022	palegreen	6.0
347	TTT	TTC	F	F	0.082301	palegreen	6.0
358	ATC	TTC	I	F	0.040832	#dcddddff	0.0
367	GTC	TTC	V	F	0.048231	#e8d6ccff	-1.0
374	TTT	TTC	F	F	0.043681	palegreen	6.0
377	TTT	TTC	F	F	0.025555	palegreen	6.0
392	TTT	TTC	F	F	0.022537	palegreen	6.0
400	TTT	TTC	F	F	0.031340	palegreen	6.0
453	TAT	TTC	Y	F	0.012344	#b5cdfaff	3.0
456	TTT	TTC	F	F	0.054459	palegreen	6.0
464	TTT	TTC	F	F	0.028759	palegreen	6.0
486	TTT	TTC	F	F	0.085681	palegreen	6.0
490	TTT	TTC	F	F	0.081564	palegreen	6.0
508	TAC	TTC	Y	F	0.003190	#b5cdfaff	3.0
515	TTT	TTC	F	F	0.008196	palegreen	6.0
352	GCT	GTT	A	V	0.002324	#dcddddff	0.0
363	GCT	GTT	A	V	0.002454	#dcddddff	0.0
367	GTC	GTT	V	V	0.001775	palegreen	4.0
382	GTG	GTT	V	V	0.002640	palegreen	4.0
392	TTT	GTT	F	V	0.002235	#e8d6ccff	-1.0
400	TTT	GTT	F	V	0.001456	#e8d6ccff	-1.0
401	GTA	GTT	V	V	0.001895	palegreen	4.0
402	ATT	GTT	I	V	0.122058	#b5cdfaff	3.0
407	GTC	GTT	V	V	0.002657	palegreen	4.0
418	ATT	GTT	I	V	0.001812	#b5cdfaff	3.0
468	ATT	GTT	I	V	0.010522	#b5cdfaff	3.0
486	TTT	GTT	F	V	0.001083	#e8d6ccff	-1.0
510	GTA	GTT	V	V	0.003193	palegreen	4.0
511	GTA	GTT	V	V	0.002036	palegreen	4.0
512	GTA	GTT	V	V	0.001572	palegreen	4.0
515	TTT	GTT	F	V	0.001887	#e8d6ccff	-1.0
341	GTT	GTC	V	V	0.023730	palegreen	4.0
350	GTT	GTC	V	V	0.068217	palegreen	4.0
358	ATC	GTC	I	V	0.001568	#b5cdfaff	3.0
362	GTT	GTC	V	V	0.023509	palegreen	4.0
410	ATC	GTC	I	V	0.001534	#b5cdfaff	3.0
445	GTT	GTC	V	V	0.025658	palegreen	4.0
472	ATC	GTC	I	V	0.005161	#b5cdfaff	3.0
475	GCC	GTC	A	V	0.001660	#dcddddff	0.0
483	GTT	GTC	V	V	0.011407	palegreen	4.0
503	GTT	GTC	V	V	0.012739	palegreen	4.0
341	GTT	GTA	V	V	0.001321	palegreen	4.0
350	GTT	GTA	V	V	0.004877	palegreen	4.0
362	GTT	GTA	V	V	0.006385	palegreen	4.0
382	GTG	GTA	V	V	0.002154	palegreen	4.0
387	TTA	GTA	L	V	0.001201	#d1dae9ff	1.0
397	GCA	GTA	A	V	0.002374	#dcddddff	0.0
445	GTT	GTA	V	V	0.006347	palegreen	4.0
471	GAA	GTA	E	V	0.001451	#f1cdbaff	-2.0
483	GTT	GTA	V	V	0.004528	palegreen	4.0
503	GTT	GTA	V	V	0.002919	palegreen	4.0
362	GTT	GTG	V	V	0.038294	palegreen	4.0
367	GTC	GTG	V	V	0.023246	palegreen	4.0
401	GTA	GTG	V	V	0.025896	palegreen	4.0
407	GTC	GTG	V	V	0.011436	palegreen	4.0
445	GTT	GTG	V	V	0.018685	palegreen	4.0
483	GTT	GTG	V	V	0.071374	palegreen	4.0
503	GTT	GTG	V	V	0.102213	palegreen	4.0
510	GTA	GTG	V	V	0.107805	palegreen	4.0
511	GTA	GTG	V	V	0.096881	palegreen	4.0
512	GTA	GTG	V	V	0.104162	palegreen	4.0
373	TCA	TTA	S	L	0.002393	#f1cdbaff	-2.0
455	TTG	TTA	L	L	0.004421	palegreen	4.0
387	TTA	TTG	L	L	0.004407	palegreen	4.0
392	TTT	TTG	F	L	0.001178	#dcddddff	0.0
486	TTT	TTG	F	L	0.003800	#dcddddff	0.0
490	TTT	TTG	F	L	0.001067	#dcddddff	0.0
492	TTA	TTG	L	L	0.007841	palegreen	4.0
342	TTT	CTT	F	L	0.001224	#dcddddff	0.0
368	CTA	CTT	L	L	0.002174	palegreen	4.0
374	TTT	CTT	F	L	0.001836	#dcddddff	0.0
377	TTT	CTT	F	L	0.001071	#dcddddff	0.0
384	CCT	CTT	P	L	0.008977	#f5c1a9ff	-3.0
390	CTC	CTT	L	L	0.002492	palegreen	4.0
392	TTT	CTT	F	L	0.016533	#dcddddff	0.0
456	TTT	CTT	F	L	0.004233	#dcddddff	0.0
461	CTC	CTT	L	L	0.006684	palegreen	4.0
464	TTT	CTT	F	L	0.001807	#dcddddff	0.0
468	ATT	CTT	I	L	0.001577	#c3d5f4ff	2.0
486	TTT	CTT	F	L	0.001535	#dcddddff	0.0
490	TTT	CTT	F	L	0.001794	#dcddddff	0.0
515	TTT	CTT	F	L	0.001388	#dcddddff	0.0
358	ATC	CTC	I	L	0.002151	#c3d5f4ff	2.0
368	CTA	CTC	L	L	0.024518	palegreen	4.0
441	CTT	CTC	L	L	0.027837	palegreen	4.0
452	CTG	CTC	L	L	0.024047	palegreen	4.0
472	ATC	CTC	I	L	0.002692	#c3d5f4ff	2.0
492	TTA	CTC	L	L	0.085030	palegreen	4.0
513	CTT	CTC	L	L	0.032612	palegreen	4.0
387	TTA	CTA	L	L	0.007242	palegreen	4.0
441	CTT	CTA	L	L	0.005909	palegreen	4.0
452	CTG	CTA	L	L	0.003030	palegreen	4.0
492	TTA	CTA	L	L	0.010420	palegreen	4.0
493	CAA	CTA	Q	L	0.026267	#f1cdbaff	-2.0
368	CTA	CTG	L	L	0.003841	palegreen	4.0
387	TTA	CTG	L	L	0.017503	palegreen	4.0
390	CTC	CTG	L	L	0.016409	palegreen	4.0
441	CTT	CTG	L	L	0.015347	palegreen	4.0
455	TTG	CTG	L	L	0.035368	palegreen	4.0
461	CTC	CTG	L	L	0.030750	palegreen	4.0
513	CTT	CTG	L	L	0.092671	palegreen	4.0
341	GTT	ATT	V	I	0.001185	#b5cdfaff	3.0
358	ATC	ATT	I	I	0.003451	palegreen	4.0
362	GTT	ATT	V	I	0.005105	#b5cdfaff	3.0
365	TAT	ATT	Y	I	0.002121	#e8d6ccff	-1.0
410	ATC	ATT	I	I	0.012853	palegreen	4.0
460	AAT	ATT	N	I	0.014250	#f5c1a9ff	-3.0
472	ATC	ATT	I	I	0.042871	palegreen	4.0
483	GTT	ATT	V	I	0.001157	#b5cdfaff	3.0
503	GTT	ATT	V	I	0.006252	#b5cdfaff	3.0
367	GTC	ATC	V	I	0.001433	#b5cdfaff	3.0
395	GTC	ATC	V	I	0.001102	#b5cdfaff	3.0
402	ATT	ATC	I	I	0.005729	palegreen	4.0
407	GTC	ATC	V	I	0.003890	#b5cdfaff	3.0
418	ATT	ATC	I	I	0.027848	palegreen	4.0
468	ATT	ATC	I	I	0.044603	palegreen	4.0
357	AGA	ATA	R	I	0.001894	#f5c1a9ff	-3.0
410	ATC	ATA	I	I	0.003974	palegreen	4.0
418	ATT	ATA	I	I	0.019230	palegreen	4.0
468	ATT	ATA	I	I	0.004297	palegreen	4.0
472	ATC	ATA	I	I	0.001126	palegreen	4.0
478	ACA	ATA	T	I	0.002454	#e8d6ccff	-1.0
492	TTA	ATA	L	I	0.001484	#c3d5f4ff	2.0
344	GCC	GCT	A	A	0.045740	palegreen	4.0
348	GCA	GCT	A	A	0.002231	palegreen	4.0
350	GTT	GCT	V	A	0.001097	#dcddddff	0.0
362	GTT	GCT	V	A	0.004949	#dcddddff	0.0
372	GCA	GCT	A	A	0.015499	palegreen	4.0
383	TCT	GCT	S	A	0.002862	#d1dae9ff	1.0
385	ACT	GCT	T	A	0.002890	#dcddddff	0.0
393	ACT	GCT	T	A	0.002297	#dcddddff	0.0
397	GCA	GCT	A	A	0.018873	palegreen	4.0
415	ACT	GCT	T	A	0.001399	#dcddddff	0.0
442	GAT	GCT	D	A	0.002629	#f1cdbaff	-2.0
445	GTT	GCT	V	A	0.002563	#dcddddff	0.0
459	TCT	GCT	S	A	0.005580	#d1dae9ff	1.0
467	GAT	GCT	D	A	0.001671	#f1cdbaff	-2.0
470	ACT	GCT	T	A	0.009752	#dcddddff	0.0
475	GCC	GCT	A	A	0.052498	palegreen	4.0
483	GTT	GCT	V	A	0.022510	#dcddddff	0.0
500	ACT	GCT	T	A	0.001411	#dcddddff	0.0
501	AAT	GCT	N	A	0.004799	#f1cdbaff	-2.0
503	GTT	GCT	V	A	0.007115	#dcddddff	0.0
345	ACC	GCC	T	A	0.002179	#dcddddff	0.0
348	GCA	GCC	A	A	0.037154	palegreen	4.0
352	GCT	GCC	A	A	0.052305	palegreen	4.0
363	GCT	GCC	A	A	0.019872	palegreen	4.0
367	GTC	GCC	V	A	0.105367	#dcddddff	0.0
372	GCA	GCC	A	A	0.022413	palegreen	4.0
395	GTC	GCC	V	A	0.004431	#dcddddff	0.0
397	GCA	GCC	A	A	0.001727	palegreen	4.0
411	GCT	GCC	A	A	0.025968	palegreen	4.0
344	GCC	GCA	A	A	0.001872	palegreen	4.0
352	GCT	GCA	A	A	0.002008	palegreen	4.0
363	GCT	GCA	A	A	0.038337	palegreen	4.0
373	TCA	GCA	S	A	0.016918	#d1dae9ff	1.0
399	TCA	GCA	S	A	0.001977	#d1dae9ff	1.0
411	GCT	GCA	A	A	0.001781	palegreen	4.0
478	ACA	GCA	T	A	0.013371	#dcddddff	0.0
494	TCA	GCA	S	A	0.001750	#d1dae9ff	1.0
348	GCA	GCG	A	A	0.012206	palegreen	4.0
352	GCT	GCG	A	A	0.001020	palegreen	4.0
363	GCT	GCG	A	A	0.003029	palegreen	4.0
367	GTC	GCG	V	A	0.002138	#dcddddff	0.0
372	GCA	GCG	A	A	0.010586	palegreen	4.0
382	GTG	GCG	V	A	0.001175	#dcddddff	0.0
397	GCA	GCG	A	A	0.013350	palegreen	4.0
411	GCT	GCG	A	A	0.003346	palegreen	4.0
465	GAG	GCG	E	A	0.001873	#e8d6ccff	-1.0
475	GCC	GCG	A	A	0.001721	palegreen	4.0
381	GGA	GGT	G	G	0.008463	palegreen	6.0
389	GAT	GGT	D	G	0.001734	#e8d6ccff	-1.0
405	GAT	GGT	D	G	0.001372	#e8d6ccff	-1.0
483	GTT	GGT	V	G	0.004428	#f5c1a9ff	-3.0
488	TGT	GGT	C	G	0.001484	#f5c1a9ff	-3.0
503	GTT	GGT	V	G	0.001318	#f5c1a9ff	-3.0
359	AGC	GGC	S	G	0.005734	#dcddddff	0.0
381	GGA	GGC	G	G	0.001302	palegreen	6.0
391	TGC	GGC	C	G	0.001554	#f5c1a9ff	-3.0
395	GTC	GGC	V	G	0.001141	#f5c1a9ff	-3.0
404	GGT	GGC	G	G	0.021503	palegreen	6.0
407	GTC	GGC	V	G	0.001918	#f5c1a9ff	-3.0
413	GGG	GGC	G	G	0.001474	palegreen	6.0
416	GGA	GGC	G	G	0.005375	palegreen	6.0
446	GGT	GGC	G	G	0.016097	palegreen	6.0
447	GGT	GGC	G	G	0.023562	palegreen	6.0
476	GGT	GGC	G	G	0.049208	palegreen	6.0
477	AGC	GGC	S	G	0.016541	#dcddddff	0.0
482	GGT	GGC	G	G	0.006584	palegreen	6.0
485	GGT	GGC	G	G	0.078694	palegreen	6.0
496	GGT	GGC	G	G	0.106145	palegreen	6.0
502	GGT	GGC	G	G	0.014885	palegreen	6.0
504	GGT	GGC	G	G	0.112650	palegreen	6.0
346	AGA	GGA	R	G	0.001015	#f1cdbaff	-2.0
357	AGA	GGA	R	G	0.001126	#f1cdbaff	-2.0
401	GTA	GGA	V	G	0.001389	#f5c1a9ff	-3.0
404	GGT	GGA	G	G	0.018181	palegreen	6.0
408	AGA	GGA	R	G	0.013511	#f1cdbaff	-2.0
413	GGG	GGA	G	G	0.023193	palegreen	6.0
446	GGT	GGA	G	G	0.021168	palegreen	6.0
471	GAA	GGA	E	G	0.005564	#f1cdbaff	-2.0
476	GGT	GGA	G	G	0.002500	palegreen	6.0
482	GGT	GGA	G	G	0.058418	palegreen	6.0
484	GAA	GGA	E	G	0.003441	#f1cdbaff	-2.0
485	GGT	GGA	G	G	0.003574	palegreen	6.0
502	GGT	GGA	G	G	0.105530	palegreen	6.0
504	GGT	GGA	G	G	0.001386	palegreen	6.0
510	GTA	GGA	V	G	0.002287	#f5c1a9ff	-3.0
511	GTA	GGA	V	G	0.001587	#f5c1a9ff	-3.0
512	GTA	GGA	V	G	0.001270	#f5c1a9ff	-3.0
516	GAA	GGA	E	G	0.002402	#f1cdbaff	-2.0
381	GGA	GGG	G	G	0.028532	palegreen	6.0
404	GGT	GGG	G	G	0.007334	palegreen	6.0
416	GGA	GGG	G	G	0.022820	palegreen	6.0
465	GAG	GGG	E	G	0.003504	#f1cdbaff	-2.0
482	GGT	GGG	G	G	0.021768	palegreen	6.0
485	GGT	GGG	G	G	0.005417	palegreen	6.0
496	GGT	GGG	G	G	0.001652	palegreen	6.0
502	GGT	GGG	G	G	0.001920	palegreen	6.0
504	GGT	GGG	G	G	0.001210	palegreen	6.0
495	TAT	TAG	Y	*	0.001636	#f7b396ff	-4.0
387	TTA	TGA	L	*	0.001931	#f7b396ff	-4.0
492	TTA	TGA	L	*	0.003618	#f7b396ff	-4.0
