432	TGC	TGT	C	C	0.004141	palegreen	9.0
438	TCT	TGT	S	C	0.008710	#e8d6ccff	-1.0
443	TCT	TGT	S	C	0.002210	#e8d6ccff	-1.0
446	GGT	TGT	G	C	0.001120	#f5c1a9ff	-3.0
514	TCT	TGT	S	C	0.002662	#e8d6ccff	-1.0
436	TGG	TGC	W	C	0.001319	#f1cdbaff	-2.0
525	TGT	TGC	C	C	0.002534	palegreen	9.0
447	GGT	CGT	G	R	0.001471	#f1cdbaff	-2.0
463	CCT	CGT	P	R	0.001227	#f1cdbaff	-2.0
476	GGT	CGT	G	R	0.002178	#f1cdbaff	-2.0
479	CCT	CGT	P	R	0.002655	#f1cdbaff	-2.0
498	CAA	CGT	Q	R	0.004696	#d1dae9ff	1.0
519	CAT	CGT	H	R	0.001051	#dcddddff	0.0
525	TGT	CGT	C	R	0.008947	#f5c1a9ff	-3.0
431	GGC	CGC	G	R	0.001484	#f1cdbaff	-2.0
499	CCC	CGC	P	R	0.001779	#f1cdbaff	-2.0
452	CTG	CGA	L	R	0.002316	#f1cdbaff	-2.0
493	CAA	CGA	Q	R	0.056817	#d1dae9ff	1.0
498	CAA	CGA	Q	R	0.986892	#d1dae9ff	1.0
507	CCA	CGA	P	R	0.001334	#f1cdbaff	-2.0
521	CCA	CGA	P	R	0.009538	#f1cdbaff	-2.0
452	CTG	CGG	L	R	0.394065	#f1cdbaff	-2.0
474	CAG	CGG	Q	R	0.001321	#d1dae9ff	1.0
498	CAA	CGG	Q	R	0.001888	#d1dae9ff	1.0
460	AAT	AGA	N	R	0.051868	#dcddddff	0.0
462	AAA	AGA	K	R	0.004085	#c3d5f4ff	2.0
484	GAA	AGA	E	R	0.662141	#dcddddff	0.0
498	CAA	AGA	Q	R	0.001946	#d1dae9ff	1.0
444	AAG	AGG	K	R	0.152897	#c3d5f4ff	2.0
446	GGT	AGG	G	R	0.001050	#f1cdbaff	-2.0
454	AGA	AGG	R	R	0.002954	palegreen	5.0
458	AAG	AGG	K	R	0.001156	#c3d5f4ff	2.0
466	AGA	AGG	R	R	0.001379	palegreen	5.0
484	GAA	AGG	E	R	0.003618	#dcddddff	0.0
509	AGA	AGG	R	R	0.001289	palegreen	5.0
434	ATA	AAA	I	K	0.001139	#f5c1a9ff	-3.0
440	AAT	AAA	N	K	0.001939	#dcddddff	0.0
460	AAT	AAA	N	K	0.344639	#dcddddff	0.0
466	AGA	AAA	R	K	0.001475	#c3d5f4ff	2.0
478	ACA	AAA	T	K	0.991049	#e8d6ccff	-1.0
481	AAT	AAA	N	K	0.001218	#dcddddff	0.0
439	AAC	AAG	N	K	0.004103	#dcddddff	0.0
440	AAT	AAG	N	K	0.989990	#dcddddff	0.0
452	CTG	AAG	L	K	0.004895	#f1cdbaff	-2.0
460	AAT	AAG	N	K	0.582418	#dcddddff	0.0
462	AAA	AAG	K	K	0.002343	palegreen	5.0
462	AAA	GAA	K	E	0.001070	#d1dae9ff	1.0
467	GAT	GAA	D	E	0.001053	#c3d5f4ff	2.0
510	GTA	GAA	V	E	0.001506	#f1cdbaff	-2.0
511	GTA	GAA	V	E	0.001222	#f1cdbaff	-2.0
520	GCA	GAA	A	E	0.001030	#e8d6ccff	-1.0
516	GAA	CAA	E	Q	0.018852	#c3d5f4ff	2.0
518	CTA	CAA	L	Q	0.002965	#f1cdbaff	-2.0
519	CAT	CAA	H	Q	0.003929	#dcddddff	0.0
521	CCA	CAA	P	Q	0.003109	#e8d6ccff	-1.0
452	CTG	CAG	L	Q	0.001588	#f1cdbaff	-2.0
465	GAG	CAG	E	Q	0.002324	#c3d5f4ff	2.0
506	CAA	CAG	Q	Q	0.002878	palegreen	5.0
519	CAT	CAG	H	Q	0.001287	#dcddddff	0.0
450	AAT	GAT	N	D	0.562577	#d1dae9ff	1.0
471	GAA	GAT	E	D	0.004442	#c3d5f4ff	2.0
503	GTT	GAT	V	D	0.001412	#f5c1a9ff	-3.0
516	GAA	GAT	E	D	0.003039	#c3d5f4ff	2.0
519	CAT	GAT	H	D	0.004997	#e8d6ccff	-1.0
439	AAC	AAT	N	N	0.002111	palegreen	6.0
478	ACA	AAT	T	N	0.001366	#dcddddff	0.0
519	CAT	AAT	H	N	0.001543	#d1dae9ff	1.0
437	AAT	AAC	N	N	0.052517	palegreen	6.0
440	AAT	AAC	N	N	0.002652	palegreen	6.0
451	TAC	AAC	Y	N	0.001084	#f1cdbaff	-2.0
458	AAG	AAC	K	N	0.002303	#dcddddff	0.0
462	AAA	AAC	K	N	0.001013	#dcddddff	0.0
477	AGC	AAC	S	N	0.994806	#d1dae9ff	1.0
478	ACA	AAC	T	N	0.001302	#dcddddff	0.0
430	ACA	ACT	T	T	0.001268	palegreen	5.0
438	TCT	ACT	S	T	0.001677	#d1dae9ff	1.0
459	TCT	ACT	S	T	0.003571	#d1dae9ff	1.0
514	TCT	ACT	S	T	0.002335	#d1dae9ff	1.0
527	CCT	ACT	P	T	0.002891	#e8d6ccff	-1.0
470	ACT	ACC	T	T	0.001664	palegreen	5.0
523	ACT	ACC	T	T	0.001402	palegreen	5.0
469	TCA	ACA	S	T	0.001610	#d1dae9ff	1.0
470	ACT	ACA	T	T	0.002633	palegreen	5.0
500	ACT	ACA	T	T	0.021797	palegreen	5.0
509	AGA	ACA	R	T	0.001334	#e8d6ccff	-1.0
520	GCA	ACA	A	T	0.001962	#dcddddff	0.0
522	GCA	ACA	A	T	0.001190	#dcddddff	0.0
523	ACT	ACA	T	T	0.004634	palegreen	5.0
430	ACA	ACG	T	T	0.001074	palegreen	5.0
444	AAG	ACG	K	T	0.267948	#e8d6ccff	-1.0
523	ACT	ACG	T	T	0.001518	palegreen	5.0
435	GCT	TCT	A	S	0.009406	#d1dae9ff	1.0
469	TCA	TCT	S	S	0.002408	palegreen	4.0
470	ACT	TCT	T	S	0.003974	#d1dae9ff	1.0
490	TTT	TCT	F	S	0.001891	#f1cdbaff	-2.0
494	TCA	TCT	S	S	0.005628	palegreen	4.0
523	ACT	TCT	T	S	0.001512	#d1dae9ff	1.0
527	CCT	TCT	P	S	0.006552	#e8d6ccff	-1.0
432	TGC	TCC	C	S	0.001740	#e8d6ccff	-1.0
514	TCT	TCC	S	S	0.002535	palegreen	4.0
438	TCT	TCA	S	S	0.001766	palegreen	4.0
459	TCT	TCA	S	S	0.001565	palegreen	4.0
514	TCT	TCA	S	S	0.003586	palegreen	4.0
521	CCA	TCA	P	S	0.002006	#e8d6ccff	-1.0
436	TGG	TCG	W	S	0.001262	#f5c1a9ff	-3.0
469	TCA	TCG	S	S	0.011662	palegreen	4.0
446	GGT	AGT	G	S	0.531121	#dcddddff	0.0
454	AGA	AGT	R	S	0.001184	#e8d6ccff	-1.0
466	AGA	AGT	R	S	0.001509	#e8d6ccff	-1.0
476	GGT	AGT	G	S	0.001037	#dcddddff	0.0
481	AAT	AGT	N	S	0.002845	#d1dae9ff	1.0
484	GAA	AGT	E	S	0.001509	#dcddddff	0.0
496	GGT	AGT	G	S	0.202156	#dcddddff	0.0
523	ACT	AGT	T	S	0.001596	#d1dae9ff	1.0
446	GGT	AGC	G	S	0.001495	#dcddddff	0.0
442	GAT	CAT	D	H	0.001701	#e8d6ccff	-1.0
453	TAT	CAT	Y	H	0.001774	#c3d5f4ff	2.0
493	CAA	CAT	Q	H	0.001449	#dcddddff	0.0
505	TAC	CAT	Y	H	0.001289	#c3d5f4ff	2.0
517	CTT	CAT	L	H	0.007447	#f5c1a9ff	-3.0
505	TAC	CAC	Y	H	0.956107	#c3d5f4ff	2.0
508	TAC	CAC	Y	H	0.001912	#c3d5f4ff	2.0
519	CAT	CAC	H	H	0.013372	palegreen	8.0
444	AAG	ATG	K	M	0.001370	#e8d6ccff	-1.0
452	CTG	ATG	L	M	0.561745	#c3d5f4ff	2.0
455	TTG	ATG	L	M	0.002335	#c3d5f4ff	2.0
435	GCT	CCT	A	P	0.001337	#e8d6ccff	-1.0
470	ACT	CCT	T	P	0.001422	#e8d6ccff	-1.0
521	CCA	CCT	P	P	0.049943	palegreen	7.0
463	CCT	CCC	P	P	0.004288	palegreen	7.0
479	CCT	CCC	P	P	0.009399	palegreen	7.0
463	CCT	CCA	P	P	0.001118	palegreen	7.0
479	CCT	CCA	P	P	0.004949	palegreen	7.0
491	CCT	CCA	P	P	0.001501	palegreen	7.0
494	TCA	CCA	S	P	0.001364	#e8d6ccff	-1.0
499	CCC	CCA	P	P	0.056915	palegreen	7.0
518	CTA	CCA	L	P	0.002003	#f5c1a9ff	-3.0
520	GCA	CCA	A	P	0.006588	#e8d6ccff	-1.0
522	GCA	CCA	A	P	0.003285	#e8d6ccff	-1.0
463	CCT	CCG	P	P	0.001003	palegreen	7.0
491	CCT	CCG	P	P	0.002311	palegreen	7.0
499	CCC	CCG	P	P	0.001971	palegreen	7.0
521	CCA	CCG	P	P	0.003539	palegreen	7.0
432	TGC	TGG	C	W	0.003055	#f1cdbaff	-2.0
438	TCT	TAT	S	Y	0.001744	#f1cdbaff	-2.0
448	AAT	TAT	N	Y	0.001926	#f1cdbaff	-2.0
450	AAT	TAT	N	Y	0.001996	#f1cdbaff	-2.0
464	TTT	TAT	F	Y	0.001307	#b5cdfaff	3.0
490	TTT	TAT	F	Y	0.003564	#b5cdfaff	3.0
501	AAT	TAT	N	Y	0.994506	#f1cdbaff	-2.0
508	TAC	TAT	Y	Y	0.003502	palegreen	7.0
515	TTT	TAT	F	Y	0.001054	#b5cdfaff	3.0
439	AAC	TAC	N	Y	0.002458	#f1cdbaff	-2.0
453	TAT	TAC	Y	Y	0.001092	palegreen	7.0
495	TAT	TAC	Y	Y	0.001098	palegreen	7.0
449	TAT	TTT	Y	F	0.001524	#b5cdfaff	3.0
453	TAT	TTT	Y	F	0.006197	#b5cdfaff	3.0
445	GTT	TTC	V	F	0.002031	#e8d6ccff	-1.0
451	TAC	TTC	Y	F	0.001300	#b5cdfaff	3.0
456	TTT	TTC	F	F	0.002602	palegreen	6.0
464	TTT	TTC	F	F	0.002092	palegreen	6.0
490	TTT	TTC	F	F	0.001882	palegreen	6.0
508	TAC	TTC	Y	F	0.001537	#b5cdfaff	3.0
515	TTT	TTC	F	F	0.003563	palegreen	6.0
441	CTT	GTT	L	V	0.003838	#d1dae9ff	1.0
467	GAT	GTT	D	V	0.001062	#f5c1a9ff	-3.0
486	TTT	GTT	F	V	0.113484	#e8d6ccff	-1.0
490	TTT	GTT	F	V	0.003664	#e8d6ccff	-1.0
510	GTA	GTT	V	V	0.001452	palegreen	4.0
511	GTA	GTT	V	V	0.001102	palegreen	4.0
512	GTA	GTT	V	V	0.001362	palegreen	4.0
513	CTT	GTT	L	V	0.001762	#d1dae9ff	1.0
445	GTT	GTC	V	V	0.337367	palegreen	4.0
503	GTT	GTC	V	V	0.010158	palegreen	4.0
433	GTT	GTA	V	V	0.001760	palegreen	4.0
471	GAA	GTA	E	V	0.001128	#f1cdbaff	-2.0
503	GTT	GTA	V	V	0.002854	palegreen	4.0
520	GCA	GTA	A	V	0.001551	#dcddddff	0.0
445	GTT	GTG	V	V	0.001455	palegreen	4.0
465	GAG	GTG	E	V	0.001468	#f1cdbaff	-2.0
511	GTA	GTG	V	V	0.001998	palegreen	4.0
524	GTT	GTG	V	V	0.002228	palegreen	4.0
434	ATA	TTA	I	L	0.010539	#c3d5f4ff	2.0
455	TTG	TTA	L	L	0.001173	palegreen	4.0
518	CTA	TTA	L	L	0.009068	palegreen	4.0
433	GTT	CTT	V	L	0.001402	#d1dae9ff	1.0
518	CTA	CTT	L	L	0.006804	palegreen	4.0
441	CTT	CTC	L	L	0.005940	palegreen	4.0
517	CTT	CTC	L	L	0.001190	palegreen	4.0
441	CTT	CTA	L	L	0.002114	palegreen	4.0
492	TTA	CTA	L	L	0.002498	palegreen	4.0
513	CTT	CTA	L	L	0.001802	palegreen	4.0
517	CTT	CTA	L	L	0.003243	palegreen	4.0
518	CTA	CTG	L	L	0.001088	palegreen	4.0
434	ATA	ATT	I	I	0.007524	palegreen	4.0
437	AAT	ATT	N	I	0.001230	#f5c1a9ff	-3.0
472	ATC	ATT	I	I	0.007536	palegreen	4.0
481	AAT	ATT	N	I	0.001037	#f5c1a9ff	-3.0
461	CTC	ATC	L	I	0.001163	#c3d5f4ff	2.0
468	ATT	ATC	I	I	0.003773	palegreen	4.0
430	ACA	ATA	T	I	0.020174	#e8d6ccff	-1.0
492	TTA	ATA	L	I	0.001928	#c3d5f4ff	2.0
503	GTT	ATA	V	I	0.001604	#b5cdfaff	3.0
445	GTT	GCT	V	A	0.001687	#dcddddff	0.0
463	CCT	GCT	P	A	0.001572	#e8d6ccff	-1.0
470	ACT	GCT	T	A	0.001074	#dcddddff	0.0
475	GCC	GCT	A	A	0.004516	palegreen	4.0
476	GGT	GCT	G	A	0.001948	#dcddddff	0.0
484	GAA	GCT	E	A	0.001417	#e8d6ccff	-1.0
500	ACT	GCT	T	A	0.001736	#dcddddff	0.0
503	GTT	GCT	V	A	0.002374	#dcddddff	0.0
520	GCA	GCT	A	A	0.001003	palegreen	4.0
522	GCA	GCT	A	A	0.003536	palegreen	4.0
527	CCT	GCT	P	A	0.010148	#e8d6ccff	-1.0
431	GGC	GCC	G	A	0.001670	#dcddddff	0.0
435	GCT	GCC	A	A	0.002282	palegreen	4.0
435	GCT	GCA	A	A	0.001453	palegreen	4.0
475	GCC	GCA	A	A	0.002548	palegreen	4.0
484	GAA	GCA	E	A	0.324724	#e8d6ccff	-1.0
521	CCA	GCA	P	A	0.001751	#e8d6ccff	-1.0
520	GCA	GCG	A	A	0.001813	palegreen	4.0
522	GCA	GCG	A	A	0.009136	palegreen	4.0
431	GGC	GGT	G	G	0.002331	palegreen	6.0
435	GCT	GGT	A	G	0.008125	#dcddddff	0.0
445	GTT	GGT	V	G	0.002292	#f5c1a9ff	-3.0
524	GTT	GGT	V	G	0.001435	#f5c1a9ff	-3.0
526	GGA	GGT	G	G	0.001201	palegreen	6.0
446	GGT	GGC	G	G	0.001286	palegreen	6.0
447	GGT	GGC	G	G	0.003700	palegreen	6.0
482	GGT	GGC	G	G	0.001082	palegreen	6.0
496	GGT	GGC	G	G	0.002390	palegreen	6.0
431	GGC	GGA	G	G	0.001434	palegreen	6.0
471	GAA	GGA	E	G	0.001456	#f1cdbaff	-2.0
476	GGT	GGA	G	G	0.001732	palegreen	6.0
482	GGT	GGA	G	G	0.002716	palegreen	6.0
493	CAA	GGA	Q	G	0.114158	#f1cdbaff	-2.0
496	GGT	GGA	G	G	0.001203	palegreen	6.0
502	GGT	GGA	G	G	0.002616	palegreen	6.0
504	GGT	GGA	G	G	0.002863	palegreen	6.0
520	GCA	GGA	A	G	0.013405	#dcddddff	0.0
522	GCA	GGA	A	G	0.001194	#dcddddff	0.0
431	GGC	GGG	G	G	0.001593	palegreen	6.0
452	CTG	GGG	L	G	0.001037	#f7b396ff	-4.0
482	GGT	GGG	G	G	0.001159	palegreen	6.0
526	GGA	GGG	G	G	0.001051	palegreen	6.0
