351	TAT	TGT	Y	C	0.001490	#f1cdbaff	-2.0
365	TAT	TGT	Y	C	0.002267	#f1cdbaff	-2.0
369	TAT	TGT	Y	C	0.009110	#f1cdbaff	-2.0
391	TGC	TGT	C	C	0.005341	palegreen	9.0
392	TTT	TGT	F	C	0.002056	#f1cdbaff	-2.0
396	TAT	TGT	Y	C	0.004559	#f1cdbaff	-2.0
400	TTT	TGT	F	C	0.001279	#f1cdbaff	-2.0
453	TAT	TGT	Y	C	0.001665	#f1cdbaff	-2.0
486	TTT	TGT	F	C	0.004713	#f1cdbaff	-2.0
490	TTT	TGT	F	C	0.002758	#f1cdbaff	-2.0
515	TTT	TGT	F	C	0.001042	#f1cdbaff	-2.0
359	AGC	TGC	S	C	0.004433	#e8d6ccff	-1.0
361	TGT	TGC	C	C	0.030227	palegreen	9.0
379	TGT	TGC	C	C	0.029039	palegreen	9.0
451	TAC	TGC	Y	C	0.001907	#f1cdbaff	-2.0
480	TGT	TGC	C	C	0.018291	palegreen	9.0
488	TGT	TGC	C	C	0.035115	palegreen	9.0
497	TTC	TGC	F	C	0.001193	#f1cdbaff	-2.0
508	TAC	TGC	Y	C	0.004087	#f1cdbaff	-2.0
361	TGT	CGT	C	R	0.002619	#f5c1a9ff	-3.0
446	GGT	CGT	G	R	0.002779	#f1cdbaff	-2.0
493	CAA	CGT	Q	R	0.001121	#d1dae9ff	1.0
498	CAA	CGT	Q	R	0.016197	#d1dae9ff	1.0
513	CTT	CGT	L	R	0.001024	#f1cdbaff	-2.0
359	AGC	CGC	S	R	0.002092	#e8d6ccff	-1.0
390	CTC	CGC	L	R	0.003333	#f1cdbaff	-2.0
391	TGC	CGC	C	R	0.032034	#f5c1a9ff	-3.0
498	CAA	CGC	Q	R	0.015555	#d1dae9ff	1.0
346	AGA	CGA	R	R	0.005796	palegreen	5.0
357	AGA	CGA	R	R	0.002436	palegreen	5.0
373	TCA	CGA	S	R	0.001511	#e8d6ccff	-1.0
381	GGA	CGA	G	R	0.001529	#f1cdbaff	-2.0
408	AGA	CGA	R	R	0.011828	palegreen	5.0
409	CAA	CGA	Q	R	0.001341	#d1dae9ff	1.0
414	CAA	CGA	Q	R	0.013652	#d1dae9ff	1.0
454	AGA	CGA	R	R	0.003293	palegreen	5.0
466	AGA	CGA	R	R	0.001188	palegreen	5.0
493	CAA	CGA	Q	R	0.151445	#d1dae9ff	1.0
498	CAA	CGA	Q	R	0.922874	#d1dae9ff	1.0
509	AGA	CGA	R	R	0.004066	palegreen	5.0
355	AGG	CGG	R	R	0.002066	palegreen	5.0
413	GGG	CGG	G	R	0.001527	#f1cdbaff	-2.0
452	CTG	CGG	L	R	0.004644	#f1cdbaff	-2.0
457	AGG	CGG	R	R	0.002718	palegreen	5.0
474	CAG	CGG	Q	R	0.009164	#d1dae9ff	1.0
493	CAA	CGG	Q	R	0.002655	#d1dae9ff	1.0
498	CAA	CGG	Q	R	0.028931	#d1dae9ff	1.0
355	AGG	AGA	R	R	0.006779	palegreen	5.0
381	GGA	AGA	G	R	0.002518	#f1cdbaff	-2.0
386	AAA	AGA	K	R	0.011676	#c3d5f4ff	2.0
446	GGT	AGA	G	R	0.005265	#f1cdbaff	-2.0
457	AGG	AGA	R	R	0.004912	palegreen	5.0
462	AAA	AGA	K	R	0.033589	#c3d5f4ff	2.0
478	ACA	AGA	T	R	0.020339	#e8d6ccff	-1.0
498	CAA	AGA	Q	R	0.007543	#d1dae9ff	1.0
346	AGA	AGG	R	R	0.021480	palegreen	5.0
354	AAC	AGG	N	R	0.001255	#dcddddff	0.0
356	AAG	AGG	K	R	0.052379	#c3d5f4ff	2.0
357	AGA	AGG	R	R	0.061988	palegreen	5.0
359	AGC	AGG	S	R	0.001593	#e8d6ccff	-1.0
378	AAG	AGG	K	R	0.048051	#c3d5f4ff	2.0
403	AGA	AGG	R	R	0.041875	palegreen	5.0
408	AGA	AGG	R	R	0.042750	palegreen	5.0
413	GGG	AGG	G	R	0.002848	#f1cdbaff	-2.0
440	AAT	AGG	N	R	0.009873	#dcddddff	0.0
444	AAG	AGG	K	R	0.014853	#c3d5f4ff	2.0
446	GGT	AGG	G	R	0.001910	#f1cdbaff	-2.0
454	AGA	AGG	R	R	0.034642	palegreen	5.0
458	AAG	AGG	K	R	0.018119	#c3d5f4ff	2.0
460	AAT	AGG	N	R	0.001648	#dcddddff	0.0
466	AGA	AGG	R	R	0.038169	palegreen	5.0
509	AGA	AGG	R	R	0.022732	palegreen	5.0
340	GAA	AAA	E	K	0.001580	#d1dae9ff	1.0
346	AGA	AAA	R	K	0.004941	#c3d5f4ff	2.0
354	AAC	AAA	N	K	0.001584	#dcddddff	0.0
356	AAG	AAA	K	K	0.003413	palegreen	5.0
357	AGA	AAA	R	K	0.002459	#c3d5f4ff	2.0
360	AAC	AAA	N	K	0.003166	#dcddddff	0.0
370	AAT	AAA	N	K	0.015222	#dcddddff	0.0
378	AAG	AAA	K	K	0.003287	palegreen	5.0
388	AAT	AAA	N	K	0.007306	#dcddddff	0.0
394	AAT	AAA	N	K	0.001708	#dcddddff	0.0
408	AGA	AAA	R	K	0.005069	#c3d5f4ff	2.0
409	CAA	AAA	Q	K	0.001098	#d1dae9ff	1.0
414	CAA	AAA	Q	K	0.001850	#d1dae9ff	1.0
417	AAG	AAA	K	K	0.003609	palegreen	5.0
440	AAT	AAA	N	K	0.003058	#dcddddff	0.0
444	AAG	AAA	K	K	0.002980	palegreen	5.0
450	AAT	AAA	N	K	0.001428	#dcddddff	0.0
458	AAG	AAA	K	K	0.001929	palegreen	5.0
460	AAT	AAA	N	K	0.108824	#dcddddff	0.0
466	AGA	AAA	R	K	0.002216	#c3d5f4ff	2.0
471	GAA	AAA	E	K	0.002407	#d1dae9ff	1.0
478	ACA	AAA	T	K	0.897646	#e8d6ccff	-1.0
481	AAT	AAA	N	K	0.005513	#dcddddff	0.0
484	GAA	AAA	E	K	0.019593	#d1dae9ff	1.0
354	AAC	AAG	N	K	0.007518	#dcddddff	0.0
360	AAC	AAG	N	K	0.001956	#dcddddff	0.0
370	AAT	AAG	N	K	0.002180	#dcddddff	0.0
386	AAA	AAG	K	K	0.026995	palegreen	5.0
388	AAT	AAG	N	K	0.001101	#dcddddff	0.0
394	AAT	AAG	N	K	0.001177	#dcddddff	0.0
440	AAT	AAG	N	K	0.943025	#dcddddff	0.0
452	CTG	AAG	L	K	0.002485	#f1cdbaff	-2.0
457	AGG	AAG	R	K	0.001049	#c3d5f4ff	2.0
460	AAT	AAG	N	K	0.119352	#dcddddff	0.0
462	AAA	AAG	K	K	0.026374	palegreen	5.0
478	ACA	AAG	T	K	0.019673	#e8d6ccff	-1.0
481	AAT	AAG	N	K	0.002456	#dcddddff	0.0
487	AAT	AAG	N	K	0.001491	#dcddddff	0.0
339	GGT	GAA	G	E	0.008923	#f1cdbaff	-2.0
360	AAC	GAA	N	E	0.001112	#dcddddff	0.0
364	GAT	GAA	D	E	0.002133	#c3d5f4ff	2.0
386	AAA	GAA	K	E	0.021921	#d1dae9ff	1.0
389	GAT	GAA	D	E	0.014669	#c3d5f4ff	2.0
405	GAT	GAA	D	E	0.007600	#c3d5f4ff	2.0
414	CAA	GAA	Q	E	0.006278	#c3d5f4ff	2.0
462	AAA	GAA	K	E	0.022351	#d1dae9ff	1.0
465	GAG	GAA	E	E	0.002294	palegreen	5.0
478	ACA	GAA	T	E	0.016443	#e8d6ccff	-1.0
503	GTT	GAA	V	E	0.001331	#f1cdbaff	-2.0
339	GGT	GAG	G	E	0.005171	#f1cdbaff	-2.0
340	GAA	GAG	E	E	0.060526	palegreen	5.0
356	AAG	GAG	K	E	0.007805	#d1dae9ff	1.0
378	AAG	GAG	K	E	0.003843	#d1dae9ff	1.0
389	GAT	GAG	D	E	0.007493	#c3d5f4ff	2.0
398	GAT	GAG	D	E	0.003357	#c3d5f4ff	2.0
405	GAT	GAG	D	E	0.003100	#c3d5f4ff	2.0
406	GAA	GAG	E	E	0.051275	palegreen	5.0
440	AAT	GAG	N	E	0.018212	#dcddddff	0.0
444	AAG	GAG	K	E	0.024533	#d1dae9ff	1.0
458	AAG	GAG	K	E	0.018620	#d1dae9ff	1.0
471	GAA	GAG	E	E	0.032310	palegreen	5.0
478	ACA	GAG	T	E	0.002097	#e8d6ccff	-1.0
373	TCA	CAA	S	Q	0.001332	#dcddddff	0.0
406	GAA	CAA	E	Q	0.002509	#c3d5f4ff	2.0
462	AAA	CAA	K	Q	0.001664	#d1dae9ff	1.0
474	CAG	CAA	Q	Q	0.003364	palegreen	5.0
478	ACA	CAA	T	Q	0.001051	#e8d6ccff	-1.0
356	AAG	CAG	K	Q	0.003458	#d1dae9ff	1.0
378	AAG	CAG	K	Q	0.005181	#d1dae9ff	1.0
409	CAA	CAG	Q	Q	0.029967	palegreen	5.0
414	CAA	CAG	Q	Q	0.040570	palegreen	5.0
440	AAT	CAG	N	Q	0.001875	#dcddddff	0.0
444	AAG	CAG	K	Q	0.004894	#d1dae9ff	1.0
452	CTG	CAG	L	Q	0.038541	#f1cdbaff	-2.0
458	AAG	CAG	K	Q	0.001857	#d1dae9ff	1.0
493	CAA	CAG	Q	Q	0.027367	palegreen	5.0
506	CAA	CAG	Q	Q	0.050384	palegreen	5.0
339	GGT	GAT	G	D	0.906576	#e8d6ccff	-1.0
340	GAA	GAT	E	D	0.009487	#c3d5f4ff	2.0
352	GCT	GAT	A	D	0.001227	#f1cdbaff	-2.0
362	GTT	GAT	V	D	0.004433	#f5c1a9ff	-3.0
370	AAT	GAT	N	D	0.011246	#d1dae9ff	1.0
388	AAT	GAT	N	D	0.013410	#d1dae9ff	1.0
394	AAT	GAT	N	D	0.008565	#d1dae9ff	1.0
396	TAT	GAT	Y	D	0.001136	#f5c1a9ff	-3.0
406	GAA	GAT	E	D	0.005971	#c3d5f4ff	2.0
417	AAG	GAT	K	D	0.002360	#e8d6ccff	-1.0
448	AAT	GAT	N	D	0.001362	#d1dae9ff	1.0
450	AAT	GAT	N	D	0.027513	#d1dae9ff	1.0
460	AAT	GAT	N	D	0.003239	#d1dae9ff	1.0
471	GAA	GAT	E	D	0.018054	#c3d5f4ff	2.0
481	AAT	GAT	N	D	0.016426	#d1dae9ff	1.0
482	GGT	GAT	G	D	0.007095	#e8d6ccff	-1.0
483	GTT	GAT	V	D	0.009671	#f5c1a9ff	-3.0
501	AAT	GAT	N	D	0.001349	#d1dae9ff	1.0
503	GTT	GAT	V	D	0.012443	#f5c1a9ff	-3.0
504	GGT	GAT	G	D	0.001427	#e8d6ccff	-1.0
339	GGT	GAC	G	D	0.032967	#e8d6ccff	-1.0
340	GAA	GAC	E	D	0.003338	#c3d5f4ff	2.0
343	AAC	GAC	N	D	0.002517	#d1dae9ff	1.0
354	AAC	GAC	N	D	0.066196	#d1dae9ff	1.0
360	AAC	GAC	N	D	0.028414	#d1dae9ff	1.0
364	GAT	GAC	D	D	0.058099	palegreen	6.0
367	GTC	GAC	V	D	0.003928	#f5c1a9ff	-3.0
389	GAT	GAC	D	D	0.036503	palegreen	6.0
398	GAT	GAC	D	D	0.024623	palegreen	6.0
405	GAT	GAC	D	D	0.034550	palegreen	6.0
442	GAT	GAC	D	D	0.031672	palegreen	6.0
467	GAT	GAC	D	D	0.012015	palegreen	6.0
471	GAA	GAC	E	D	0.003298	#c3d5f4ff	2.0
477	AGC	GAC	S	D	0.006136	#dcddddff	0.0
508	TAC	GAC	Y	D	0.004594	#f5c1a9ff	-3.0
339	GGT	AAT	G	N	0.002915	#dcddddff	0.0
343	AAC	AAT	N	N	0.015561	palegreen	6.0
354	AAC	AAT	N	N	0.008384	palegreen	6.0
360	AAC	AAT	N	N	0.003356	palegreen	6.0
364	GAT	AAT	D	N	0.005763	#d1dae9ff	1.0
369	TAT	AAT	Y	N	0.006972	#f1cdbaff	-2.0
376	ACT	AAT	T	N	0.002098	#dcddddff	0.0
385	ACT	AAT	T	N	0.002242	#dcddddff	0.0
386	AAA	AAT	K	N	0.002499	#dcddddff	0.0
389	GAT	AAT	D	N	0.002845	#d1dae9ff	1.0
396	TAT	AAT	Y	N	0.005157	#f1cdbaff	-2.0
405	GAT	AAT	D	N	0.001554	#d1dae9ff	1.0
417	AAG	AAT	K	N	0.464800	#dcddddff	0.0
439	AAC	AAT	N	N	0.002407	palegreen	6.0
444	AAG	AAT	K	N	0.001106	#dcddddff	0.0
446	GGT	AAT	G	N	0.005034	#dcddddff	0.0
462	AAA	AAT	K	N	0.001866	#dcddddff	0.0
468	ATT	AAT	I	N	0.003956	#f5c1a9ff	-3.0
470	ACT	AAT	T	N	0.003710	#dcddddff	0.0
471	GAA	AAT	E	N	0.001479	#dcddddff	0.0
477	AGC	AAT	S	N	0.005697	#d1dae9ff	1.0
478	ACA	AAT	T	N	0.001593	#dcddddff	0.0
345	ACC	AAC	T	N	0.002700	#dcddddff	0.0
359	AGC	AAC	S	N	0.006734	#d1dae9ff	1.0
370	AAT	AAC	N	N	0.024081	palegreen	6.0
388	AAT	AAC	N	N	0.020109	palegreen	6.0
394	AAT	AAC	N	N	0.038478	palegreen	6.0
417	AAG	AAC	K	N	0.005155	#dcddddff	0.0
437	AAT	AAC	N	N	0.050135	palegreen	6.0
440	AAT	AAC	N	N	0.001739	palegreen	6.0
448	AAT	AAC	N	N	0.017369	palegreen	6.0
450	AAT	AAC	N	N	0.039828	palegreen	6.0
458	AAG	AAC	K	N	0.001782	#dcddddff	0.0
460	AAT	AAC	N	N	0.026259	palegreen	6.0
462	AAA	AAC	K	N	0.003294	#dcddddff	0.0
477	AGC	AAC	S	N	0.945579	#d1dae9ff	1.0
478	ACA	AAC	T	N	0.002396	#dcddddff	0.0
481	AAT	AAC	N	N	0.053293	palegreen	6.0
487	AAT	AAC	N	N	0.027412	palegreen	6.0
345	ACC	ACT	T	T	0.011463	palegreen	5.0
349	TCT	ACT	S	T	0.001096	#d1dae9ff	1.0
352	GCT	ACT	A	T	0.001977	#dcddddff	0.0
363	GCT	ACT	A	T	0.005415	#dcddddff	0.0
366	TCT	ACT	S	T	0.002081	#d1dae9ff	1.0
370	AAT	ACT	N	T	0.001674	#dcddddff	0.0
383	TCT	ACT	S	T	0.006386	#d1dae9ff	1.0
394	AAT	ACT	N	T	0.004365	#dcddddff	0.0
411	GCT	ACT	A	T	0.001514	#dcddddff	0.0
417	AAG	ACT	K	T	0.009824	#e8d6ccff	-1.0
437	AAT	ACT	N	T	0.002651	#dcddddff	0.0
438	TCT	ACT	S	T	0.003918	#d1dae9ff	1.0
448	AAT	ACT	N	T	0.001191	#dcddddff	0.0
450	AAT	ACT	N	T	0.001431	#dcddddff	0.0
459	TCT	ACT	S	T	0.007036	#d1dae9ff	1.0
460	AAT	ACT	N	T	0.004019	#dcddddff	0.0
468	ATT	ACT	I	T	0.053730	#e8d6ccff	-1.0
514	TCT	ACT	S	T	0.005819	#d1dae9ff	1.0
343	AAC	ACC	N	T	0.003604	#dcddddff	0.0
344	GCC	ACC	A	T	0.004805	#dcddddff	0.0
354	AAC	ACC	N	T	0.005972	#dcddddff	0.0
359	AGC	ACC	S	T	0.005893	#d1dae9ff	1.0
360	AAC	ACC	N	T	0.002263	#dcddddff	0.0
375	TCC	ACC	S	T	0.004916	#d1dae9ff	1.0
376	ACT	ACC	T	T	0.035522	palegreen	5.0
385	ACT	ACC	T	T	0.017623	palegreen	5.0
393	ACT	ACC	T	T	0.020375	palegreen	5.0
415	ACT	ACC	T	T	0.027325	palegreen	5.0
439	AAC	ACC	N	T	0.004484	#dcddddff	0.0
468	ATT	ACC	I	T	0.001411	#e8d6ccff	-1.0
470	ACT	ACC	T	T	0.047889	palegreen	5.0
472	ATC	ACC	I	T	0.004195	#e8d6ccff	-1.0
475	GCC	ACC	A	T	0.001539	#dcddddff	0.0
477	AGC	ACC	S	T	0.001140	#d1dae9ff	1.0
500	ACT	ACC	T	T	0.054298	palegreen	5.0
345	ACC	ACA	T	T	0.002344	palegreen	5.0
348	GCA	ACA	A	T	0.001424	#dcddddff	0.0
357	AGA	ACA	R	T	0.001219	#e8d6ccff	-1.0
361	TGT	ACA	C	T	0.001078	#e8d6ccff	-1.0
372	GCA	ACA	A	T	0.005698	#dcddddff	0.0
376	ACT	ACA	T	T	0.011155	palegreen	5.0
385	ACT	ACA	T	T	0.013748	palegreen	5.0
393	ACT	ACA	T	T	0.011903	palegreen	5.0
397	GCA	ACA	A	T	0.001069	#dcddddff	0.0
399	TCA	ACA	S	T	0.005588	#d1dae9ff	1.0
408	AGA	ACA	R	T	0.001331	#e8d6ccff	-1.0
415	ACT	ACA	T	T	0.013775	palegreen	5.0
462	AAA	ACA	K	T	0.002311	#e8d6ccff	-1.0
469	TCA	ACA	S	T	0.009155	#d1dae9ff	1.0
470	ACT	ACA	T	T	0.027337	palegreen	5.0
484	GAA	ACA	E	T	0.007217	#e8d6ccff	-1.0
494	TCA	ACA	S	T	0.002932	#d1dae9ff	1.0
500	ACT	ACA	T	T	0.016586	palegreen	5.0
345	ACC	ACG	T	T	0.001802	palegreen	5.0
356	AAG	ACG	K	T	0.004577	#e8d6ccff	-1.0
378	AAG	ACG	K	T	0.003472	#e8d6ccff	-1.0
385	ACT	ACG	T	T	0.006284	palegreen	5.0
393	ACT	ACG	T	T	0.002278	palegreen	5.0
415	ACT	ACG	T	T	0.004220	palegreen	5.0
440	AAT	ACG	N	T	0.005887	#dcddddff	0.0
444	AAG	ACG	K	T	0.003014	#e8d6ccff	-1.0
458	AAG	ACG	K	T	0.001133	#e8d6ccff	-1.0
470	ACT	ACG	T	T	0.005708	palegreen	5.0
500	ACT	ACG	T	T	0.003280	palegreen	5.0
351	TAT	TCT	Y	S	0.005090	#f1cdbaff	-2.0
365	TAT	TCT	Y	S	0.001953	#f1cdbaff	-2.0
369	TAT	TCT	Y	S	0.003164	#f1cdbaff	-2.0
374	TTT	TCT	F	S	0.057168	#f1cdbaff	-2.0
375	TCC	TCT	S	S	0.004608	palegreen	4.0
376	ACT	TCT	T	S	0.006079	#d1dae9ff	1.0
377	TTT	TCT	F	S	0.002829	#f1cdbaff	-2.0
380	TAT	TCT	Y	S	0.003430	#f1cdbaff	-2.0
384	CCT	TCT	P	S	0.002575	#e8d6ccff	-1.0
385	ACT	TCT	T	S	0.008704	#d1dae9ff	1.0
392	TTT	TCT	F	S	0.004362	#f1cdbaff	-2.0
393	ACT	TCT	T	S	0.003157	#d1dae9ff	1.0
399	TCA	TCT	S	S	0.004216	palegreen	4.0
411	GCT	TCT	A	S	0.002110	#d1dae9ff	1.0
415	ACT	TCT	T	S	0.003677	#d1dae9ff	1.0
449	TAT	TCT	Y	S	0.002314	#f1cdbaff	-2.0
453	TAT	TCT	Y	S	0.005968	#f1cdbaff	-2.0
463	CCT	TCT	P	S	0.001180	#e8d6ccff	-1.0
464	TTT	TCT	F	S	0.005963	#f1cdbaff	-2.0
469	TCA	TCT	S	S	0.012590	palegreen	4.0
470	ACT	TCT	T	S	0.004015	#d1dae9ff	1.0
473	TAT	TCT	Y	S	0.004276	#f1cdbaff	-2.0
479	CCT	TCT	P	S	0.002889	#e8d6ccff	-1.0
486	TTT	TCT	F	S	0.002644	#f1cdbaff	-2.0
490	TTT	TCT	F	S	0.024602	#f1cdbaff	-2.0
494	TCA	TCT	S	S	0.008514	palegreen	4.0
500	ACT	TCT	T	S	0.004638	#d1dae9ff	1.0
344	GCC	TCC	A	S	0.002437	#d1dae9ff	1.0
345	ACC	TCC	T	S	0.005914	#d1dae9ff	1.0
349	TCT	TCC	S	S	0.038056	palegreen	4.0
366	TCT	TCC	S	S	0.035700	palegreen	4.0
374	TTT	TCC	F	S	0.001775	#f1cdbaff	-2.0
383	TCT	TCC	S	S	0.031556	palegreen	4.0
391	TGC	TCC	C	S	0.006889	#e8d6ccff	-1.0
399	TCA	TCC	S	S	0.004296	palegreen	4.0
438	TCT	TCC	S	S	0.041208	palegreen	4.0
443	TCT	TCC	S	S	0.018717	palegreen	4.0
451	TAC	TCC	Y	S	0.005389	#f1cdbaff	-2.0
459	TCT	TCC	S	S	0.028354	palegreen	4.0
469	TCA	TCC	S	S	0.002493	palegreen	4.0
494	TCA	TCC	S	S	0.002905	palegreen	4.0
514	TCT	TCC	S	S	0.058636	palegreen	4.0
349	TCT	TCA	S	S	0.013172	palegreen	4.0
366	TCT	TCA	S	S	0.013717	palegreen	4.0
372	GCA	TCA	A	S	0.004185	#d1dae9ff	1.0
375	TCC	TCA	S	S	0.001345	palegreen	4.0
383	TCT	TCA	S	S	0.012929	palegreen	4.0
387	TTA	TCA	L	S	0.001467	#f1cdbaff	-2.0
438	TCT	TCA	S	S	0.010248	palegreen	4.0
443	TCT	TCA	S	S	0.016674	palegreen	4.0
459	TCT	TCA	S	S	0.008007	palegreen	4.0
484	GAA	TCA	E	S	0.002606	#dcddddff	0.0
514	TCT	TCA	S	S	0.002927	palegreen	4.0
349	TCT	TCG	S	S	0.007217	palegreen	4.0
366	TCT	TCG	S	S	0.003312	palegreen	4.0
374	TTT	TCG	F	S	0.001325	#f1cdbaff	-2.0
383	TCT	TCG	S	S	0.002640	palegreen	4.0
399	TCA	TCG	S	S	0.018122	palegreen	4.0
438	TCT	TCG	S	S	0.001317	palegreen	4.0
443	TCT	TCG	S	S	0.002127	palegreen	4.0
455	TTG	TCG	L	S	0.035112	#f1cdbaff	-2.0
469	TCA	TCG	S	S	0.029610	palegreen	4.0
494	TCA	TCG	S	S	0.021783	palegreen	4.0
514	TCT	TCG	S	S	0.008109	palegreen	4.0
346	AGA	AGT	R	S	0.007132	#e8d6ccff	-1.0
357	AGA	AGT	R	S	0.003473	#e8d6ccff	-1.0
359	AGC	AGT	S	S	0.015449	palegreen	4.0
370	AAT	AGT	N	S	0.018239	#d1dae9ff	1.0
388	AAT	AGT	N	S	0.023422	#d1dae9ff	1.0
394	AAT	AGT	N	S	0.029832	#d1dae9ff	1.0
402	ATT	AGT	I	S	0.002396	#f1cdbaff	-2.0
403	AGA	AGT	R	S	0.001836	#e8d6ccff	-1.0
408	AGA	AGT	R	S	0.006573	#e8d6ccff	-1.0
417	AAG	AGT	K	S	0.012614	#dcddddff	0.0
418	ATT	AGT	I	S	0.001693	#f1cdbaff	-2.0
437	AAT	AGT	N	S	0.001520	#d1dae9ff	1.0
446	GGT	AGT	G	S	0.669616	#dcddddff	0.0
450	AAT	AGT	N	S	0.006912	#d1dae9ff	1.0
460	AAT	AGT	N	S	0.009692	#d1dae9ff	1.0
466	AGA	AGT	R	S	0.002140	#e8d6ccff	-1.0
470	ACT	AGT	T	S	0.001709	#d1dae9ff	1.0
476	GGT	AGT	G	S	0.006702	#dcddddff	0.0
481	AAT	AGT	N	S	0.011296	#d1dae9ff	1.0
482	GGT	AGT	G	S	0.003002	#dcddddff	0.0
485	GGT	AGT	G	S	0.001066	#dcddddff	0.0
496	GGT	AGT	G	S	0.769875	#dcddddff	0.0
504	GGT	AGT	G	S	0.001403	#dcddddff	0.0
343	AAC	AGC	N	S	0.009460	#d1dae9ff	1.0
345	ACC	AGC	T	S	0.007961	#d1dae9ff	1.0
346	AGA	AGC	R	S	0.002800	#e8d6ccff	-1.0
354	AAC	AGC	N	S	0.052654	#d1dae9ff	1.0
357	AGA	AGC	R	S	0.001518	#e8d6ccff	-1.0
360	AAC	AGC	N	S	0.018436	#d1dae9ff	1.0
391	TGC	AGC	C	S	0.011102	#e8d6ccff	-1.0
394	AAT	AGC	N	S	0.001170	#d1dae9ff	1.0
408	AGA	AGC	R	S	0.003132	#e8d6ccff	-1.0
410	ATC	AGC	I	S	0.001517	#f1cdbaff	-2.0
446	GGT	AGC	G	S	0.021258	#dcddddff	0.0
496	GGT	AGC	G	S	0.021215	#dcddddff	0.0
351	TAT	CAT	Y	H	0.007266	#c3d5f4ff	2.0
365	TAT	CAT	Y	H	0.004593	#c3d5f4ff	2.0
369	TAT	CAT	Y	H	0.023756	#c3d5f4ff	2.0
370	AAT	CAT	N	H	0.003945	#d1dae9ff	1.0
384	CCT	CAT	P	H	0.003342	#f1cdbaff	-2.0
396	TAT	CAT	Y	H	0.004023	#c3d5f4ff	2.0
417	AAG	CAT	K	H	0.005945	#e8d6ccff	-1.0
437	AAT	CAT	N	H	0.004807	#d1dae9ff	1.0
441	CTT	CAT	L	H	0.002406	#f5c1a9ff	-3.0
448	AAT	CAT	N	H	0.002070	#d1dae9ff	1.0
449	TAT	CAT	Y	H	0.003417	#c3d5f4ff	2.0
450	AAT	CAT	N	H	0.001995	#d1dae9ff	1.0
453	TAT	CAT	Y	H	0.005569	#c3d5f4ff	2.0
460	AAT	CAT	N	H	0.003753	#d1dae9ff	1.0
473	TAT	CAT	Y	H	0.005374	#c3d5f4ff	2.0
479	CCT	CAT	P	H	0.001104	#f1cdbaff	-2.0
493	CAA	CAT	Q	H	0.002011	#dcddddff	0.0
505	TAC	CAT	Y	H	0.006636	#c3d5f4ff	2.0
343	AAC	CAC	N	H	0.004678	#d1dae9ff	1.0
354	AAC	CAC	N	H	0.008088	#d1dae9ff	1.0
360	AAC	CAC	N	H	0.005349	#d1dae9ff	1.0
371	TCC	CAC	S	H	0.009291	#e8d6ccff	-1.0
390	CTC	CAC	L	H	0.002978	#f5c1a9ff	-3.0
439	AAC	CAC	N	H	0.003289	#d1dae9ff	1.0
451	TAC	CAC	Y	H	0.004790	#c3d5f4ff	2.0
505	TAC	CAC	Y	H	0.946303	#c3d5f4ff	2.0
508	TAC	CAC	Y	H	0.017675	#c3d5f4ff	2.0
356	AAG	ATG	K	M	0.003334	#e8d6ccff	-1.0
358	ATC	ATG	I	M	0.003206	#d1dae9ff	1.0
378	AAG	ATG	K	M	0.002557	#e8d6ccff	-1.0
382	GTG	ATG	V	M	0.001351	#d1dae9ff	1.0
402	ATT	ATG	I	M	0.002878	#d1dae9ff	1.0
417	AAG	ATG	K	M	0.001754	#e8d6ccff	-1.0
418	ATT	ATG	I	M	0.002896	#d1dae9ff	1.0
440	AAT	ATG	N	M	0.004535	#f1cdbaff	-2.0
444	AAG	ATG	K	M	0.007889	#e8d6ccff	-1.0
452	CTG	ATG	L	M	0.004729	#c3d5f4ff	2.0
455	TTG	ATG	L	M	0.007753	#c3d5f4ff	2.0
458	AAG	ATG	K	M	0.003158	#e8d6ccff	-1.0
468	ATT	ATG	I	M	0.004997	#d1dae9ff	1.0
349	TCT	CCT	S	P	0.009996	#e8d6ccff	-1.0
363	GCT	CCT	A	P	0.002896	#e8d6ccff	-1.0
366	TCT	CCT	S	P	0.003306	#e8d6ccff	-1.0
373	TCA	CCT	S	P	0.008696	#e8d6ccff	-1.0
376	ACT	CCT	T	P	0.003192	#e8d6ccff	-1.0
383	TCT	CCT	S	P	0.014569	#e8d6ccff	-1.0
412	CCA	CCT	P	P	0.016021	palegreen	7.0
441	CTT	CCT	L	P	0.001852	#f5c1a9ff	-3.0
459	TCT	CCT	S	P	0.004248	#e8d6ccff	-1.0
470	ACT	CCT	T	P	0.002563	#e8d6ccff	-1.0
486	TTT	CCT	F	P	0.001202	#f7b396ff	-4.0
499	CCC	CCT	P	P	0.006278	palegreen	7.0
507	CCA	CCT	P	P	0.019642	palegreen	7.0
345	ACC	CCC	T	P	0.005190	#e8d6ccff	-1.0
371	TCC	CCC	S	P	0.006909	#e8d6ccff	-1.0
373	TCA	CCC	S	P	0.002348	#e8d6ccff	-1.0
375	TCC	CCC	S	P	0.014401	#e8d6ccff	-1.0
384	CCT	CCC	P	P	0.019493	palegreen	7.0
390	CTC	CCC	L	P	0.002920	#f5c1a9ff	-3.0
412	CCA	CCC	P	P	0.001076	palegreen	7.0
463	CCT	CCC	P	P	0.040066	palegreen	7.0
479	CCT	CCC	P	P	0.019810	palegreen	7.0
491	CCT	CCC	P	P	0.083174	palegreen	7.0
507	CCA	CCC	P	P	0.001819	palegreen	7.0
348	GCA	CCA	A	P	0.017577	#e8d6ccff	-1.0
368	CTA	CCA	L	P	0.001054	#f5c1a9ff	-3.0
372	GCA	CCA	A	P	0.005926	#e8d6ccff	-1.0
373	TCA	CCA	S	P	0.948363	#e8d6ccff	-1.0
384	CCT	CCA	P	P	0.005072	palegreen	7.0
463	CCT	CCA	P	P	0.012517	palegreen	7.0
479	CCT	CCA	P	P	0.006021	palegreen	7.0
484	GAA	CCA	E	P	0.002274	#e8d6ccff	-1.0
491	CCT	CCA	P	P	0.008304	palegreen	7.0
494	TCA	CCA	S	P	0.016942	#e8d6ccff	-1.0
499	CCC	CCA	P	P	0.001717	palegreen	7.0
373	TCA	CCG	S	P	0.014768	#e8d6ccff	-1.0
384	CCT	CCG	P	P	0.003115	palegreen	7.0
412	CCA	CCG	P	P	0.045610	palegreen	7.0
452	CTG	CCG	L	P	0.001393	#f5c1a9ff	-3.0
474	CAG	CCG	Q	P	0.001257	#e8d6ccff	-1.0
479	CCT	CCG	P	P	0.001184	palegreen	7.0
491	CCT	CCG	P	P	0.003061	palegreen	7.0
507	CCA	CCG	P	P	0.038568	palegreen	7.0
379	TGT	TGG	C	W	0.002738	#f1cdbaff	-2.0
391	TGC	TGG	C	W	0.001354	#f1cdbaff	-2.0
413	GGG	TGG	G	W	0.001483	#f1cdbaff	-2.0
455	TTG	TGG	L	W	0.034289	#f1cdbaff	-2.0
480	TGT	TGG	C	W	0.001521	#f1cdbaff	-2.0
361	TGT	TAT	C	Y	0.001175	#f1cdbaff	-2.0
366	TCT	TAT	S	Y	0.002064	#f1cdbaff	-2.0
374	TTT	TAT	F	Y	0.012053	#b5cdfaff	3.0
377	TTT	TAT	F	Y	0.001405	#b5cdfaff	3.0
392	TTT	TAT	F	Y	0.007962	#b5cdfaff	3.0
394	AAT	TAT	N	Y	0.005377	#f1cdbaff	-2.0
417	AAG	TAT	K	Y	0.047107	#f1cdbaff	-2.0
450	AAT	TAT	N	Y	0.001393	#f1cdbaff	-2.0
451	TAC	TAT	Y	Y	0.002464	palegreen	7.0
460	AAT	TAT	N	Y	0.001658	#f1cdbaff	-2.0
464	TTT	TAT	F	Y	0.014294	#b5cdfaff	3.0
481	AAT	TAT	N	Y	0.002111	#f1cdbaff	-2.0
489	TAC	TAT	Y	Y	0.004215	palegreen	7.0
490	TTT	TAT	F	Y	0.005446	#b5cdfaff	3.0
501	AAT	TAT	N	Y	0.955509	#f1cdbaff	-2.0
508	TAC	TAT	Y	Y	0.006254	palegreen	7.0
343	AAC	TAC	N	Y	0.003548	#f1cdbaff	-2.0
351	TAT	TAC	Y	Y	0.034184	palegreen	7.0
360	AAC	TAC	N	Y	0.003050	#f1cdbaff	-2.0
365	TAT	TAC	Y	Y	0.031397	palegreen	7.0
369	TAT	TAC	Y	Y	0.019166	palegreen	7.0
380	TAT	TAC	Y	Y	0.026210	palegreen	7.0
391	TGC	TAC	C	Y	0.002131	#f1cdbaff	-2.0
396	TAT	TAC	Y	Y	0.031148	palegreen	7.0
417	AAG	TAC	K	Y	0.002757	#f1cdbaff	-2.0
449	TAT	TAC	Y	Y	0.011292	palegreen	7.0
453	TAT	TAC	Y	Y	0.017093	palegreen	7.0
464	TTT	TAC	F	Y	0.001399	#b5cdfaff	3.0
473	TAT	TAC	Y	Y	0.015445	palegreen	7.0
495	TAT	TAC	Y	Y	0.022713	palegreen	7.0
501	AAT	TAC	N	Y	0.033601	#f1cdbaff	-2.0
351	TAT	TTT	Y	F	0.003204	#b5cdfaff	3.0
365	TAT	TTT	Y	F	0.015880	#b5cdfaff	3.0
369	TAT	TTT	Y	F	0.006936	#b5cdfaff	3.0
380	TAT	TTT	Y	F	0.001107	#b5cdfaff	3.0
383	TCT	TTT	S	F	0.001189	#f1cdbaff	-2.0
387	TTA	TTT	L	F	0.002160	#dcddddff	0.0
396	TAT	TTT	Y	F	0.005280	#b5cdfaff	3.0
441	CTT	TTT	L	F	0.001393	#dcddddff	0.0
453	TAT	TTT	Y	F	0.047281	#b5cdfaff	3.0
473	TAT	TTT	Y	F	0.002089	#b5cdfaff	3.0
480	TGT	TTT	C	F	0.001115	#f1cdbaff	-2.0
483	GTT	TTT	V	F	0.001138	#e8d6ccff	-1.0
492	TTA	TTT	L	F	0.001529	#dcddddff	0.0
497	TTC	TTT	F	F	0.003569	palegreen	6.0
338	TTT	TTC	F	F	0.041554	palegreen	6.0
342	TTT	TTC	F	F	0.025206	palegreen	6.0
347	TTT	TTC	F	F	0.053162	palegreen	6.0
358	ATC	TTC	I	F	0.097589	#dcddddff	0.0
367	GTC	TTC	V	F	0.003367	#e8d6ccff	-1.0
371	TCC	TTC	S	F	0.002565	#f1cdbaff	-2.0
374	TTT	TTC	F	F	0.034248	palegreen	6.0
375	TCC	TTC	S	F	0.023197	#f1cdbaff	-2.0
377	TTT	TTC	F	F	0.011997	palegreen	6.0
392	TTT	TTC	F	F	0.016701	palegreen	6.0
395	GTC	TTC	V	F	0.001708	#e8d6ccff	-1.0
400	TTT	TTC	F	F	0.044012	palegreen	6.0
451	TAC	TTC	Y	F	0.001419	#b5cdfaff	3.0
453	TAT	TTC	Y	F	0.004460	#b5cdfaff	3.0
456	TTT	TTC	F	F	0.025296	palegreen	6.0
464	TTT	TTC	F	F	0.021340	palegreen	6.0
486	TTT	TTC	F	F	0.014634	palegreen	6.0
490	TTT	TTC	F	F	0.025702	palegreen	6.0
508	TAC	TTC	Y	F	0.008795	#b5cdfaff	3.0
515	TTT	TTC	F	F	0.045701	palegreen	6.0
339	GGT	GTT	G	V	0.005972	#f5c1a9ff	-3.0
352	GCT	GTT	A	V	0.002411	#dcddddff	0.0
363	GCT	GTT	A	V	0.032271	#dcddddff	0.0
367	GTC	GTT	V	V	0.002591	palegreen	4.0
389	GAT	GTT	D	V	0.001860	#f5c1a9ff	-3.0
392	TTT	GTT	F	V	0.005648	#e8d6ccff	-1.0
395	GTC	GTT	V	V	0.003830	palegreen	4.0
400	TTT	GTT	F	V	0.001853	#e8d6ccff	-1.0
401	GTA	GTT	V	V	0.003364	palegreen	4.0
402	ATT	GTT	I	V	0.046243	#b5cdfaff	3.0
407	GTC	GTT	V	V	0.004818	palegreen	4.0
417	AAG	GTT	K	V	0.005942	#f1cdbaff	-2.0
418	ATT	GTT	I	V	0.003425	#b5cdfaff	3.0
441	CTT	GTT	L	V	0.002100	#d1dae9ff	1.0
456	TTT	GTT	F	V	0.004201	#e8d6ccff	-1.0
468	ATT	GTT	I	V	0.021777	#b5cdfaff	3.0
485	GGT	GTT	G	V	0.001806	#f5c1a9ff	-3.0
486	TTT	GTT	F	V	0.002341	#e8d6ccff	-1.0
490	TTT	GTT	F	V	0.001195	#e8d6ccff	-1.0
502	GGT	GTT	G	V	0.001051	#f5c1a9ff	-3.0
504	GGT	GTT	G	V	0.002005	#f5c1a9ff	-3.0
510	GTA	GTT	V	V	0.008785	palegreen	4.0
511	GTA	GTT	V	V	0.021515	palegreen	4.0
512	GTA	GTT	V	V	0.013464	palegreen	4.0
515	TTT	GTT	F	V	0.001769	#e8d6ccff	-1.0
341	GTT	GTC	V	V	0.047113	palegreen	4.0
350	GTT	GTC	V	V	0.036580	palegreen	4.0
358	ATC	GTC	I	V	0.012067	#b5cdfaff	3.0
362	GTT	GTC	V	V	0.037701	palegreen	4.0
382	GTG	GTC	V	V	0.001303	palegreen	4.0
402	ATT	GTC	I	V	0.004356	#b5cdfaff	3.0
410	ATC	GTC	I	V	0.008536	#b5cdfaff	3.0
445	GTT	GTC	V	V	0.016376	palegreen	4.0
472	ATC	GTC	I	V	0.017315	#b5cdfaff	3.0
475	GCC	GTC	A	V	0.002939	#dcddddff	0.0
483	GTT	GTC	V	V	0.039101	palegreen	4.0
503	GTT	GTC	V	V	0.047233	palegreen	4.0
511	GTA	GTC	V	V	0.001278	palegreen	4.0
340	GAA	GTA	E	V	0.004811	#f1cdbaff	-2.0
341	GTT	GTA	V	V	0.003529	palegreen	4.0
350	GTT	GTA	V	V	0.006624	palegreen	4.0
362	GTT	GTA	V	V	0.029438	palegreen	4.0
367	GTC	GTA	V	V	0.004958	palegreen	4.0
372	GCA	GTA	A	V	0.015222	#dcddddff	0.0
382	GTG	GTA	V	V	0.005039	palegreen	4.0
387	TTA	GTA	L	V	0.001864	#d1dae9ff	1.0
395	GTC	GTA	V	V	0.001336	palegreen	4.0
397	GCA	GTA	A	V	0.003065	#dcddddff	0.0
407	GTC	GTA	V	V	0.001000	palegreen	4.0
445	GTT	GTA	V	V	0.004740	palegreen	4.0
471	GAA	GTA	E	V	0.004445	#f1cdbaff	-2.0
483	GTT	GTA	V	V	0.013921	palegreen	4.0
484	GAA	GTA	E	V	0.004923	#f1cdbaff	-2.0
503	GTT	GTA	V	V	0.027543	palegreen	4.0
341	GTT	GTG	V	V	0.001226	palegreen	4.0
350	GTT	GTG	V	V	0.002082	palegreen	4.0
362	GTT	GTG	V	V	0.002010	palegreen	4.0
367	GTC	GTG	V	V	0.006065	palegreen	4.0
372	GCA	GTG	A	V	0.001219	#dcddddff	0.0
395	GTC	GTG	V	V	0.002830	palegreen	4.0
401	GTA	GTG	V	V	0.024286	palegreen	4.0
407	GTC	GTG	V	V	0.001707	palegreen	4.0
483	GTT	GTG	V	V	0.001737	palegreen	4.0
503	GTT	GTG	V	V	0.002963	palegreen	4.0
510	GTA	GTG	V	V	0.013666	palegreen	4.0
511	GTA	GTG	V	V	0.024790	palegreen	4.0
512	GTA	GTG	V	V	0.030926	palegreen	4.0
338	TTT	TTA	F	L	0.018181	#dcddddff	0.0
342	TTT	TTA	F	L	0.001204	#dcddddff	0.0
368	CTA	TTA	L	L	0.002436	palegreen	4.0
373	TCA	TTA	S	L	0.001225	#f1cdbaff	-2.0
374	TTT	TTA	F	L	0.006081	#dcddddff	0.0
377	TTT	TTA	F	L	0.005448	#dcddddff	0.0
392	TTT	TTA	F	L	0.001207	#dcddddff	0.0
455	TTG	TTA	L	L	0.002911	palegreen	4.0
456	TTT	TTA	F	L	0.002396	#dcddddff	0.0
464	TTT	TTA	F	L	0.001203	#dcddddff	0.0
486	TTT	TTA	F	L	0.001287	#dcddddff	0.0
490	TTT	TTA	F	L	0.004898	#dcddddff	0.0
338	TTT	TTG	F	L	0.001526	#dcddddff	0.0
387	TTA	TTG	L	L	0.018132	palegreen	4.0
392	TTT	TTG	F	L	0.001724	#dcddddff	0.0
400	TTT	TTG	F	L	0.001356	#dcddddff	0.0
452	CTG	TTG	L	L	0.003463	palegreen	4.0
486	TTT	TTG	F	L	0.001388	#dcddddff	0.0
490	TTT	TTG	F	L	0.002176	#dcddddff	0.0
492	TTA	TTG	L	L	0.022837	palegreen	4.0
515	TTT	TTG	F	L	0.001005	#dcddddff	0.0
338	TTT	CTT	F	L	0.031853	#dcddddff	0.0
342	TTT	CTT	F	L	0.008064	#dcddddff	0.0
368	CTA	CTT	L	L	0.004771	palegreen	4.0
369	TAT	CTT	Y	L	0.001152	#e8d6ccff	-1.0
371	TCC	CTT	S	L	0.012509	#f1cdbaff	-2.0
374	TTT	CTT	F	L	0.031763	#dcddddff	0.0
377	TTT	CTT	F	L	0.015017	#dcddddff	0.0
384	CCT	CTT	P	L	0.001918	#f5c1a9ff	-3.0
390	CTC	CTT	L	L	0.007512	palegreen	4.0
392	TTT	CTT	F	L	0.084992	#dcddddff	0.0
417	AAG	CTT	K	L	0.001581	#f1cdbaff	-2.0
452	CTG	CTT	L	L	0.001612	palegreen	4.0
456	TTT	CTT	F	L	0.050166	#dcddddff	0.0
461	CTC	CTT	L	L	0.002385	palegreen	4.0
464	TTT	CTT	F	L	0.007183	#dcddddff	0.0
468	ATT	CTT	I	L	0.001696	#c3d5f4ff	2.0
479	CCT	CTT	P	L	0.001114	#f5c1a9ff	-3.0
486	TTT	CTT	F	L	0.002753	#dcddddff	0.0
490	TTT	CTT	F	L	0.012337	#dcddddff	0.0
503	GTT	CTT	V	L	0.002198	#d1dae9ff	1.0
515	TTT	CTT	F	L	0.005823	#dcddddff	0.0
358	ATC	CTC	I	L	0.004015	#c3d5f4ff	2.0
367	GTC	CTC	V	L	0.001484	#d1dae9ff	1.0
368	CTA	CTC	L	L	0.004934	palegreen	4.0
371	TCC	CTC	S	L	0.942647	#f1cdbaff	-2.0
374	TTT	CTC	F	L	0.001541	#dcddddff	0.0
375	TCC	CTC	S	L	0.004973	#f1cdbaff	-2.0
392	TTT	CTC	F	L	0.001006	#dcddddff	0.0
395	GTC	CTC	V	L	0.001876	#d1dae9ff	1.0
441	CTT	CTC	L	L	0.033129	palegreen	4.0
456	TTT	CTC	F	L	0.001126	#dcddddff	0.0
472	ATC	CTC	I	L	0.002527	#c3d5f4ff	2.0
513	CTT	CTC	L	L	0.057427	palegreen	4.0
371	TCC	CTA	S	L	0.009901	#f1cdbaff	-2.0
373	TCA	CTA	S	L	0.002068	#f1cdbaff	-2.0
387	TTA	CTA	L	L	0.017462	palegreen	4.0
390	CTC	CTA	L	L	0.001013	palegreen	4.0
414	CAA	CTA	Q	L	0.001163	#f1cdbaff	-2.0
441	CTT	CTA	L	L	0.032338	palegreen	4.0
452	CTG	CTA	L	L	0.003537	palegreen	4.0
461	CTC	CTA	L	L	0.001046	palegreen	4.0
492	TTA	CTA	L	L	0.047930	palegreen	4.0
493	CAA	CTA	Q	L	0.024676	#f1cdbaff	-2.0
498	CAA	CTA	Q	L	0.001466	#f1cdbaff	-2.0
513	CTT	CTA	L	L	0.006436	palegreen	4.0
368	CTA	CTG	L	L	0.014326	palegreen	4.0
371	TCC	CTG	S	L	0.001826	#f1cdbaff	-2.0
382	GTG	CTG	V	L	0.001255	#d1dae9ff	1.0
390	CTC	CTG	L	L	0.001401	palegreen	4.0
441	CTT	CTG	L	L	0.003182	palegreen	4.0
455	TTG	CTG	L	L	0.020919	palegreen	4.0
513	CTT	CTG	L	L	0.006051	palegreen	4.0
338	TTT	ATT	F	I	0.001799	#dcddddff	0.0
341	GTT	ATT	V	I	0.005011	#b5cdfaff	3.0
342	TTT	ATT	F	I	0.003735	#dcddddff	0.0
358	ATC	ATT	I	I	0.013730	palegreen	4.0
362	GTT	ATT	V	I	0.003069	#b5cdfaff	3.0
365	TAT	ATT	Y	I	0.004117	#e8d6ccff	-1.0
374	TTT	ATT	F	I	0.001174	#dcddddff	0.0
377	TTT	ATT	F	I	0.011377	#dcddddff	0.0
385	ACT	ATT	T	I	0.002020	#e8d6ccff	-1.0
388	AAT	ATT	N	I	0.001567	#f5c1a9ff	-3.0
392	TTT	ATT	F	I	0.002395	#dcddddff	0.0
393	ACT	ATT	T	I	0.002798	#e8d6ccff	-1.0
394	AAT	ATT	N	I	0.021594	#f5c1a9ff	-3.0
410	ATC	ATT	I	I	0.010142	palegreen	4.0
417	AAG	ATT	K	I	0.420473	#f5c1a9ff	-3.0
441	CTT	ATT	L	I	0.005817	#c3d5f4ff	2.0
445	GTT	ATT	V	I	0.003079	#b5cdfaff	3.0
460	AAT	ATT	N	I	0.002302	#f5c1a9ff	-3.0
470	ACT	ATT	T	I	0.001016	#e8d6ccff	-1.0
483	GTT	ATT	V	I	0.010051	#b5cdfaff	3.0
490	TTT	ATT	F	I	0.002949	#dcddddff	0.0
503	GTT	ATT	V	I	0.006261	#b5cdfaff	3.0
345	ACC	ATC	T	I	0.002545	#e8d6ccff	-1.0
367	GTC	ATC	V	I	0.008155	#b5cdfaff	3.0
371	TCC	ATC	S	I	0.001807	#f1cdbaff	-2.0
395	GTC	ATC	V	I	0.011573	#b5cdfaff	3.0
402	ATT	ATC	I	I	0.019236	palegreen	4.0
407	GTC	ATC	V	I	0.002313	#b5cdfaff	3.0
417	AAG	ATC	K	I	0.007350	#f5c1a9ff	-3.0
418	ATT	ATC	I	I	0.025295	palegreen	4.0
461	CTC	ATC	L	I	0.003282	#c3d5f4ff	2.0
468	ATT	ATC	I	I	0.030497	palegreen	4.0
477	AGC	ATC	S	I	0.001814	#f1cdbaff	-2.0
358	ATC	ATA	I	I	0.003215	palegreen	4.0
368	CTA	ATA	L	I	0.011291	#c3d5f4ff	2.0
386	AAA	ATA	K	I	0.002906	#f5c1a9ff	-3.0
387	TTA	ATA	L	I	0.001506	#c3d5f4ff	2.0
402	ATT	ATA	I	I	0.004228	palegreen	4.0
408	AGA	ATA	R	I	0.003479	#f5c1a9ff	-3.0
410	ATC	ATA	I	I	0.006226	palegreen	4.0
418	ATT	ATA	I	I	0.012105	palegreen	4.0
462	AAA	ATA	K	I	0.002886	#f5c1a9ff	-3.0
468	ATT	ATA	I	I	0.009184	palegreen	4.0
478	ACA	ATA	T	I	0.011139	#e8d6ccff	-1.0
492	TTA	ATA	L	I	0.006272	#c3d5f4ff	2.0
339	GGT	GCT	G	A	0.003675	#dcddddff	0.0
341	GTT	GCT	V	A	0.001104	#dcddddff	0.0
344	GCC	GCT	A	A	0.007818	palegreen	4.0
348	GCA	GCT	A	A	0.007548	palegreen	4.0
350	GTT	GCT	V	A	0.003554	#dcddddff	0.0
362	GTT	GCT	V	A	0.012504	#dcddddff	0.0
364	GAT	GCT	D	A	0.002804	#f1cdbaff	-2.0
372	GCA	GCT	A	A	0.016862	palegreen	4.0
376	ACT	GCT	T	A	0.005425	#dcddddff	0.0
383	TCT	GCT	S	A	0.005191	#d1dae9ff	1.0
384	CCT	GCT	P	A	0.001138	#e8d6ccff	-1.0
385	ACT	GCT	T	A	0.014645	#dcddddff	0.0
393	ACT	GCT	T	A	0.010954	#dcddddff	0.0
397	GCA	GCT	A	A	0.019247	palegreen	4.0
415	ACT	GCT	T	A	0.011725	#dcddddff	0.0
442	GAT	GCT	D	A	0.002558	#f1cdbaff	-2.0
443	TCT	GCT	S	A	0.002069	#d1dae9ff	1.0
445	GTT	GCT	V	A	0.018936	#dcddddff	0.0
459	TCT	GCT	S	A	0.001149	#d1dae9ff	1.0
467	GAT	GCT	D	A	0.001758	#f1cdbaff	-2.0
470	ACT	GCT	T	A	0.010506	#dcddddff	0.0
475	GCC	GCT	A	A	0.006929	palegreen	4.0
483	GTT	GCT	V	A	0.038704	#dcddddff	0.0
485	GGT	GCT	G	A	0.002745	#dcddddff	0.0
500	ACT	GCT	T	A	0.005217	#dcddddff	0.0
503	GTT	GCT	V	A	0.010283	#dcddddff	0.0
504	GGT	GCT	G	A	0.001188	#dcddddff	0.0
514	TCT	GCT	S	A	0.001331	#d1dae9ff	1.0
345	ACC	GCC	T	A	0.024348	#dcddddff	0.0
348	GCA	GCC	A	A	0.003060	palegreen	4.0
352	GCT	GCC	A	A	0.051744	palegreen	4.0
363	GCT	GCC	A	A	0.055588	palegreen	4.0
367	GTC	GCC	V	A	0.038504	#dcddddff	0.0
372	GCA	GCC	A	A	0.009446	palegreen	4.0
375	TCC	GCC	S	A	0.002638	#d1dae9ff	1.0
395	GTC	GCC	V	A	0.018334	#dcddddff	0.0
397	GCA	GCC	A	A	0.003052	palegreen	4.0
411	GCT	GCC	A	A	0.031591	palegreen	4.0
484	GAA	GCC	E	A	0.009091	#e8d6ccff	-1.0
340	GAA	GCA	E	A	0.004366	#e8d6ccff	-1.0
344	GCC	GCA	A	A	0.003554	palegreen	4.0
352	GCT	GCA	A	A	0.006193	palegreen	4.0
363	GCT	GCA	A	A	0.011955	palegreen	4.0
373	TCA	GCA	S	A	0.002852	#d1dae9ff	1.0
399	TCA	GCA	S	A	0.003758	#d1dae9ff	1.0
411	GCT	GCA	A	A	0.011894	palegreen	4.0
471	GAA	GCA	E	A	0.003306	#e8d6ccff	-1.0
475	GCC	GCA	A	A	0.005170	palegreen	4.0
483	GTT	GCA	V	A	0.001381	#dcddddff	0.0
484	GAA	GCA	E	A	0.890783	#e8d6ccff	-1.0
494	TCA	GCA	S	A	0.001997	#d1dae9ff	1.0
344	GCC	GCG	A	A	0.002344	palegreen	4.0
348	GCA	GCG	A	A	0.057064	palegreen	4.0
363	GCT	GCG	A	A	0.006009	palegreen	4.0
372	GCA	GCG	A	A	0.034921	palegreen	4.0
382	GTG	GCG	V	A	0.002557	#dcddddff	0.0
397	GCA	GCG	A	A	0.038759	palegreen	4.0
411	GCT	GCG	A	A	0.007043	palegreen	4.0
465	GAG	GCG	E	A	0.001549	#e8d6ccff	-1.0
475	GCC	GCG	A	A	0.006349	palegreen	4.0
484	GAA	GCG	E	A	0.049280	#e8d6ccff	-1.0
363	GCT	GGT	A	G	0.002203	#dcddddff	0.0
364	GAT	GGT	D	G	0.003452	#e8d6ccff	-1.0
381	GGA	GGT	G	G	0.018133	palegreen	6.0
389	GAT	GGT	D	G	0.033757	#e8d6ccff	-1.0
405	GAT	GGT	D	G	0.011872	#e8d6ccff	-1.0
413	GGG	GGT	G	G	0.006474	palegreen	6.0
416	GGA	GGT	G	G	0.004029	palegreen	6.0
471	GAA	GGT	E	G	0.001153	#f1cdbaff	-2.0
483	GTT	GGT	V	G	0.003049	#f5c1a9ff	-3.0
503	GTT	GGT	V	G	0.003649	#f5c1a9ff	-3.0
339	GGT	GGC	G	G	0.001434	palegreen	6.0
344	GCC	GGC	A	G	0.001783	#dcddddff	0.0
359	AGC	GGC	S	G	0.045645	#dcddddff	0.0
367	GTC	GGC	V	G	0.002994	#f5c1a9ff	-3.0
381	GGA	GGC	G	G	0.005600	palegreen	6.0
391	TGC	GGC	C	G	0.002724	#f5c1a9ff	-3.0
395	GTC	GGC	V	G	0.003332	#f5c1a9ff	-3.0
404	GGT	GGC	G	G	0.074745	palegreen	6.0
405	GAT	GGC	D	G	0.001060	#e8d6ccff	-1.0
407	GTC	GGC	V	G	0.002736	#f5c1a9ff	-3.0
413	GGG	GGC	G	G	0.012046	palegreen	6.0
446	GGT	GGC	G	G	0.004551	palegreen	6.0
447	GGT	GGC	G	G	0.011891	palegreen	6.0
475	GCC	GGC	A	G	0.002344	#dcddddff	0.0
476	GGT	GGC	G	G	0.025856	palegreen	6.0
477	AGC	GGC	S	G	0.004116	#dcddddff	0.0
482	GGT	GGC	G	G	0.035512	palegreen	6.0
485	GGT	GGC	G	G	0.023795	palegreen	6.0
496	GGT	GGC	G	G	0.003525	palegreen	6.0
502	GGT	GGC	G	G	0.066109	palegreen	6.0
504	GGT	GGC	G	G	0.036660	palegreen	6.0
340	GAA	GGA	E	G	0.008846	#f1cdbaff	-2.0
346	AGA	GGA	R	G	0.010374	#f1cdbaff	-2.0
357	AGA	GGA	R	G	0.006507	#f1cdbaff	-2.0
372	GCA	GGA	A	G	0.007751	#dcddddff	0.0
401	GTA	GGA	V	G	0.002036	#f5c1a9ff	-3.0
404	GGT	GGA	G	G	0.011348	palegreen	6.0
408	AGA	GGA	R	G	0.023231	#f1cdbaff	-2.0
413	GGG	GGA	G	G	0.010314	palegreen	6.0
446	GGT	GGA	G	G	0.002823	palegreen	6.0
447	GGT	GGA	G	G	0.018617	palegreen	6.0
471	GAA	GGA	E	G	0.019211	#f1cdbaff	-2.0
476	GGT	GGA	G	G	0.004084	palegreen	6.0
482	GGT	GGA	G	G	0.009753	palegreen	6.0
484	GAA	GGA	E	G	0.003185	#f1cdbaff	-2.0
485	GGT	GGA	G	G	0.004454	palegreen	6.0
493	CAA	GGA	Q	G	0.023128	#f1cdbaff	-2.0
502	GGT	GGA	G	G	0.017520	palegreen	6.0
504	GGT	GGA	G	G	0.015601	palegreen	6.0
510	GTA	GGA	V	G	0.001931	#f5c1a9ff	-3.0
511	GTA	GGA	V	G	0.001724	#f5c1a9ff	-3.0
512	GTA	GGA	V	G	0.002196	#f5c1a9ff	-3.0
381	GGA	GGG	G	G	0.039392	palegreen	6.0
382	GTG	GGG	V	G	0.001745	#f5c1a9ff	-3.0
404	GGT	GGG	G	G	0.008652	palegreen	6.0
416	GGA	GGG	G	G	0.030401	palegreen	6.0
447	GGT	GGG	G	G	0.003328	palegreen	6.0
465	GAG	GGG	E	G	0.006603	#f1cdbaff	-2.0
476	GGT	GGG	G	G	0.004578	palegreen	6.0
482	GGT	GGG	G	G	0.003122	palegreen	6.0
485	GGT	GGG	G	G	0.003951	palegreen	6.0
502	GGT	GGG	G	G	0.004053	palegreen	6.0
504	GGT	GGG	G	G	0.004226	palegreen	6.0
