432	TGC	TGT	C	C	0.017879	palegreen	9.0
443	TCT	TGT	S	C	0.028354	#e8d6ccff	-1.0
482	GGT	TGT	G	C	0.001298	#f5c1a9ff	-3.0
436	TGG	TGC	W	C	0.001329	#f1cdbaff	-2.0
480	TGT	TGC	C	C	0.003064	palegreen	9.0
488	TGT	TGC	C	C	0.013851	palegreen	9.0
525	TGT	TGC	C	C	0.003611	palegreen	9.0
446	GGT	CGT	G	R	0.001670	#f1cdbaff	-2.0
493	CAA	CGT	Q	R	0.001434	#d1dae9ff	1.0
498	CAA	CGT	Q	R	0.005086	#d1dae9ff	1.0
519	CAT	CGT	H	R	0.003478	#dcddddff	0.0
525	TGT	CGT	C	R	0.001379	#f5c1a9ff	-3.0
527	CCT	CGT	P	R	0.002160	#f1cdbaff	-2.0
499	CCC	CGC	P	R	0.001450	#f1cdbaff	-2.0
493	CAA	CGA	Q	R	0.140584	#d1dae9ff	1.0
498	CAA	CGA	Q	R	0.979238	#d1dae9ff	1.0
509	AGA	CGA	R	R	0.005379	palegreen	5.0
521	CCA	CGA	P	R	0.004136	#f1cdbaff	-2.0
526	GGA	CGA	G	R	0.001171	#f1cdbaff	-2.0
452	CTG	CGG	L	R	0.013127	#f1cdbaff	-2.0
474	CAG	CGG	Q	R	0.002318	#d1dae9ff	1.0
498	CAA	CGG	Q	R	0.002517	#d1dae9ff	1.0
444	AAG	AGA	K	R	0.002350	#c3d5f4ff	2.0
457	AGG	AGA	R	R	0.001026	palegreen	5.0
462	AAA	AGA	K	R	0.002097	#c3d5f4ff	2.0
478	ACA	AGA	T	R	0.009168	#e8d6ccff	-1.0
484	GAA	AGA	E	R	0.809506	#dcddddff	0.0
498	CAA	AGA	Q	R	0.010677	#d1dae9ff	1.0
440	AAT	AGG	N	R	0.002024	#dcddddff	0.0
444	AAG	AGG	K	R	0.765973	#c3d5f4ff	2.0
452	CTG	AGG	L	R	0.007610	#f1cdbaff	-2.0
454	AGA	AGG	R	R	0.003162	palegreen	5.0
458	AAG	AGG	K	R	0.001158	#c3d5f4ff	2.0
460	AAT	AGG	N	R	0.002151	#dcddddff	0.0
466	AGA	AGG	R	R	0.007600	palegreen	5.0
484	GAA	AGG	E	R	0.003401	#dcddddff	0.0
509	AGA	AGG	R	R	0.007083	palegreen	5.0
440	AAT	AAA	N	K	0.007145	#dcddddff	0.0
444	AAG	AAA	K	K	0.019519	palegreen	5.0
450	AAT	AAA	N	K	0.001008	#dcddddff	0.0
458	AAG	AAA	K	K	0.002648	palegreen	5.0
460	AAT	AAA	N	K	0.162727	#dcddddff	0.0
478	ACA	AAA	T	K	0.976112	#e8d6ccff	-1.0
484	GAA	AAA	E	K	0.001400	#d1dae9ff	1.0
440	AAT	AAG	N	K	0.983412	#dcddddff	0.0
452	CTG	AAG	L	K	0.101393	#f1cdbaff	-2.0
457	AGG	AAG	R	K	0.001210	#c3d5f4ff	2.0
460	AAT	AAG	N	K	0.824015	#dcddddff	0.0
462	AAA	AAG	K	K	0.003498	palegreen	5.0
478	ACA	AAG	T	K	0.003927	#e8d6ccff	-1.0
450	AAT	GAA	N	E	0.006769	#dcddddff	0.0
462	AAA	GAA	K	E	0.002128	#d1dae9ff	1.0
465	GAG	GAA	E	E	0.002002	palegreen	5.0
478	ACA	GAA	T	E	0.004498	#e8d6ccff	-1.0
520	GCA	GAA	A	E	0.003130	#e8d6ccff	-1.0
522	GCA	GAA	A	E	0.001013	#e8d6ccff	-1.0
524	GTT	GAA	V	E	0.001167	#f1cdbaff	-2.0
528	AAA	GAA	K	E	0.001126	#d1dae9ff	1.0
440	AAT	GAG	N	E	0.001624	#dcddddff	0.0
458	AAG	GAG	K	E	0.001842	#d1dae9ff	1.0
471	GAA	GAG	E	E	0.005556	palegreen	5.0
516	GAA	GAG	E	E	0.003171	palegreen	5.0
471	GAA	CAA	E	Q	0.001975	#c3d5f4ff	2.0
518	CTA	CAA	L	Q	0.007077	#f1cdbaff	-2.0
519	CAT	CAA	H	Q	0.005938	#dcddddff	0.0
521	CCA	CAA	P	Q	0.002088	#e8d6ccff	-1.0
528	AAA	CAA	K	Q	0.001284	#d1dae9ff	1.0
444	AAG	CAG	K	Q	0.001104	#d1dae9ff	1.0
452	CTG	CAG	L	Q	0.017350	#f1cdbaff	-2.0
493	CAA	CAG	Q	Q	0.002658	palegreen	5.0
506	CAA	CAG	Q	Q	0.073210	palegreen	5.0
445	GTT	GAT	V	D	0.001142	#f5c1a9ff	-3.0
446	GGT	GAT	G	D	0.002609	#e8d6ccff	-1.0
450	AAT	GAT	N	D	0.828618	#d1dae9ff	1.0
471	GAA	GAT	E	D	0.003703	#c3d5f4ff	2.0
476	GGT	GAT	G	D	0.002258	#e8d6ccff	-1.0
481	AAT	GAT	N	D	0.003587	#d1dae9ff	1.0
482	GGT	GAT	G	D	0.002901	#e8d6ccff	-1.0
502	GGT	GAT	G	D	0.001972	#e8d6ccff	-1.0
503	GTT	GAT	V	D	0.010451	#f5c1a9ff	-3.0
504	GGT	GAT	G	D	0.007534	#e8d6ccff	-1.0
516	GAA	GAT	E	D	0.005047	#c3d5f4ff	2.0
519	CAT	GAT	H	D	0.054084	#e8d6ccff	-1.0
524	GTT	GAT	V	D	0.001703	#f5c1a9ff	-3.0
442	GAT	GAC	D	D	0.001559	palegreen	6.0
450	AAT	GAC	N	D	0.006737	#d1dae9ff	1.0
467	GAT	GAC	D	D	0.003950	palegreen	6.0
439	AAC	AAT	N	N	0.003703	palegreen	6.0
468	ATT	AAT	I	N	0.001232	#f5c1a9ff	-3.0
470	ACT	AAT	T	N	0.001393	#dcddddff	0.0
477	AGC	AAT	S	N	0.002611	#d1dae9ff	1.0
478	ACA	AAT	T	N	0.001438	#dcddddff	0.0
519	CAT	AAT	H	N	0.023420	#d1dae9ff	1.0
523	ACT	AAT	T	N	0.001976	#dcddddff	0.0
437	AAT	AAC	N	N	0.003446	palegreen	6.0
440	AAT	AAC	N	N	0.001048	palegreen	6.0
448	AAT	AAC	N	N	0.001210	palegreen	6.0
477	AGC	AAC	S	N	0.992025	#d1dae9ff	1.0
481	AAT	AAC	N	N	0.005017	palegreen	6.0
487	AAT	AAC	N	N	0.011516	palegreen	6.0
430	ACA	ACT	T	T	0.001501	palegreen	5.0
435	GCT	ACT	A	T	0.001956	#dcddddff	0.0
438	TCT	ACT	S	T	0.002679	#d1dae9ff	1.0
459	TCT	ACT	S	T	0.008626	#d1dae9ff	1.0
468	ATT	ACT	I	T	0.008129	#e8d6ccff	-1.0
514	TCT	ACT	S	T	0.003973	#d1dae9ff	1.0
527	CCT	ACT	P	T	0.003230	#e8d6ccff	-1.0
430	ACA	ACC	T	T	0.001465	palegreen	5.0
470	ACT	ACC	T	T	0.016081	palegreen	5.0
475	GCC	ACC	A	T	0.001081	#dcddddff	0.0
500	ACT	ACC	T	T	0.001938	palegreen	5.0
523	ACT	ACC	T	T	0.013144	palegreen	5.0
462	AAA	ACA	K	T	0.002084	#e8d6ccff	-1.0
469	TCA	ACA	S	T	0.002621	#d1dae9ff	1.0
470	ACT	ACA	T	T	0.016258	palegreen	5.0
484	GAA	ACA	E	T	0.001488	#e8d6ccff	-1.0
500	ACT	ACA	T	T	0.009255	palegreen	5.0
520	GCA	ACA	A	T	0.005322	#dcddddff	0.0
522	GCA	ACA	A	T	0.010377	#dcddddff	0.0
523	ACT	ACA	T	T	0.010152	palegreen	5.0
444	AAG	ACG	K	T	0.009222	#e8d6ccff	-1.0
500	ACT	ACG	T	T	0.002427	palegreen	5.0
435	GCT	TCT	A	S	0.005376	#d1dae9ff	1.0
453	TAT	TCT	Y	S	0.001242	#f1cdbaff	-2.0
463	CCT	TCT	P	S	0.001815	#e8d6ccff	-1.0
469	TCA	TCT	S	S	0.005003	palegreen	4.0
470	ACT	TCT	T	S	0.002100	#d1dae9ff	1.0
479	CCT	TCT	P	S	0.002105	#e8d6ccff	-1.0
486	TTT	TCT	F	S	0.001772	#f1cdbaff	-2.0
490	TTT	TCT	F	S	0.195699	#f1cdbaff	-2.0
494	TCA	TCT	S	S	0.035047	palegreen	4.0
500	ACT	TCT	T	S	0.002598	#d1dae9ff	1.0
523	ACT	TCT	T	S	0.001369	#d1dae9ff	1.0
527	CCT	TCT	P	S	0.010992	#e8d6ccff	-1.0
438	TCT	TCC	S	S	0.004757	palegreen	4.0
443	TCT	TCC	S	S	0.001342	palegreen	4.0
451	TAC	TCC	Y	S	0.001025	#f1cdbaff	-2.0
459	TCT	TCC	S	S	0.005405	palegreen	4.0
490	TTT	TCC	F	S	0.001812	#f1cdbaff	-2.0
494	TCA	TCC	S	S	0.010348	palegreen	4.0
499	CCC	TCC	P	S	0.001138	#e8d6ccff	-1.0
514	TCT	TCC	S	S	0.010562	palegreen	4.0
438	TCT	TCA	S	S	0.003336	palegreen	4.0
443	TCT	TCA	S	S	0.011525	palegreen	4.0
459	TCT	TCA	S	S	0.002383	palegreen	4.0
490	TTT	TCA	F	S	0.001172	#f1cdbaff	-2.0
514	TCT	TCA	S	S	0.006179	palegreen	4.0
521	CCA	TCA	P	S	0.006528	#e8d6ccff	-1.0
522	GCA	TCA	A	S	0.002884	#d1dae9ff	1.0
443	TCT	TCG	S	S	0.009440	palegreen	4.0
469	TCA	TCG	S	S	0.024448	palegreen	4.0
494	TCA	TCG	S	S	0.005820	palegreen	4.0
514	TCT	TCG	S	S	0.002298	palegreen	4.0
444	AAG	AGT	K	S	0.003314	#dcddddff	0.0
446	GGT	AGT	G	S	0.004097	#dcddddff	0.0
454	AGA	AGT	R	S	0.001010	#e8d6ccff	-1.0
481	AAT	AGT	N	S	0.006770	#d1dae9ff	1.0
482	GGT	AGT	G	S	0.002147	#dcddddff	0.0
484	GAA	AGT	E	S	0.002747	#dcddddff	0.0
485	GGT	AGT	G	S	0.001179	#dcddddff	0.0
488	TGT	AGT	C	S	0.001354	#e8d6ccff	-1.0
496	GGT	AGT	G	S	0.001482	#dcddddff	0.0
523	ACT	AGT	T	S	0.003376	#d1dae9ff	1.0
441	CTT	CAT	L	H	0.001861	#f5c1a9ff	-3.0
473	TAT	CAT	Y	H	0.001479	#c3d5f4ff	2.0
479	CCT	CAT	P	H	0.001654	#f1cdbaff	-2.0
493	CAA	CAT	Q	H	0.008960	#dcddddff	0.0
501	AAT	CAT	N	H	0.001361	#d1dae9ff	1.0
505	TAC	CAT	Y	H	0.030834	#c3d5f4ff	2.0
517	CTT	CAT	L	H	0.006733	#f5c1a9ff	-3.0
527	CCT	CAT	P	H	0.007182	#f1cdbaff	-2.0
439	AAC	CAC	N	H	0.003547	#d1dae9ff	1.0
451	TAC	CAC	Y	H	0.001194	#c3d5f4ff	2.0
499	CCC	CAC	P	H	0.003170	#f1cdbaff	-2.0
505	TAC	CAC	Y	H	0.952801	#c3d5f4ff	2.0
508	TAC	CAC	Y	H	0.089020	#c3d5f4ff	2.0
519	CAT	CAC	H	H	0.037988	palegreen	8.0
434	ATA	ATG	I	M	0.004650	#d1dae9ff	1.0
440	AAT	ATG	N	M	0.001683	#f1cdbaff	-2.0
444	AAG	ATG	K	M	0.002986	#e8d6ccff	-1.0
452	CTG	ATG	L	M	0.726105	#c3d5f4ff	2.0
455	TTG	ATG	L	M	0.010713	#c3d5f4ff	2.0
458	AAG	ATG	K	M	0.001676	#e8d6ccff	-1.0
460	AAT	ATG	N	M	0.006112	#f1cdbaff	-2.0
468	ATT	ATG	I	M	0.003893	#d1dae9ff	1.0
478	ACA	ATG	T	M	0.001482	#e8d6ccff	-1.0
441	CTT	CCT	L	P	0.001036	#f5c1a9ff	-3.0
459	TCT	CCT	S	P	0.001021	#e8d6ccff	-1.0
499	CCC	CCT	P	P	0.002982	palegreen	7.0
507	CCA	CCT	P	P	0.011384	palegreen	7.0
517	CTT	CCT	L	P	0.001239	#f5c1a9ff	-3.0
519	CAT	CCT	H	P	0.001530	#f1cdbaff	-2.0
521	CCA	CCT	P	P	0.013243	palegreen	7.0
463	CCT	CCC	P	P	0.005416	palegreen	7.0
479	CCT	CCC	P	P	0.001867	palegreen	7.0
491	CCT	CCC	P	P	0.001256	palegreen	7.0
507	CCA	CCC	P	P	0.006670	palegreen	7.0
521	CCA	CCC	P	P	0.002089	palegreen	7.0
527	CCT	CCC	P	P	0.001754	palegreen	7.0
463	CCT	CCA	P	P	0.005867	palegreen	7.0
479	CCT	CCA	P	P	0.003900	palegreen	7.0
491	CCT	CCA	P	P	0.007348	palegreen	7.0
499	CCC	CCA	P	P	0.002254	palegreen	7.0
520	GCA	CCA	A	P	0.005973	#e8d6ccff	-1.0
522	GCA	CCA	A	P	0.008044	#e8d6ccff	-1.0
527	CCT	CCA	P	P	0.003479	palegreen	7.0
479	CCT	CCG	P	P	0.002506	palegreen	7.0
491	CCT	CCG	P	P	0.002633	palegreen	7.0
507	CCA	CCG	P	P	0.010299	palegreen	7.0
521	CCA	CCG	P	P	0.012998	palegreen	7.0
432	TGC	TGG	C	W	0.003032	#f1cdbaff	-2.0
457	AGG	TGG	R	W	0.001634	#f5c1a9ff	-3.0
438	TCT	TAT	S	Y	0.001885	#f1cdbaff	-2.0
451	TAC	TAT	Y	Y	0.002207	palegreen	7.0
464	TTT	TAT	F	Y	0.047990	#b5cdfaff	3.0
480	TGT	TAT	C	Y	0.001115	#f1cdbaff	-2.0
481	AAT	TAT	N	Y	0.001632	#f1cdbaff	-2.0
486	TTT	TAT	F	Y	0.001523	#b5cdfaff	3.0
489	TAC	TAT	Y	Y	0.002335	palegreen	7.0
490	TTT	TAT	F	Y	0.054322	#b5cdfaff	3.0
501	AAT	TAT	N	Y	0.983812	#f1cdbaff	-2.0
508	TAC	TAT	Y	Y	0.010664	palegreen	7.0
439	AAC	TAC	N	Y	0.001989	#f1cdbaff	-2.0
449	TAT	TAC	Y	Y	0.004960	palegreen	7.0
453	TAT	TAC	Y	Y	0.009206	palegreen	7.0
473	TAT	TAC	Y	Y	0.001399	palegreen	7.0
495	TAT	TAC	Y	Y	0.004194	palegreen	7.0
501	AAT	TAC	N	Y	0.012520	#f1cdbaff	-2.0
438	TCT	TTT	S	F	0.001169	#f1cdbaff	-2.0
453	TAT	TTT	Y	F	0.159868	#b5cdfaff	3.0
473	TAT	TTT	Y	F	0.002132	#b5cdfaff	3.0
497	TTC	TTT	F	F	0.005840	palegreen	6.0
501	AAT	TTT	N	F	0.001287	#f5c1a9ff	-3.0
517	CTT	TTT	L	F	0.001883	#dcddddff	0.0
451	TAC	TTC	Y	F	0.002417	#b5cdfaff	3.0
453	TAT	TTC	Y	F	0.008198	#b5cdfaff	3.0
455	TTG	TTC	L	F	0.002426	#dcddddff	0.0
456	TTT	TTC	F	F	0.005301	palegreen	6.0
464	TTT	TTC	F	F	0.006517	palegreen	6.0
486	TTT	TTC	F	F	0.002312	palegreen	6.0
489	TAC	TTC	Y	F	0.001401	#b5cdfaff	3.0
490	TTT	TTC	F	F	0.004627	palegreen	6.0
508	TAC	TTC	Y	F	0.006178	#b5cdfaff	3.0
515	TTT	TTC	F	F	0.009151	palegreen	6.0
435	GCT	GTT	A	V	0.002956	#dcddddff	0.0
441	CTT	GTT	L	V	0.012994	#d1dae9ff	1.0
468	ATT	GTT	I	V	0.005164	#b5cdfaff	3.0
510	GTA	GTT	V	V	0.006106	palegreen	4.0
511	GTA	GTT	V	V	0.004850	palegreen	4.0
512	GTA	GTT	V	V	0.002830	palegreen	4.0
517	CTT	GTT	L	V	0.001933	#d1dae9ff	1.0
433	GTT	GTC	V	V	0.004655	palegreen	4.0
445	GTT	GTC	V	V	0.006350	palegreen	4.0
472	ATC	GTC	I	V	0.001708	#b5cdfaff	3.0
475	GCC	GTC	A	V	0.003100	#dcddddff	0.0
483	GTT	GTC	V	V	0.003178	palegreen	4.0
503	GTT	GTC	V	V	0.004136	palegreen	4.0
524	GTT	GTC	V	V	0.003794	palegreen	4.0
433	GTT	GTA	V	V	0.001502	palegreen	4.0
434	ATA	GTA	I	V	0.002227	#b5cdfaff	3.0
445	GTT	GTA	V	V	0.009739	palegreen	4.0
471	GAA	GTA	E	V	0.001361	#f1cdbaff	-2.0
503	GTT	GTA	V	V	0.009230	palegreen	4.0
520	GCA	GTA	A	V	0.002352	#dcddddff	0.0
522	GCA	GTA	A	V	0.001181	#dcddddff	0.0
524	GTT	GTA	V	V	0.015602	palegreen	4.0
526	GGA	GTA	G	V	0.003291	#f5c1a9ff	-3.0
445	GTT	GTG	V	V	0.004368	palegreen	4.0
510	GTA	GTG	V	V	0.003663	palegreen	4.0
511	GTA	GTG	V	V	0.008959	palegreen	4.0
512	GTA	GTG	V	V	0.008134	palegreen	4.0
524	GTT	GTG	V	V	0.023627	palegreen	4.0
434	ATA	TTA	I	L	0.004577	#c3d5f4ff	2.0
455	TTG	TTA	L	L	0.004936	palegreen	4.0
486	TTT	TTA	F	L	0.002965	#dcddddff	0.0
511	GTA	TTA	V	L	0.001198	#d1dae9ff	1.0
518	CTA	TTA	L	L	0.004335	palegreen	4.0
492	TTA	TTG	L	L	0.001726	palegreen	4.0
445	GTT	CTT	V	L	0.007485	#d1dae9ff	1.0
461	CTC	CTT	L	L	0.002862	palegreen	4.0
479	CCT	CTT	P	L	0.001000	#f5c1a9ff	-3.0
486	TTT	CTT	F	L	0.001620	#dcddddff	0.0
490	TTT	CTT	F	L	0.001301	#dcddddff	0.0
503	GTT	CTT	V	L	0.003612	#d1dae9ff	1.0
518	CTA	CTT	L	L	0.010579	palegreen	4.0
527	CCT	CTT	P	L	0.153106	#f5c1a9ff	-3.0
441	CTT	CTC	L	L	0.003896	palegreen	4.0
505	TAC	CTC	Y	L	0.001049	#e8d6ccff	-1.0
513	CTT	CTC	L	L	0.024208	palegreen	4.0
517	CTT	CTC	L	L	0.006415	palegreen	4.0
518	CTA	CTC	L	L	0.001115	palegreen	4.0
441	CTT	CTA	L	L	0.002874	palegreen	4.0
492	TTA	CTA	L	L	0.006741	palegreen	4.0
513	CTT	CTA	L	L	0.008027	palegreen	4.0
517	CTT	CTA	L	L	0.005609	palegreen	4.0
521	CCA	CTA	P	L	0.004370	#f5c1a9ff	-3.0
441	CTT	CTG	L	L	0.001322	palegreen	4.0
455	TTG	CTG	L	L	0.004924	palegreen	4.0
474	CAG	CTG	Q	L	0.001461	#f1cdbaff	-2.0
513	CTT	CTG	L	L	0.002314	palegreen	4.0
518	CTA	CTG	L	L	0.001732	palegreen	4.0
434	ATA	ATT	I	I	0.008437	palegreen	4.0
437	AAT	ATT	N	I	0.001194	#f5c1a9ff	-3.0
441	CTT	ATT	L	I	0.001909	#c3d5f4ff	2.0
445	GTT	ATT	V	I	0.001682	#b5cdfaff	3.0
470	ACT	ATT	T	I	0.002255	#e8d6ccff	-1.0
472	ATC	ATT	I	I	0.001765	palegreen	4.0
481	AAT	ATT	N	I	0.002039	#f5c1a9ff	-3.0
483	GTT	ATT	V	I	0.001235	#b5cdfaff	3.0
486	TTT	ATT	F	I	0.010605	#dcddddff	0.0
490	TTT	ATT	F	I	0.001585	#dcddddff	0.0
503	GTT	ATT	V	I	0.005775	#b5cdfaff	3.0
524	GTT	ATT	V	I	0.002368	#b5cdfaff	3.0
461	CTC	ATC	L	I	0.009498	#c3d5f4ff	2.0
468	ATT	ATC	I	I	0.025329	palegreen	4.0
483	GTT	ATC	V	I	0.001392	#b5cdfaff	3.0
513	CTT	ATC	L	I	0.001518	#c3d5f4ff	2.0
433	GTT	ATA	V	I	0.001155	#b5cdfaff	3.0
452	CTG	ATA	L	I	0.001667	#c3d5f4ff	2.0
468	ATT	ATA	I	I	0.007221	palegreen	4.0
472	ATC	ATA	I	I	0.007178	palegreen	4.0
478	ACA	ATA	T	I	0.002879	#e8d6ccff	-1.0
492	TTA	ATA	L	I	0.002655	#c3d5f4ff	2.0
512	GTA	ATA	V	I	0.001361	#b5cdfaff	3.0
518	CTA	ATA	L	I	0.005429	#c3d5f4ff	2.0
445	GTT	GCT	V	A	0.005846	#dcddddff	0.0
446	GGT	GCT	G	A	0.002325	#dcddddff	0.0
459	TCT	GCT	S	A	0.001097	#d1dae9ff	1.0
470	ACT	GCT	T	A	0.001117	#dcddddff	0.0
475	GCC	GCT	A	A	0.005189	palegreen	4.0
479	CCT	GCT	P	A	0.001272	#e8d6ccff	-1.0
483	GTT	GCT	V	A	0.002096	#dcddddff	0.0
484	GAA	GCT	E	A	0.001238	#e8d6ccff	-1.0
496	GGT	GCT	G	A	0.001156	#dcddddff	0.0
500	ACT	GCT	T	A	0.001385	#dcddddff	0.0
503	GTT	GCT	V	A	0.004223	#dcddddff	0.0
504	GGT	GCT	G	A	0.006839	#dcddddff	0.0
520	GCA	GCT	A	A	0.001866	palegreen	4.0
522	GCA	GCT	A	A	0.005970	palegreen	4.0
523	ACT	GCT	T	A	0.005784	#dcddddff	0.0
527	CCT	GCT	P	A	0.007407	#e8d6ccff	-1.0
435	GCT	GCC	A	A	0.005353	palegreen	4.0
522	GCA	GCC	A	A	0.001791	palegreen	4.0
435	GCT	GCA	A	A	0.015286	palegreen	4.0
469	TCA	GCA	S	A	0.001186	#d1dae9ff	1.0
475	GCC	GCA	A	A	0.002708	palegreen	4.0
484	GAA	GCA	E	A	0.174352	#e8d6ccff	-1.0
494	TCA	GCA	S	A	0.001158	#d1dae9ff	1.0
521	CCA	GCA	P	A	0.004038	#e8d6ccff	-1.0
475	GCC	GCG	A	A	0.004283	palegreen	4.0
484	GAA	GCG	E	A	0.003088	#e8d6ccff	-1.0
520	GCA	GCG	A	A	0.005136	palegreen	4.0
522	GCA	GCG	A	A	0.006135	palegreen	4.0
431	GGC	GGT	G	G	0.003089	palegreen	6.0
435	GCT	GGT	A	G	0.029308	#dcddddff	0.0
445	GTT	GGT	V	G	0.003847	#f5c1a9ff	-3.0
503	GTT	GGT	V	G	0.001507	#f5c1a9ff	-3.0
524	GTT	GGT	V	G	0.001130	#f5c1a9ff	-3.0
526	GGA	GGT	G	G	0.009187	palegreen	6.0
446	GGT	GGC	G	G	0.002890	palegreen	6.0
447	GGT	GGC	G	G	0.001863	palegreen	6.0
476	GGT	GGC	G	G	0.003168	palegreen	6.0
482	GGT	GGC	G	G	0.011498	palegreen	6.0
485	GGT	GGC	G	G	0.004373	palegreen	6.0
496	GGT	GGC	G	G	0.014762	palegreen	6.0
502	GGT	GGC	G	G	0.009881	palegreen	6.0
504	GGT	GGC	G	G	0.006163	palegreen	6.0
431	GGC	GGA	G	G	0.001519	palegreen	6.0
446	GGT	GGA	G	G	0.007520	palegreen	6.0
447	GGT	GGA	G	G	0.001833	palegreen	6.0
471	GAA	GGA	E	G	0.007017	#f1cdbaff	-2.0
476	GGT	GGA	G	G	0.009874	palegreen	6.0
482	GGT	GGA	G	G	0.005646	palegreen	6.0
485	GGT	GGA	G	G	0.005686	palegreen	6.0
493	CAA	GGA	Q	G	0.406931	#f1cdbaff	-2.0
496	GGT	GGA	G	G	0.007881	palegreen	6.0
502	GGT	GGA	G	G	0.002094	palegreen	6.0
504	GGT	GGA	G	G	0.009893	palegreen	6.0
520	GCA	GGA	A	G	0.102909	#dcddddff	0.0
522	GCA	GGA	A	G	0.001190	#dcddddff	0.0
431	GGC	GGG	G	G	0.002759	palegreen	6.0
446	GGT	GGG	G	G	0.001874	palegreen	6.0
457	AGG	GGG	R	G	0.001131	#f1cdbaff	-2.0
493	CAA	GGG	Q	G	0.001452	#f1cdbaff	-2.0
496	GGT	GGG	G	G	0.002326	palegreen	6.0
502	GGT	GGG	G	G	0.002952	palegreen	6.0
526	GGA	GGG	G	G	0.005615	palegreen	6.0
473	TAT	TAA	Y	*	0.002693	#f7b396ff	-4.0
