432	TGC	TGT	C	C	0.007860	palegreen	9.0
438	TCT	TGT	S	C	0.001052	#e8d6ccff	-1.0
443	TCT	TGT	S	C	0.036473	#e8d6ccff	-1.0
436	TGG	TGC	W	C	0.001998	#f1cdbaff	-2.0
480	TGT	TGC	C	C	0.001443	palegreen	9.0
488	TGT	TGC	C	C	0.003058	palegreen	9.0
525	TGT	TGC	C	C	0.001392	palegreen	9.0
446	GGT	CGT	G	R	0.001273	#f1cdbaff	-2.0
498	CAA	CGT	Q	R	0.007098	#d1dae9ff	1.0
519	CAT	CGT	H	R	0.001075	#dcddddff	0.0
527	CCT	CGT	P	R	0.001395	#f1cdbaff	-2.0
431	GGC	CGC	G	R	0.001883	#f1cdbaff	-2.0
493	CAA	CGA	Q	R	0.179822	#d1dae9ff	1.0
498	CAA	CGA	Q	R	0.984757	#d1dae9ff	1.0
521	CCA	CGA	P	R	0.002773	#f1cdbaff	-2.0
526	GGA	CGA	G	R	0.001886	#f1cdbaff	-2.0
452	CTG	CGG	L	R	0.013284	#f1cdbaff	-2.0
498	CAA	CGG	Q	R	0.002878	#d1dae9ff	1.0
444	AAG	AGA	K	R	0.001395	#c3d5f4ff	2.0
462	AAA	AGA	K	R	0.003254	#c3d5f4ff	2.0
478	ACA	AGA	T	R	0.005352	#e8d6ccff	-1.0
484	GAA	AGA	E	R	0.697723	#dcddddff	0.0
498	CAA	AGA	Q	R	0.002855	#d1dae9ff	1.0
436	TGG	AGG	W	R	0.001245	#f5c1a9ff	-3.0
444	AAG	AGG	K	R	0.667980	#c3d5f4ff	2.0
452	CTG	AGG	L	R	0.001287	#f1cdbaff	-2.0
454	AGA	AGG	R	R	0.001746	palegreen	5.0
466	AGA	AGG	R	R	0.001597	palegreen	5.0
484	GAA	AGG	E	R	0.001189	#dcddddff	0.0
509	AGA	AGG	R	R	0.001082	palegreen	5.0
434	ATA	AAA	I	K	0.001513	#f5c1a9ff	-3.0
440	AAT	AAA	N	K	0.002603	#dcddddff	0.0
444	AAG	AAA	K	K	0.004426	palegreen	5.0
458	AAG	AAA	K	K	0.001895	palegreen	5.0
460	AAT	AAA	N	K	0.149738	#dcddddff	0.0
478	ACA	AAA	T	K	0.988230	#e8d6ccff	-1.0
440	AAT	AAG	N	K	0.990733	#dcddddff	0.0
452	CTG	AAG	L	K	0.005551	#f1cdbaff	-2.0
460	AAT	AAG	N	K	0.726355	#dcddddff	0.0
462	AAA	AAG	K	K	0.001293	palegreen	5.0
478	ACA	GAA	T	E	0.001622	#e8d6ccff	-1.0
520	GCA	GAA	A	E	0.002091	#e8d6ccff	-1.0
528	AAA	GAA	K	E	0.001025	#d1dae9ff	1.0
458	AAG	GAG	K	E	0.003506	#d1dae9ff	1.0
471	GAA	GAG	E	E	0.004387	palegreen	5.0
516	GAA	GAG	E	E	0.003208	palegreen	5.0
518	CTA	CAA	L	Q	0.004786	#f1cdbaff	-2.0
519	CAT	CAA	H	Q	0.003298	#dcddddff	0.0
521	CCA	CAA	P	Q	0.001495	#e8d6ccff	-1.0
452	CTG	CAG	L	Q	0.034202	#f1cdbaff	-2.0
493	CAA	CAG	Q	Q	0.001237	palegreen	5.0
506	CAA	CAG	Q	Q	0.027334	palegreen	5.0
433	GTT	GAT	V	D	0.001090	#f5c1a9ff	-3.0
445	GTT	GAT	V	D	0.001011	#f5c1a9ff	-3.0
446	GGT	GAT	G	D	0.002357	#e8d6ccff	-1.0
450	AAT	GAT	N	D	0.710082	#d1dae9ff	1.0
471	GAA	GAT	E	D	0.009545	#c3d5f4ff	2.0
503	GTT	GAT	V	D	0.004622	#f5c1a9ff	-3.0
504	GGT	GAT	G	D	0.004647	#e8d6ccff	-1.0
519	CAT	GAT	H	D	0.012222	#e8d6ccff	-1.0
442	GAT	GAC	D	D	0.004611	palegreen	6.0
450	AAT	GAC	N	D	0.002105	#d1dae9ff	1.0
467	GAT	GAC	D	D	0.001245	palegreen	6.0
439	AAC	AAT	N	N	0.001443	palegreen	6.0
477	AGC	AAT	S	N	0.001224	#d1dae9ff	1.0
478	ACA	AAT	T	N	0.001128	#dcddddff	0.0
519	CAT	AAT	H	N	0.008491	#d1dae9ff	1.0
437	AAT	AAC	N	N	0.001866	palegreen	6.0
440	AAT	AAC	N	N	0.001855	palegreen	6.0
477	AGC	AAC	S	N	0.996662	#d1dae9ff	1.0
481	AAT	AAC	N	N	0.001218	palegreen	6.0
487	AAT	AAC	N	N	0.002196	palegreen	6.0
438	TCT	ACT	S	T	0.001608	#d1dae9ff	1.0
443	TCT	ACT	S	T	0.001053	#d1dae9ff	1.0
459	TCT	ACT	S	T	0.002538	#d1dae9ff	1.0
468	ATT	ACT	I	T	0.004601	#e8d6ccff	-1.0
481	AAT	ACT	N	T	0.001075	#dcddddff	0.0
514	TCT	ACT	S	T	0.003796	#d1dae9ff	1.0
527	CCT	ACT	P	T	0.001435	#e8d6ccff	-1.0
470	ACT	ACC	T	T	0.004269	palegreen	5.0
500	ACT	ACC	T	T	0.002121	palegreen	5.0
523	ACT	ACC	T	T	0.004875	palegreen	5.0
469	TCA	ACA	S	T	0.002640	#d1dae9ff	1.0
470	ACT	ACA	T	T	0.004708	palegreen	5.0
484	GAA	ACA	E	T	0.001677	#e8d6ccff	-1.0
500	ACT	ACA	T	T	0.003702	palegreen	5.0
520	GCA	ACA	A	T	0.001784	#dcddddff	0.0
522	GCA	ACA	A	T	0.001622	#dcddddff	0.0
523	ACT	ACA	T	T	0.005571	palegreen	5.0
430	ACA	ACG	T	T	0.003265	palegreen	5.0
444	AAG	ACG	K	T	0.009851	#e8d6ccff	-1.0
435	GCT	TCT	A	S	0.002851	#d1dae9ff	1.0
469	TCA	TCT	S	S	0.002466	palegreen	4.0
470	ACT	TCT	T	S	0.001612	#d1dae9ff	1.0
490	TTT	TCT	F	S	0.033411	#f1cdbaff	-2.0
494	TCA	TCT	S	S	0.009966	palegreen	4.0
523	ACT	TCT	T	S	0.001721	#d1dae9ff	1.0
527	CCT	TCT	P	S	0.003248	#e8d6ccff	-1.0
432	TGC	TCC	C	S	0.002345	#e8d6ccff	-1.0
438	TCT	TCC	S	S	0.002692	palegreen	4.0
443	TCT	TCC	S	S	0.001170	palegreen	4.0
459	TCT	TCC	S	S	0.002367	palegreen	4.0
494	TCA	TCC	S	S	0.001281	palegreen	4.0
514	TCT	TCC	S	S	0.004312	palegreen	4.0
438	TCT	TCA	S	S	0.001695	palegreen	4.0
443	TCT	TCA	S	S	0.007090	palegreen	4.0
459	TCT	TCA	S	S	0.002044	palegreen	4.0
514	TCT	TCA	S	S	0.002797	palegreen	4.0
522	GCA	TCA	A	S	0.001054	#d1dae9ff	1.0
436	TGG	TCG	W	S	0.001786	#f5c1a9ff	-3.0
443	TCT	TCG	S	S	0.003148	palegreen	4.0
469	TCA	TCG	S	S	0.004511	palegreen	4.0
494	TCA	TCG	S	S	0.001336	palegreen	4.0
446	GGT	AGT	G	S	0.001849	#dcddddff	0.0
466	AGA	AGT	R	S	0.002585	#e8d6ccff	-1.0
481	AAT	AGT	N	S	0.001009	#d1dae9ff	1.0
500	ACT	AGT	T	S	0.001512	#d1dae9ff	1.0
523	ACT	AGT	T	S	0.001960	#d1dae9ff	1.0
441	CTT	CAT	L	H	0.001910	#f5c1a9ff	-3.0
442	GAT	CAT	D	H	0.001953	#e8d6ccff	-1.0
493	CAA	CAT	Q	H	0.001804	#dcddddff	0.0
505	TAC	CAT	Y	H	0.004524	#c3d5f4ff	2.0
517	CTT	CAT	L	H	0.001800	#f5c1a9ff	-3.0
527	CCT	CAT	P	H	0.002622	#f1cdbaff	-2.0
451	TAC	CAC	Y	H	0.001476	#c3d5f4ff	2.0
505	TAC	CAC	Y	H	0.991090	#c3d5f4ff	2.0
508	TAC	CAC	Y	H	0.016565	#c3d5f4ff	2.0
519	CAT	CAC	H	H	0.027799	palegreen	8.0
452	CTG	ATG	L	M	0.712136	#c3d5f4ff	2.0
455	TTG	ATG	L	M	0.004259	#c3d5f4ff	2.0
458	AAG	ATG	K	M	0.005943	#e8d6ccff	-1.0
435	GCT	CCT	A	P	0.001844	#e8d6ccff	-1.0
490	TTT	CCT	F	P	0.003259	#f7b396ff	-4.0
499	CCC	CCT	P	P	0.001175	palegreen	7.0
507	CCA	CCT	P	P	0.017464	palegreen	7.0
517	CTT	CCT	L	P	0.003993	#f5c1a9ff	-3.0
521	CCA	CCT	P	P	0.007477	palegreen	7.0
463	CCT	CCC	P	P	0.003995	palegreen	7.0
479	CCT	CCC	P	P	0.001642	palegreen	7.0
491	CCT	CCC	P	P	0.001061	palegreen	7.0
521	CCA	CCC	P	P	0.001351	palegreen	7.0
527	CCT	CCC	P	P	0.001633	palegreen	7.0
463	CCT	CCA	P	P	0.007028	palegreen	7.0
479	CCT	CCA	P	P	0.002227	palegreen	7.0
491	CCT	CCA	P	P	0.001917	palegreen	7.0
494	TCA	CCA	S	P	0.001446	#e8d6ccff	-1.0
499	CCC	CCA	P	P	0.001066	palegreen	7.0
520	GCA	CCA	A	P	0.007894	#e8d6ccff	-1.0
522	GCA	CCA	A	P	0.010220	#e8d6ccff	-1.0
527	CCT	CCA	P	P	0.002099	palegreen	7.0
479	CCT	CCG	P	P	0.002982	palegreen	7.0
507	CCA	CCG	P	P	0.003842	palegreen	7.0
521	CCA	CCG	P	P	0.003950	palegreen	7.0
432	TGC	TGG	C	W	0.003616	#f1cdbaff	-2.0
464	TTT	TAT	F	Y	0.010421	#b5cdfaff	3.0
489	TAC	TAT	Y	Y	0.001618	palegreen	7.0
490	TTT	TAT	F	Y	0.009372	#b5cdfaff	3.0
501	AAT	TAT	N	Y	0.995293	#f1cdbaff	-2.0
508	TAC	TAT	Y	Y	0.002296	palegreen	7.0
514	TCT	TAT	S	Y	0.005426	#f1cdbaff	-2.0
439	AAC	TAC	N	Y	0.002602	#f1cdbaff	-2.0
453	TAT	TAC	Y	Y	0.001000	palegreen	7.0
473	TAT	TAC	Y	Y	0.003006	palegreen	7.0
495	TAT	TAC	Y	Y	0.003551	palegreen	7.0
501	AAT	TAC	N	Y	0.003025	#f1cdbaff	-2.0
453	TAT	TTT	Y	F	0.140383	#b5cdfaff	3.0
497	TTC	TTT	F	F	0.001820	palegreen	6.0
451	TAC	TTC	Y	F	0.006359	#b5cdfaff	3.0
464	TTT	TTC	F	F	0.009261	palegreen	6.0
486	TTT	TTC	F	F	0.004198	palegreen	6.0
490	TTT	TTC	F	F	0.007965	palegreen	6.0
508	TAC	TTC	Y	F	0.006236	#b5cdfaff	3.0
515	TTT	TTC	F	F	0.007540	palegreen	6.0
441	CTT	GTT	L	V	0.013603	#d1dae9ff	1.0
468	ATT	GTT	I	V	0.001820	#b5cdfaff	3.0
486	TTT	GTT	F	V	0.002242	#e8d6ccff	-1.0
510	GTA	GTT	V	V	0.002330	palegreen	4.0
511	GTA	GTT	V	V	0.001498	palegreen	4.0
512	GTA	GTT	V	V	0.004370	palegreen	4.0
433	GTT	GTC	V	V	0.008332	palegreen	4.0
445	GTT	GTC	V	V	0.001337	palegreen	4.0
483	GTT	GTC	V	V	0.003120	palegreen	4.0
503	GTT	GTC	V	V	0.003129	palegreen	4.0
524	GTT	GTC	V	V	0.001121	palegreen	4.0
433	GTT	GTA	V	V	0.001796	palegreen	4.0
445	GTT	GTA	V	V	0.003019	palegreen	4.0
483	GTT	GTA	V	V	0.001328	palegreen	4.0
503	GTT	GTA	V	V	0.004193	palegreen	4.0
522	GCA	GTA	A	V	0.001228	#dcddddff	0.0
524	GTT	GTA	V	V	0.005409	palegreen	4.0
465	GAG	GTG	E	V	0.001271	#f1cdbaff	-2.0
510	GTA	GTG	V	V	0.002701	palegreen	4.0
511	GTA	GTG	V	V	0.007310	palegreen	4.0
512	GTA	GTG	V	V	0.003087	palegreen	4.0
524	GTT	GTG	V	V	0.006482	palegreen	4.0
434	ATA	TTA	I	L	0.002192	#c3d5f4ff	2.0
492	TTA	TTG	L	L	0.002419	palegreen	4.0
433	GTT	CTT	V	L	0.002049	#d1dae9ff	1.0
445	GTT	CTT	V	L	0.001754	#d1dae9ff	1.0
461	CTC	CTT	L	L	0.001305	palegreen	4.0
503	GTT	CTT	V	L	0.001124	#d1dae9ff	1.0
518	CTA	CTT	L	L	0.010021	palegreen	4.0
524	GTT	CTT	V	L	0.003070	#d1dae9ff	1.0
527	CCT	CTT	P	L	0.069176	#f5c1a9ff	-3.0
441	CTT	CTC	L	L	0.003370	palegreen	4.0
513	CTT	CTC	L	L	0.006773	palegreen	4.0
517	CTT	CTC	L	L	0.002236	palegreen	4.0
441	CTT	CTA	L	L	0.010524	palegreen	4.0
492	TTA	CTA	L	L	0.008331	palegreen	4.0
493	CAA	CTA	Q	L	0.004301	#f1cdbaff	-2.0
513	CTT	CTA	L	L	0.003063	palegreen	4.0
517	CTT	CTA	L	L	0.002212	palegreen	4.0
455	TTG	CTG	L	L	0.001992	palegreen	4.0
518	CTA	CTG	L	L	0.001901	palegreen	4.0
434	ATA	ATT	I	I	0.009219	palegreen	4.0
437	AAT	ATT	N	I	0.001678	#f5c1a9ff	-3.0
441	CTT	ATT	L	I	0.001314	#c3d5f4ff	2.0
445	GTT	ATT	V	I	0.001237	#b5cdfaff	3.0
503	GTT	ATT	V	I	0.001104	#b5cdfaff	3.0
461	CTC	ATC	L	I	0.001440	#c3d5f4ff	2.0
468	ATT	ATC	I	I	0.005340	palegreen	4.0
468	ATT	ATA	I	I	0.003025	palegreen	4.0
472	ATC	ATA	I	I	0.001385	palegreen	4.0
478	ACA	ATA	T	I	0.001071	#e8d6ccff	-1.0
518	CTA	ATA	L	I	0.005093	#c3d5f4ff	2.0
445	GTT	GCT	V	A	0.001605	#dcddddff	0.0
446	GGT	GCT	G	A	0.001764	#dcddddff	0.0
475	GCC	GCT	A	A	0.001758	palegreen	4.0
483	GTT	GCT	V	A	0.002659	#dcddddff	0.0
503	GTT	GCT	V	A	0.001435	#dcddddff	0.0
504	GGT	GCT	G	A	0.001297	#dcddddff	0.0
520	GCA	GCT	A	A	0.002341	palegreen	4.0
522	GCA	GCT	A	A	0.003607	palegreen	4.0
527	CCT	GCT	P	A	0.003692	#e8d6ccff	-1.0
431	GGC	GCC	G	A	0.002180	#dcddddff	0.0
435	GCT	GCC	A	A	0.004169	palegreen	4.0
520	GCA	GCC	A	A	0.001042	palegreen	4.0
435	GCT	GCA	A	A	0.005870	palegreen	4.0
475	GCC	GCA	A	A	0.003599	palegreen	4.0
484	GAA	GCA	E	A	0.292110	#e8d6ccff	-1.0
521	CCA	GCA	P	A	0.001216	#e8d6ccff	-1.0
435	GCT	GCG	A	A	0.001167	palegreen	4.0
520	GCA	GCG	A	A	0.002814	palegreen	4.0
522	GCA	GCG	A	A	0.001694	palegreen	4.0
435	GCT	GGT	A	G	0.024676	#dcddddff	0.0
524	GTT	GGT	V	G	0.002024	#f5c1a9ff	-3.0
526	GGA	GGT	G	G	0.002440	palegreen	6.0
446	GGT	GGC	G	G	0.001280	palegreen	6.0
476	GGT	GGC	G	G	0.001047	palegreen	6.0
482	GGT	GGC	G	G	0.002523	palegreen	6.0
485	GGT	GGC	G	G	0.001620	palegreen	6.0
496	GGT	GGC	G	G	0.018915	palegreen	6.0
502	GGT	GGC	G	G	0.002400	palegreen	6.0
504	GGT	GGC	G	G	0.004730	palegreen	6.0
431	GGC	GGA	G	G	0.001637	palegreen	6.0
446	GGT	GGA	G	G	0.001879	palegreen	6.0
447	GGT	GGA	G	G	0.001232	palegreen	6.0
471	GAA	GGA	E	G	0.002006	#f1cdbaff	-2.0
476	GGT	GGA	G	G	0.002695	palegreen	6.0
482	GGT	GGA	G	G	0.003311	palegreen	6.0
485	GGT	GGA	G	G	0.019651	palegreen	6.0
493	CAA	GGA	Q	G	0.158066	#f1cdbaff	-2.0
496	GGT	GGA	G	G	0.002464	palegreen	6.0
502	GGT	GGA	G	G	0.004166	palegreen	6.0
504	GGT	GGA	G	G	0.002769	palegreen	6.0
520	GCA	GGA	A	G	0.024502	#dcddddff	0.0
522	GCA	GGA	A	G	0.002149	#dcddddff	0.0
431	GGC	GGG	G	G	0.002391	palegreen	6.0
496	GGT	GGG	G	G	0.001747	palegreen	6.0
526	GGA	GGG	G	G	0.002129	palegreen	6.0
440	AAT	TAG	N	*	0.001296	#f7b396ff	-4.0
