351	TAT	TGT	Y	C	0.001096	#f1cdbaff	-2.0
369	TAT	TGT	Y	C	0.003531	#f1cdbaff	-2.0
391	TGC	TGT	C	C	0.004129	palegreen	9.0
396	TAT	TGT	Y	C	0.001279	#f1cdbaff	-2.0
400	TTT	TGT	F	C	0.001059	#f1cdbaff	-2.0
486	TTT	TGT	F	C	0.001646	#f1cdbaff	-2.0
490	TTT	TGT	F	C	0.001639	#f1cdbaff	-2.0
515	TTT	TGT	F	C	0.003366	#f1cdbaff	-2.0
359	AGC	TGC	S	C	0.001332	#e8d6ccff	-1.0
361	TGT	TGC	C	C	0.014469	palegreen	9.0
379	TGT	TGC	C	C	0.031852	palegreen	9.0
480	TGT	TGC	C	C	0.034723	palegreen	9.0
488	TGT	TGC	C	C	0.044611	palegreen	9.0
497	TTC	TGC	F	C	0.001110	#f1cdbaff	-2.0
508	TAC	TGC	Y	C	0.001364	#f1cdbaff	-2.0
361	TGT	CGT	C	R	0.002170	#f5c1a9ff	-3.0
498	CAA	CGT	Q	R	0.008239	#d1dae9ff	1.0
513	CTT	CGT	L	R	0.001534	#f1cdbaff	-2.0
359	AGC	CGC	S	R	0.002102	#e8d6ccff	-1.0
390	CTC	CGC	L	R	0.001594	#f1cdbaff	-2.0
391	TGC	CGC	C	R	0.025096	#f5c1a9ff	-3.0
498	CAA	CGC	Q	R	0.005589	#d1dae9ff	1.0
346	AGA	CGA	R	R	0.002888	palegreen	5.0
357	AGA	CGA	R	R	0.001893	palegreen	5.0
408	AGA	CGA	R	R	0.002545	palegreen	5.0
409	CAA	CGA	Q	R	0.001227	#d1dae9ff	1.0
414	CAA	CGA	Q	R	0.007573	#d1dae9ff	1.0
454	AGA	CGA	R	R	0.001784	palegreen	5.0
466	AGA	CGA	R	R	0.001093	palegreen	5.0
493	CAA	CGA	Q	R	0.003176	#d1dae9ff	1.0
498	CAA	CGA	Q	R	0.900622	#d1dae9ff	1.0
509	AGA	CGA	R	R	0.005051	palegreen	5.0
355	AGG	CGG	R	R	0.003326	palegreen	5.0
452	CTG	CGG	L	R	0.003196	#f1cdbaff	-2.0
457	AGG	CGG	R	R	0.005122	palegreen	5.0
474	CAG	CGG	Q	R	0.009052	#d1dae9ff	1.0
498	CAA	CGG	Q	R	0.045999	#d1dae9ff	1.0
355	AGG	AGA	R	R	0.003345	palegreen	5.0
381	GGA	AGA	G	R	0.002761	#f1cdbaff	-2.0
386	AAA	AGA	K	R	0.012654	#c3d5f4ff	2.0
457	AGG	AGA	R	R	0.001146	palegreen	5.0
462	AAA	AGA	K	R	0.017061	#c3d5f4ff	2.0
477	AGC	AGA	S	R	0.001024	#e8d6ccff	-1.0
484	GAA	AGA	E	R	0.014929	#dcddddff	0.0
498	CAA	AGA	Q	R	0.001234	#d1dae9ff	1.0
346	AGA	AGG	R	R	0.062008	palegreen	5.0
356	AAG	AGG	K	R	0.062654	#c3d5f4ff	2.0
357	AGA	AGG	R	R	0.070956	palegreen	5.0
378	AAG	AGG	K	R	0.032542	#c3d5f4ff	2.0
403	AGA	AGG	R	R	0.021227	palegreen	5.0
408	AGA	AGG	R	R	0.019498	palegreen	5.0
413	GGG	AGG	G	R	0.002071	#f1cdbaff	-2.0
444	AAG	AGG	K	R	0.023801	#c3d5f4ff	2.0
454	AGA	AGG	R	R	0.011325	palegreen	5.0
458	AAG	AGG	K	R	0.014212	#c3d5f4ff	2.0
466	AGA	AGG	R	R	0.029396	palegreen	5.0
509	AGA	AGG	R	R	0.031292	palegreen	5.0
346	AGA	AAA	R	K	0.004806	#c3d5f4ff	2.0
354	AAC	AAA	N	K	0.003282	#dcddddff	0.0
356	AAG	AAA	K	K	0.001714	palegreen	5.0
357	AGA	AAA	R	K	0.001899	#c3d5f4ff	2.0
360	AAC	AAA	N	K	0.001455	#dcddddff	0.0
370	AAT	AAA	N	K	0.002195	#dcddddff	0.0
378	AAG	AAA	K	K	0.002432	palegreen	5.0
394	AAT	AAA	N	K	0.002121	#dcddddff	0.0
408	AGA	AAA	R	K	0.007255	#c3d5f4ff	2.0
417	AAG	AAA	K	K	0.003440	palegreen	5.0
440	AAT	AAA	N	K	0.005808	#dcddddff	0.0
444	AAG	AAA	K	K	0.002539	palegreen	5.0
450	AAT	AAA	N	K	0.015144	#dcddddff	0.0
458	AAG	AAA	K	K	0.001483	palegreen	5.0
460	AAT	AAA	N	K	0.104723	#dcddddff	0.0
466	AGA	AAA	R	K	0.001038	#c3d5f4ff	2.0
471	GAA	AAA	E	K	0.001007	#d1dae9ff	1.0
478	ACA	AAA	T	K	0.001449	#e8d6ccff	-1.0
481	AAT	AAA	N	K	0.002657	#dcddddff	0.0
484	GAA	AAA	E	K	0.909051	#d1dae9ff	1.0
354	AAC	AAG	N	K	0.001819	#dcddddff	0.0
386	AAA	AAG	K	K	0.015987	palegreen	5.0
388	AAT	AAG	N	K	0.001000	#dcddddff	0.0
440	AAT	AAG	N	K	0.001650	#dcddddff	0.0
450	AAT	AAG	N	K	0.002093	#dcddddff	0.0
460	AAT	AAG	N	K	0.027855	#dcddddff	0.0
462	AAA	AAG	K	K	0.014382	palegreen	5.0
481	AAT	AAG	N	K	0.003527	#dcddddff	0.0
484	GAA	AAG	E	K	0.028592	#d1dae9ff	1.0
487	AAT	AAG	N	K	0.002476	#dcddddff	0.0
372	GCA	GAA	A	E	0.001157	#e8d6ccff	-1.0
386	AAA	GAA	K	E	0.028795	#d1dae9ff	1.0
389	GAT	GAA	D	E	0.003164	#c3d5f4ff	2.0
462	AAA	GAA	K	E	0.010649	#d1dae9ff	1.0
465	GAG	GAA	E	E	0.002855	palegreen	5.0
340	GAA	GAG	E	E	0.006355	palegreen	5.0
356	AAG	GAG	K	E	0.003872	#d1dae9ff	1.0
378	AAG	GAG	K	E	0.005980	#d1dae9ff	1.0
389	GAT	GAG	D	E	0.002180	#c3d5f4ff	2.0
398	GAT	GAG	D	E	0.002894	#c3d5f4ff	2.0
405	GAT	GAG	D	E	0.001724	#c3d5f4ff	2.0
406	GAA	GAG	E	E	0.040394	palegreen	5.0
444	AAG	GAG	K	E	0.010757	#d1dae9ff	1.0
458	AAG	GAG	K	E	0.015343	#d1dae9ff	1.0
471	GAA	GAG	E	E	0.037098	palegreen	5.0
484	GAA	GAG	E	E	0.001330	palegreen	5.0
462	AAA	CAA	K	Q	0.002787	#d1dae9ff	1.0
474	CAG	CAA	Q	Q	0.002779	palegreen	5.0
356	AAG	CAG	K	Q	0.001880	#d1dae9ff	1.0
378	AAG	CAG	K	Q	0.003891	#d1dae9ff	1.0
409	CAA	CAG	Q	Q	0.018278	palegreen	5.0
414	CAA	CAG	Q	Q	0.026826	palegreen	5.0
444	AAG	CAG	K	Q	0.004485	#d1dae9ff	1.0
452	CTG	CAG	L	Q	0.026085	#f1cdbaff	-2.0
458	AAG	CAG	K	Q	0.001404	#d1dae9ff	1.0
493	CAA	CAG	Q	Q	0.019486	palegreen	5.0
506	CAA	CAG	Q	Q	0.022829	palegreen	5.0
340	GAA	GAT	E	D	0.001364	#c3d5f4ff	2.0
352	GCT	GAT	A	D	0.002042	#f1cdbaff	-2.0
362	GTT	GAT	V	D	0.002133	#f5c1a9ff	-3.0
370	AAT	GAT	N	D	0.003686	#d1dae9ff	1.0
388	AAT	GAT	N	D	0.015562	#d1dae9ff	1.0
394	AAT	GAT	N	D	0.004868	#d1dae9ff	1.0
406	GAA	GAT	E	D	0.002505	#c3d5f4ff	2.0
417	AAG	GAT	K	D	0.003572	#e8d6ccff	-1.0
440	AAT	GAT	N	D	0.035284	#d1dae9ff	1.0
445	GTT	GAT	V	D	0.001938	#f5c1a9ff	-3.0
446	GGT	GAT	G	D	0.002377	#e8d6ccff	-1.0
448	AAT	GAT	N	D	0.002014	#d1dae9ff	1.0
450	AAT	GAT	N	D	0.015833	#d1dae9ff	1.0
460	AAT	GAT	N	D	0.001952	#d1dae9ff	1.0
471	GAA	GAT	E	D	0.007672	#c3d5f4ff	2.0
481	AAT	GAT	N	D	0.005885	#d1dae9ff	1.0
482	GGT	GAT	G	D	0.001552	#e8d6ccff	-1.0
483	GTT	GAT	V	D	0.003900	#f5c1a9ff	-3.0
495	TAT	GAT	Y	D	0.001710	#f5c1a9ff	-3.0
501	AAT	GAT	N	D	0.002062	#d1dae9ff	1.0
503	GTT	GAT	V	D	0.008619	#f5c1a9ff	-3.0
504	GGT	GAT	G	D	0.001957	#e8d6ccff	-1.0
340	GAA	GAC	E	D	0.002163	#c3d5f4ff	2.0
343	AAC	GAC	N	D	0.001008	#d1dae9ff	1.0
352	GCT	GAC	A	D	0.004832	#f1cdbaff	-2.0
354	AAC	GAC	N	D	0.029312	#d1dae9ff	1.0
360	AAC	GAC	N	D	0.020283	#d1dae9ff	1.0
364	GAT	GAC	D	D	0.038537	palegreen	6.0
367	GTC	GAC	V	D	0.005194	#f5c1a9ff	-3.0
389	GAT	GAC	D	D	0.015355	palegreen	6.0
398	GAT	GAC	D	D	0.033429	palegreen	6.0
405	GAT	GAC	D	D	0.027505	palegreen	6.0
442	GAT	GAC	D	D	0.032323	palegreen	6.0
467	GAT	GAC	D	D	0.009676	palegreen	6.0
471	GAA	GAC	E	D	0.002857	#c3d5f4ff	2.0
489	TAC	GAC	Y	D	0.001461	#f5c1a9ff	-3.0
505	TAC	GAC	Y	D	0.002857	#f5c1a9ff	-3.0
508	TAC	GAC	Y	D	0.002799	#f5c1a9ff	-3.0
343	AAC	AAT	N	N	0.004700	palegreen	6.0
354	AAC	AAT	N	N	0.005372	palegreen	6.0
360	AAC	AAT	N	N	0.006471	palegreen	6.0
364	GAT	AAT	D	N	0.004151	#d1dae9ff	1.0
376	ACT	AAT	T	N	0.001445	#dcddddff	0.0
386	AAA	AAT	K	N	0.003824	#dcddddff	0.0
389	GAT	AAT	D	N	0.005635	#d1dae9ff	1.0
396	TAT	AAT	Y	N	0.001150	#f1cdbaff	-2.0
417	AAG	AAT	K	N	0.573887	#dcddddff	0.0
439	AAC	AAT	N	N	0.002106	palegreen	6.0
458	AAG	AAT	K	N	0.003146	#dcddddff	0.0
470	ACT	AAT	T	N	0.003787	#dcddddff	0.0
484	GAA	AAT	E	N	0.002054	#dcddddff	0.0
359	AGC	AAC	S	N	0.004768	#d1dae9ff	1.0
370	AAT	AAC	N	N	0.033146	palegreen	6.0
388	AAT	AAC	N	N	0.015877	palegreen	6.0
394	AAT	AAC	N	N	0.026223	palegreen	6.0
417	AAG	AAC	K	N	0.006435	#dcddddff	0.0
437	AAT	AAC	N	N	0.027169	palegreen	6.0
440	AAT	AAC	N	N	0.014963	palegreen	6.0
444	AAG	AAC	K	N	0.001132	#dcddddff	0.0
448	AAT	AAC	N	N	0.014341	palegreen	6.0
450	AAT	AAC	N	N	0.014959	palegreen	6.0
460	AAT	AAC	N	N	0.025475	palegreen	6.0
462	AAA	AAC	K	N	0.002441	#dcddddff	0.0
477	AGC	AAC	S	N	0.033777	#d1dae9ff	1.0
481	AAT	AAC	N	N	0.012694	palegreen	6.0
487	AAT	AAC	N	N	0.021923	palegreen	6.0
344	GCC	ACT	A	T	0.001815	#dcddddff	0.0
345	ACC	ACT	T	T	0.006254	palegreen	5.0
352	GCT	ACT	A	T	0.002412	#dcddddff	0.0
363	GCT	ACT	A	T	0.002177	#dcddddff	0.0
366	TCT	ACT	S	T	0.001737	#d1dae9ff	1.0
370	AAT	ACT	N	T	0.002928	#dcddddff	0.0
383	TCT	ACT	S	T	0.004757	#d1dae9ff	1.0
411	GCT	ACT	A	T	0.001253	#dcddddff	0.0
417	AAG	ACT	K	T	0.002741	#e8d6ccff	-1.0
437	AAT	ACT	N	T	0.002549	#dcddddff	0.0
438	TCT	ACT	S	T	0.001917	#d1dae9ff	1.0
440	AAT	ACT	N	T	0.003364	#dcddddff	0.0
448	AAT	ACT	N	T	0.001484	#dcddddff	0.0
450	AAT	ACT	N	T	0.001507	#dcddddff	0.0
459	TCT	ACT	S	T	0.006516	#d1dae9ff	1.0
460	AAT	ACT	N	T	0.002447	#dcddddff	0.0
468	ATT	ACT	I	T	0.048286	#e8d6ccff	-1.0
478	ACA	ACT	T	T	0.007279	palegreen	5.0
481	AAT	ACT	N	T	0.001191	#dcddddff	0.0
501	AAT	ACT	N	T	0.001042	#dcddddff	0.0
514	TCT	ACT	S	T	0.018487	#d1dae9ff	1.0
343	AAC	ACC	N	T	0.003149	#dcddddff	0.0
354	AAC	ACC	N	T	0.003626	#dcddddff	0.0
359	AGC	ACC	S	T	0.004265	#d1dae9ff	1.0
360	AAC	ACC	N	T	0.001171	#dcddddff	0.0
371	TCC	ACC	S	T	0.005588	#d1dae9ff	1.0
375	TCC	ACC	S	T	0.002925	#d1dae9ff	1.0
376	ACT	ACC	T	T	0.040766	palegreen	5.0
385	ACT	ACC	T	T	0.018011	palegreen	5.0
393	ACT	ACC	T	T	0.008951	palegreen	5.0
415	ACT	ACC	T	T	0.024242	palegreen	5.0
439	AAC	ACC	N	T	0.004310	#dcddddff	0.0
470	ACT	ACC	T	T	0.018265	palegreen	5.0
472	ATC	ACC	I	T	0.003247	#e8d6ccff	-1.0
475	GCC	ACC	A	T	0.002213	#dcddddff	0.0
477	AGC	ACC	S	T	0.002261	#d1dae9ff	1.0
478	ACA	ACC	T	T	0.001573	palegreen	5.0
500	ACT	ACC	T	T	0.022449	palegreen	5.0
345	ACC	ACA	T	T	0.001390	palegreen	5.0
348	GCA	ACA	A	T	0.002067	#dcddddff	0.0
361	TGT	ACA	C	T	0.002765	#e8d6ccff	-1.0
372	GCA	ACA	A	T	0.009093	#dcddddff	0.0
373	TCA	ACA	S	T	0.005200	#d1dae9ff	1.0
376	ACT	ACA	T	T	0.016215	palegreen	5.0
385	ACT	ACA	T	T	0.004025	palegreen	5.0
393	ACT	ACA	T	T	0.004235	palegreen	5.0
399	TCA	ACA	S	T	0.001262	#d1dae9ff	1.0
408	AGA	ACA	R	T	0.001613	#e8d6ccff	-1.0
415	ACT	ACA	T	T	0.007341	palegreen	5.0
462	AAA	ACA	K	T	0.003723	#e8d6ccff	-1.0
469	TCA	ACA	S	T	0.006830	#d1dae9ff	1.0
470	ACT	ACA	T	T	0.012879	palegreen	5.0
494	TCA	ACA	S	T	0.001299	#d1dae9ff	1.0
500	ACT	ACA	T	T	0.009533	palegreen	5.0
345	ACC	ACG	T	T	0.004110	palegreen	5.0
376	ACT	ACG	T	T	0.006493	palegreen	5.0
378	AAG	ACG	K	T	0.002849	#e8d6ccff	-1.0
385	ACT	ACG	T	T	0.004463	palegreen	5.0
393	ACT	ACG	T	T	0.001299	palegreen	5.0
415	ACT	ACG	T	T	0.004194	palegreen	5.0
444	AAG	ACG	K	T	0.003101	#e8d6ccff	-1.0
458	AAG	ACG	K	T	0.002918	#e8d6ccff	-1.0
470	ACT	ACG	T	T	0.001463	palegreen	5.0
478	ACA	ACG	T	T	0.035963	palegreen	5.0
500	ACT	ACG	T	T	0.007799	palegreen	5.0
351	TAT	TCT	Y	S	0.003371	#f1cdbaff	-2.0
365	TAT	TCT	Y	S	0.002484	#f1cdbaff	-2.0
369	TAT	TCT	Y	S	0.001447	#f1cdbaff	-2.0
371	TCC	TCT	S	S	0.010120	palegreen	4.0
373	TCA	TCT	S	S	0.004427	palegreen	4.0
374	TTT	TCT	F	S	0.002490	#f1cdbaff	-2.0
375	TCC	TCT	S	S	0.004435	palegreen	4.0
376	ACT	TCT	T	S	0.003795	#d1dae9ff	1.0
384	CCT	TCT	P	S	0.001238	#e8d6ccff	-1.0
385	ACT	TCT	T	S	0.002722	#d1dae9ff	1.0
392	TTT	TCT	F	S	0.005672	#f1cdbaff	-2.0
393	ACT	TCT	T	S	0.003116	#d1dae9ff	1.0
399	TCA	TCT	S	S	0.006636	palegreen	4.0
415	ACT	TCT	T	S	0.002361	#d1dae9ff	1.0
449	TAT	TCT	Y	S	0.003891	#f1cdbaff	-2.0
453	TAT	TCT	Y	S	0.005251	#f1cdbaff	-2.0
464	TTT	TCT	F	S	0.002774	#f1cdbaff	-2.0
469	TCA	TCT	S	S	0.004520	palegreen	4.0
470	ACT	TCT	T	S	0.003537	#d1dae9ff	1.0
473	TAT	TCT	Y	S	0.002937	#f1cdbaff	-2.0
479	CCT	TCT	P	S	0.003767	#e8d6ccff	-1.0
486	TTT	TCT	F	S	0.002491	#f1cdbaff	-2.0
490	TTT	TCT	F	S	0.009261	#f1cdbaff	-2.0
494	TCA	TCT	S	S	0.002346	palegreen	4.0
500	ACT	TCT	T	S	0.001135	#d1dae9ff	1.0
345	ACC	TCC	T	S	0.002387	#d1dae9ff	1.0
349	TCT	TCC	S	S	0.029026	palegreen	4.0
366	TCT	TCC	S	S	0.035111	palegreen	4.0
373	TCA	TCC	S	S	0.001241	palegreen	4.0
383	TCT	TCC	S	S	0.020864	palegreen	4.0
438	TCT	TCC	S	S	0.030564	palegreen	4.0
443	TCT	TCC	S	S	0.010849	palegreen	4.0
451	TAC	TCC	Y	S	0.003186	#f1cdbaff	-2.0
459	TCT	TCC	S	S	0.016565	palegreen	4.0
469	TCA	TCC	S	S	0.003036	palegreen	4.0
494	TCA	TCC	S	S	0.001321	palegreen	4.0
499	CCC	TCC	P	S	0.001080	#e8d6ccff	-1.0
514	TCT	TCC	S	S	0.033806	palegreen	4.0
349	TCT	TCA	S	S	0.007581	palegreen	4.0
366	TCT	TCA	S	S	0.014679	palegreen	4.0
371	TCC	TCA	S	S	0.005629	palegreen	4.0
372	GCA	TCA	A	S	0.001986	#d1dae9ff	1.0
383	TCT	TCA	S	S	0.015020	palegreen	4.0
438	TCT	TCA	S	S	0.007027	palegreen	4.0
443	TCT	TCA	S	S	0.007468	palegreen	4.0
459	TCT	TCA	S	S	0.003974	palegreen	4.0
478	ACA	TCA	T	S	0.006804	#d1dae9ff	1.0
514	TCT	TCA	S	S	0.005001	palegreen	4.0
349	TCT	TCG	S	S	0.002060	palegreen	4.0
366	TCT	TCG	S	S	0.004218	palegreen	4.0
371	TCC	TCG	S	S	0.003265	palegreen	4.0
373	TCA	TCG	S	S	0.016584	palegreen	4.0
383	TCT	TCG	S	S	0.001531	palegreen	4.0
399	TCA	TCG	S	S	0.021913	palegreen	4.0
455	TTG	TCG	L	S	0.001502	#f1cdbaff	-2.0
469	TCA	TCG	S	S	0.024139	palegreen	4.0
494	TCA	TCG	S	S	0.017775	palegreen	4.0
514	TCT	TCG	S	S	0.004820	palegreen	4.0
346	AGA	AGT	R	S	0.004656	#e8d6ccff	-1.0
357	AGA	AGT	R	S	0.001735	#e8d6ccff	-1.0
359	AGC	AGT	S	S	0.008210	palegreen	4.0
361	TGT	AGT	C	S	0.001253	#e8d6ccff	-1.0
370	AAT	AGT	N	S	0.005557	#d1dae9ff	1.0
385	ACT	AGT	T	S	0.002359	#d1dae9ff	1.0
388	AAT	AGT	N	S	0.005274	#d1dae9ff	1.0
393	ACT	AGT	T	S	0.001788	#d1dae9ff	1.0
394	AAT	AGT	N	S	0.019664	#d1dae9ff	1.0
402	ATT	AGT	I	S	0.001342	#f1cdbaff	-2.0
403	AGA	AGT	R	S	0.010733	#e8d6ccff	-1.0
408	AGA	AGT	R	S	0.002080	#e8d6ccff	-1.0
415	ACT	AGT	T	S	0.002099	#d1dae9ff	1.0
417	AAG	AGT	K	S	0.006348	#dcddddff	0.0
418	ATT	AGT	I	S	0.001166	#f1cdbaff	-2.0
440	AAT	AGT	N	S	0.014116	#d1dae9ff	1.0
446	GGT	AGT	G	S	0.004113	#dcddddff	0.0
448	AAT	AGT	N	S	0.001237	#d1dae9ff	1.0
450	AAT	AGT	N	S	0.002427	#d1dae9ff	1.0
460	AAT	AGT	N	S	0.013259	#d1dae9ff	1.0
476	GGT	AGT	G	S	0.006973	#dcddddff	0.0
477	AGC	AGT	S	S	0.010522	palegreen	4.0
481	AAT	AGT	N	S	0.011227	#d1dae9ff	1.0
482	GGT	AGT	G	S	0.001358	#dcddddff	0.0
496	GGT	AGT	G	S	0.002275	#dcddddff	0.0
504	GGT	AGT	G	S	0.003111	#dcddddff	0.0
343	AAC	AGC	N	S	0.001411	#d1dae9ff	1.0
345	ACC	AGC	T	S	0.003292	#d1dae9ff	1.0
346	AGA	AGC	R	S	0.001440	#e8d6ccff	-1.0
354	AAC	AGC	N	S	0.036023	#d1dae9ff	1.0
357	AGA	AGC	R	S	0.001342	#e8d6ccff	-1.0
360	AAC	AGC	N	S	0.004559	#d1dae9ff	1.0
391	TGC	AGC	C	S	0.004391	#e8d6ccff	-1.0
410	ATC	AGC	I	S	0.001028	#f1cdbaff	-2.0
454	AGA	AGC	R	S	0.001712	#e8d6ccff	-1.0
466	AGA	AGC	R	S	0.001379	#e8d6ccff	-1.0
351	TAT	CAT	Y	H	0.004175	#c3d5f4ff	2.0
369	TAT	CAT	Y	H	0.003406	#c3d5f4ff	2.0
370	AAT	CAT	N	H	0.003662	#d1dae9ff	1.0
394	AAT	CAT	N	H	0.005640	#d1dae9ff	1.0
396	TAT	CAT	Y	H	0.001227	#c3d5f4ff	2.0
417	AAG	CAT	K	H	0.003424	#e8d6ccff	-1.0
437	AAT	CAT	N	H	0.002505	#d1dae9ff	1.0
440	AAT	CAT	N	H	0.006157	#d1dae9ff	1.0
441	CTT	CAT	L	H	0.002141	#f5c1a9ff	-3.0
448	AAT	CAT	N	H	0.002281	#d1dae9ff	1.0
449	TAT	CAT	Y	H	0.001274	#c3d5f4ff	2.0
450	AAT	CAT	N	H	0.001263	#d1dae9ff	1.0
453	TAT	CAT	Y	H	0.009999	#c3d5f4ff	2.0
460	AAT	CAT	N	H	0.005246	#d1dae9ff	1.0
463	CCT	CAT	P	H	0.001668	#f1cdbaff	-2.0
473	TAT	CAT	Y	H	0.004137	#c3d5f4ff	2.0
493	CAA	CAT	Q	H	0.002797	#dcddddff	0.0
498	CAA	CAT	Q	H	0.001241	#dcddddff	0.0
343	AAC	CAC	N	H	0.003639	#d1dae9ff	1.0
354	AAC	CAC	N	H	0.001826	#d1dae9ff	1.0
360	AAC	CAC	N	H	0.001585	#d1dae9ff	1.0
390	CTC	CAC	L	H	0.001035	#f5c1a9ff	-3.0
439	AAC	CAC	N	H	0.002874	#d1dae9ff	1.0
451	TAC	CAC	Y	H	0.002822	#c3d5f4ff	2.0
489	TAC	CAC	Y	H	0.001271	#c3d5f4ff	2.0
493	CAA	CAC	Q	H	0.002347	#dcddddff	0.0
498	CAA	CAC	Q	H	0.002067	#dcddddff	0.0
505	TAC	CAC	Y	H	0.004470	#c3d5f4ff	2.0
508	TAC	CAC	Y	H	0.018209	#c3d5f4ff	2.0
356	AAG	ATG	K	M	0.001358	#e8d6ccff	-1.0
358	ATC	ATG	I	M	0.001227	#d1dae9ff	1.0
378	AAG	ATG	K	M	0.001514	#e8d6ccff	-1.0
402	ATT	ATG	I	M	0.002327	#d1dae9ff	1.0
418	ATT	ATG	I	M	0.001896	#d1dae9ff	1.0
444	AAG	ATG	K	M	0.003443	#e8d6ccff	-1.0
452	CTG	ATG	L	M	0.003309	#c3d5f4ff	2.0
455	TTG	ATG	L	M	0.001716	#c3d5f4ff	2.0
472	ATC	ATG	I	M	0.001366	#d1dae9ff	1.0
349	TCT	CCT	S	P	0.006656	#e8d6ccff	-1.0
366	TCT	CCT	S	P	0.001980	#e8d6ccff	-1.0
376	ACT	CCT	T	P	0.001676	#e8d6ccff	-1.0
383	TCT	CCT	S	P	0.003918	#e8d6ccff	-1.0
412	CCA	CCT	P	P	0.009433	palegreen	7.0
441	CTT	CCT	L	P	0.001360	#f5c1a9ff	-3.0
459	TCT	CCT	S	P	0.004153	#e8d6ccff	-1.0
470	ACT	CCT	T	P	0.003058	#e8d6ccff	-1.0
499	CCC	CCT	P	P	0.003514	palegreen	7.0
507	CCA	CCT	P	P	0.009982	palegreen	7.0
345	ACC	CCC	T	P	0.001904	#e8d6ccff	-1.0
371	TCC	CCC	S	P	0.001704	#e8d6ccff	-1.0
375	TCC	CCC	S	P	0.001669	#e8d6ccff	-1.0
384	CCT	CCC	P	P	0.012326	palegreen	7.0
390	CTC	CCC	L	P	0.002300	#f5c1a9ff	-3.0
463	CCT	CCC	P	P	0.028637	palegreen	7.0
479	CCT	CCC	P	P	0.061458	palegreen	7.0
491	CCT	CCC	P	P	0.048609	palegreen	7.0
507	CCA	CCC	P	P	0.001014	palegreen	7.0
348	GCA	CCA	A	P	0.020570	#e8d6ccff	-1.0
372	GCA	CCA	A	P	0.003112	#e8d6ccff	-1.0
373	TCA	CCA	S	P	0.008027	#e8d6ccff	-1.0
384	CCT	CCA	P	P	0.002356	palegreen	7.0
463	CCT	CCA	P	P	0.003025	palegreen	7.0
479	CCT	CCA	P	P	0.025680	palegreen	7.0
491	CCT	CCA	P	P	0.004859	palegreen	7.0
494	TCA	CCA	S	P	0.016996	#e8d6ccff	-1.0
384	CCT	CCG	P	P	0.002006	palegreen	7.0
412	CCA	CCG	P	P	0.032035	palegreen	7.0
452	CTG	CCG	L	P	0.001143	#f5c1a9ff	-3.0
474	CAG	CCG	Q	P	0.002881	#e8d6ccff	-1.0
479	CCT	CCG	P	P	0.004613	palegreen	7.0
491	CCT	CCG	P	P	0.003818	palegreen	7.0
507	CCA	CCG	P	P	0.012943	palegreen	7.0
379	TGT	TGG	C	W	0.001018	#f1cdbaff	-2.0
480	TGT	TGG	C	W	0.002097	#f1cdbaff	-2.0
361	TGT	TAT	C	Y	0.001017	#f1cdbaff	-2.0
374	TTT	TAT	F	Y	0.004040	#b5cdfaff	3.0
392	TTT	TAT	F	Y	0.007040	#b5cdfaff	3.0
394	AAT	TAT	N	Y	0.001012	#f1cdbaff	-2.0
417	AAG	TAT	K	Y	0.190911	#f1cdbaff	-2.0
440	AAT	TAT	N	Y	0.001979	#f1cdbaff	-2.0
451	TAC	TAT	Y	Y	0.001772	palegreen	7.0
459	TCT	TAT	S	Y	0.001285	#f1cdbaff	-2.0
464	TTT	TAT	F	Y	0.027018	#b5cdfaff	3.0
486	TTT	TAT	F	Y	0.002289	#b5cdfaff	3.0
489	TAC	TAT	Y	Y	0.002707	palegreen	7.0
490	TTT	TAT	F	Y	0.002362	#b5cdfaff	3.0
501	AAT	TAT	N	Y	0.961508	#f1cdbaff	-2.0
505	TAC	TAT	Y	Y	0.002460	palegreen	7.0
508	TAC	TAT	Y	Y	0.006097	palegreen	7.0
351	TAT	TAC	Y	Y	0.024327	palegreen	7.0
360	AAC	TAC	N	Y	0.001410	#f1cdbaff	-2.0
365	TAT	TAC	Y	Y	0.025938	palegreen	7.0
369	TAT	TAC	Y	Y	0.010059	palegreen	7.0
380	TAT	TAC	Y	Y	0.026891	palegreen	7.0
391	TGC	TAC	C	Y	0.001152	#f1cdbaff	-2.0
396	TAT	TAC	Y	Y	0.026566	palegreen	7.0
417	AAG	TAC	K	Y	0.001731	#f1cdbaff	-2.0
449	TAT	TAC	Y	Y	0.022282	palegreen	7.0
453	TAT	TAC	Y	Y	0.011721	palegreen	7.0
473	TAT	TAC	Y	Y	0.028420	palegreen	7.0
495	TAT	TAC	Y	Y	0.012228	palegreen	7.0
501	AAT	TAC	N	Y	0.021425	#f1cdbaff	-2.0
351	TAT	TTT	Y	F	0.001544	#b5cdfaff	3.0
358	ATC	TTT	I	F	0.034105	#dcddddff	0.0
365	TAT	TTT	Y	F	0.035584	#b5cdfaff	3.0
369	TAT	TTT	Y	F	0.010037	#b5cdfaff	3.0
396	TAT	TTT	Y	F	0.002795	#b5cdfaff	3.0
453	TAT	TTT	Y	F	0.011226	#b5cdfaff	3.0
473	TAT	TTT	Y	F	0.001257	#b5cdfaff	3.0
480	TGT	TTT	C	F	0.002467	#f1cdbaff	-2.0
497	TTC	TTT	F	F	0.006791	palegreen	6.0
501	AAT	TTT	N	F	0.004424	#f5c1a9ff	-3.0
342	TTT	TTC	F	F	0.003678	palegreen	6.0
347	TTT	TTC	F	F	0.032203	palegreen	6.0
358	ATC	TTC	I	F	0.105143	#dcddddff	0.0
367	GTC	TTC	V	F	0.008662	#e8d6ccff	-1.0
371	TCC	TTC	S	F	0.001854	#f1cdbaff	-2.0
374	TTT	TTC	F	F	0.030806	palegreen	6.0
377	TTT	TTC	F	F	0.012636	palegreen	6.0
390	CTC	TTC	L	F	0.001115	#dcddddff	0.0
392	TTT	TTC	F	F	0.011172	palegreen	6.0
400	TTT	TTC	F	F	0.039321	palegreen	6.0
456	TTT	TTC	F	F	0.012390	palegreen	6.0
464	TTT	TTC	F	F	0.028411	palegreen	6.0
486	TTT	TTC	F	F	0.015590	palegreen	6.0
490	TTT	TTC	F	F	0.016164	palegreen	6.0
505	TAC	TTC	Y	F	0.001174	#b5cdfaff	3.0
508	TAC	TTC	Y	F	0.002411	#b5cdfaff	3.0
515	TTT	TTC	F	F	0.026382	palegreen	6.0
352	GCT	GTT	A	V	0.002427	#dcddddff	0.0
363	GCT	GTT	A	V	0.003678	#dcddddff	0.0
367	GTC	GTT	V	V	0.003715	palegreen	4.0
382	GTG	GTT	V	V	0.001174	palegreen	4.0
392	TTT	GTT	F	V	0.002385	#e8d6ccff	-1.0
395	GTC	GTT	V	V	0.005880	palegreen	4.0
400	TTT	GTT	F	V	0.001472	#e8d6ccff	-1.0
401	GTA	GTT	V	V	0.005366	palegreen	4.0
402	ATT	GTT	I	V	0.035100	#b5cdfaff	3.0
407	GTC	GTT	V	V	0.005676	palegreen	4.0
417	AAG	GTT	K	V	0.001778	#f1cdbaff	-2.0
418	ATT	GTT	I	V	0.001710	#b5cdfaff	3.0
441	CTT	GTT	L	V	0.001118	#d1dae9ff	1.0
468	ATT	GTT	I	V	0.019926	#b5cdfaff	3.0
476	GGT	GTT	G	V	0.001575	#f5c1a9ff	-3.0
485	GGT	GTT	G	V	0.001254	#f5c1a9ff	-3.0
486	TTT	GTT	F	V	0.002311	#e8d6ccff	-1.0
490	TTT	GTT	F	V	0.001373	#e8d6ccff	-1.0
502	GGT	GTT	G	V	0.002189	#f5c1a9ff	-3.0
504	GGT	GTT	G	V	0.001245	#f5c1a9ff	-3.0
510	GTA	GTT	V	V	0.004076	palegreen	4.0
511	GTA	GTT	V	V	0.006804	palegreen	4.0
512	GTA	GTT	V	V	0.007747	palegreen	4.0
515	TTT	GTT	F	V	0.002631	#e8d6ccff	-1.0
341	GTT	GTC	V	V	0.005962	palegreen	4.0
350	GTT	GTC	V	V	0.078376	palegreen	4.0
358	ATC	GTC	I	V	0.003121	#b5cdfaff	3.0
362	GTT	GTC	V	V	0.038190	palegreen	4.0
410	ATC	GTC	I	V	0.004421	#b5cdfaff	3.0
445	GTT	GTC	V	V	0.014160	palegreen	4.0
472	ATC	GTC	I	V	0.017809	#b5cdfaff	3.0
475	GCC	GTC	A	V	0.003239	#dcddddff	0.0
483	GTT	GTC	V	V	0.016127	palegreen	4.0
503	GTT	GTC	V	V	0.014072	palegreen	4.0
511	GTA	GTC	V	V	0.001332	palegreen	4.0
512	GTA	GTC	V	V	0.001021	palegreen	4.0
340	GAA	GTA	E	V	0.001360	#f1cdbaff	-2.0
350	GTT	GTA	V	V	0.005688	palegreen	4.0
362	GTT	GTA	V	V	0.023993	palegreen	4.0
367	GTC	GTA	V	V	0.002341	palegreen	4.0
372	GCA	GTA	A	V	0.001667	#dcddddff	0.0
382	GTG	GTA	V	V	0.005511	palegreen	4.0
387	TTA	GTA	L	V	0.001295	#d1dae9ff	1.0
397	GCA	GTA	A	V	0.004443	#dcddddff	0.0
407	GTC	GTA	V	V	0.002462	palegreen	4.0
445	GTT	GTA	V	V	0.010902	palegreen	4.0
471	GAA	GTA	E	V	0.002536	#f1cdbaff	-2.0
483	GTT	GTA	V	V	0.002844	palegreen	4.0
492	TTA	GTA	L	V	0.001563	#d1dae9ff	1.0
503	GTT	GTA	V	V	0.009140	palegreen	4.0
362	GTT	GTG	V	V	0.025576	palegreen	4.0
367	GTC	GTG	V	V	0.001407	palegreen	4.0
401	GTA	GTG	V	V	0.013809	palegreen	4.0
407	GTC	GTG	V	V	0.002178	palegreen	4.0
445	GTT	GTG	V	V	0.001421	palegreen	4.0
483	GTT	GTG	V	V	0.004326	palegreen	4.0
503	GTT	GTG	V	V	0.003604	palegreen	4.0
510	GTA	GTG	V	V	0.019204	palegreen	4.0
511	GTA	GTG	V	V	0.013241	palegreen	4.0
512	GTA	GTG	V	V	0.032725	palegreen	4.0
368	CTA	TTA	L	L	0.007246	palegreen	4.0
373	TCA	TTA	S	L	0.009123	#f1cdbaff	-2.0
455	TTG	TTA	L	L	0.006893	palegreen	4.0
490	TTT	TTA	F	L	0.001641	#dcddddff	0.0
387	TTA	TTG	L	L	0.013279	palegreen	4.0
392	TTT	TTG	F	L	0.001269	#dcddddff	0.0
400	TTT	TTG	F	L	0.001100	#dcddddff	0.0
486	TTT	TTG	F	L	0.002362	#dcddddff	0.0
492	TTA	TTG	L	L	0.010614	palegreen	4.0
515	TTT	TTG	F	L	0.001948	#dcddddff	0.0
342	TTT	CTT	F	L	0.003289	#dcddddff	0.0
368	CTA	CTT	L	L	0.003369	palegreen	4.0
374	TTT	CTT	F	L	0.002619	#dcddddff	0.0
377	TTT	CTT	F	L	0.002635	#dcddddff	0.0
384	CCT	CTT	P	L	0.003691	#f5c1a9ff	-3.0
390	CTC	CTT	L	L	0.002658	palegreen	4.0
392	TTT	CTT	F	L	0.025927	#dcddddff	0.0
456	TTT	CTT	F	L	0.008026	#dcddddff	0.0
461	CTC	CTT	L	L	0.003212	palegreen	4.0
464	TTT	CTT	F	L	0.004589	#dcddddff	0.0
468	ATT	CTT	I	L	0.002341	#c3d5f4ff	2.0
479	CCT	CTT	P	L	0.001433	#f5c1a9ff	-3.0
486	TTT	CTT	F	L	0.003075	#dcddddff	0.0
490	TTT	CTT	F	L	0.008305	#dcddddff	0.0
503	GTT	CTT	V	L	0.001915	#d1dae9ff	1.0
515	TTT	CTT	F	L	0.002827	#dcddddff	0.0
358	ATC	CTC	I	L	0.004222	#c3d5f4ff	2.0
368	CTA	CTC	L	L	0.003639	palegreen	4.0
441	CTT	CTC	L	L	0.018840	palegreen	4.0
472	ATC	CTC	I	L	0.001434	#c3d5f4ff	2.0
513	CTT	CTC	L	L	0.021213	palegreen	4.0
387	TTA	CTA	L	L	0.017118	palegreen	4.0
390	CTC	CTA	L	L	0.002788	palegreen	4.0
441	CTT	CTA	L	L	0.006895	palegreen	4.0
452	CTG	CTA	L	L	0.002731	palegreen	4.0
492	TTA	CTA	L	L	0.028130	palegreen	4.0
493	CAA	CTA	Q	L	0.003731	#f1cdbaff	-2.0
498	CAA	CTA	Q	L	0.001349	#f1cdbaff	-2.0
513	CTT	CTA	L	L	0.004533	palegreen	4.0
368	CTA	CTG	L	L	0.012806	palegreen	4.0
455	TTG	CTG	L	L	0.016766	palegreen	4.0
513	CTT	CTG	L	L	0.003903	palegreen	4.0
341	GTT	ATT	V	I	0.001402	#b5cdfaff	3.0
358	ATC	ATT	I	I	0.006346	palegreen	4.0
362	GTT	ATT	V	I	0.003308	#b5cdfaff	3.0
365	TAT	ATT	Y	I	0.001104	#e8d6ccff	-1.0
385	ACT	ATT	T	I	0.001164	#e8d6ccff	-1.0
392	TTT	ATT	F	I	0.001421	#dcddddff	0.0
410	ATC	ATT	I	I	0.009792	palegreen	4.0
417	AAG	ATT	K	I	0.182018	#f5c1a9ff	-3.0
441	CTT	ATT	L	I	0.001045	#c3d5f4ff	2.0
445	GTT	ATT	V	I	0.002587	#b5cdfaff	3.0
460	AAT	ATT	N	I	0.001121	#f5c1a9ff	-3.0
472	ATC	ATT	I	I	0.001812	palegreen	4.0
483	GTT	ATT	V	I	0.002223	#b5cdfaff	3.0
490	TTT	ATT	F	I	0.001591	#dcddddff	0.0
503	GTT	ATT	V	I	0.010562	#b5cdfaff	3.0
367	GTC	ATC	V	I	0.002687	#b5cdfaff	3.0
395	GTC	ATC	V	I	0.002468	#b5cdfaff	3.0
402	ATT	ATC	I	I	0.013560	palegreen	4.0
417	AAG	ATC	K	I	0.002555	#f5c1a9ff	-3.0
418	ATT	ATC	I	I	0.040549	palegreen	4.0
461	CTC	ATC	L	I	0.001104	#c3d5f4ff	2.0
468	ATT	ATC	I	I	0.024754	palegreen	4.0
346	AGA	ATA	R	I	0.001229	#f5c1a9ff	-3.0
357	AGA	ATA	R	I	0.001189	#f5c1a9ff	-3.0
358	ATC	ATA	I	I	0.001340	palegreen	4.0
368	CTA	ATA	L	I	0.001738	#c3d5f4ff	2.0
402	ATT	ATA	I	I	0.002344	palegreen	4.0
410	ATC	ATA	I	I	0.004427	palegreen	4.0
418	ATT	ATA	I	I	0.010120	palegreen	4.0
462	AAA	ATA	K	I	0.001180	#f5c1a9ff	-3.0
468	ATT	ATA	I	I	0.006224	palegreen	4.0
472	ATC	ATA	I	I	0.003372	palegreen	4.0
478	ACA	ATA	T	I	0.002794	#e8d6ccff	-1.0
492	TTA	ATA	L	I	0.002483	#c3d5f4ff	2.0
344	GCC	GCT	A	A	0.903815	palegreen	4.0
348	GCA	GCT	A	A	0.005392	palegreen	4.0
350	GTT	GCT	V	A	0.002811	#dcddddff	0.0
362	GTT	GCT	V	A	0.018574	#dcddddff	0.0
372	GCA	GCT	A	A	0.003359	palegreen	4.0
376	ACT	GCT	T	A	0.001236	#dcddddff	0.0
383	TCT	GCT	S	A	0.004587	#d1dae9ff	1.0
385	ACT	GCT	T	A	0.007860	#dcddddff	0.0
393	ACT	GCT	T	A	0.004844	#dcddddff	0.0
397	GCA	GCT	A	A	0.012157	palegreen	4.0
415	ACT	GCT	T	A	0.008526	#dcddddff	0.0
442	GAT	GCT	D	A	0.004754	#f1cdbaff	-2.0
445	GTT	GCT	V	A	0.011997	#dcddddff	0.0
459	TCT	GCT	S	A	0.001626	#d1dae9ff	1.0
467	GAT	GCT	D	A	0.001343	#f1cdbaff	-2.0
470	ACT	GCT	T	A	0.010177	#dcddddff	0.0
475	GCC	GCT	A	A	0.008799	palegreen	4.0
479	CCT	GCT	P	A	0.004699	#e8d6ccff	-1.0
483	GTT	GCT	V	A	0.020309	#dcddddff	0.0
496	GGT	GCT	G	A	0.001023	#dcddddff	0.0
500	ACT	GCT	T	A	0.003522	#dcddddff	0.0
503	GTT	GCT	V	A	0.009137	#dcddddff	0.0
504	GGT	GCT	G	A	0.001366	#dcddddff	0.0
514	TCT	GCT	S	A	0.001299	#d1dae9ff	1.0
345	ACC	GCC	T	A	0.002773	#dcddddff	0.0
348	GCA	GCC	A	A	0.049188	palegreen	4.0
352	GCT	GCC	A	A	0.061447	palegreen	4.0
363	GCT	GCC	A	A	0.064073	palegreen	4.0
367	GTC	GCC	V	A	0.083448	#dcddddff	0.0
372	GCA	GCC	A	A	0.001945	palegreen	4.0
395	GTC	GCC	V	A	0.005491	#dcddddff	0.0
397	GCA	GCC	A	A	0.002249	palegreen	4.0
411	GCT	GCC	A	A	0.041731	palegreen	4.0
340	GAA	GCA	E	A	0.002277	#e8d6ccff	-1.0
344	GCC	GCA	A	A	0.006337	palegreen	4.0
352	GCT	GCA	A	A	0.004999	palegreen	4.0
363	GCT	GCA	A	A	0.013626	palegreen	4.0
373	TCA	GCA	S	A	0.001238	#d1dae9ff	1.0
399	TCA	GCA	S	A	0.002212	#d1dae9ff	1.0
411	GCT	GCA	A	A	0.006556	palegreen	4.0
471	GAA	GCA	E	A	0.003449	#e8d6ccff	-1.0
475	GCC	GCA	A	A	0.008488	palegreen	4.0
478	ACA	GCA	T	A	0.013456	#dcddddff	0.0
494	TCA	GCA	S	A	0.003772	#d1dae9ff	1.0
348	GCA	GCG	A	A	0.027342	palegreen	4.0
352	GCT	GCG	A	A	0.001366	palegreen	4.0
363	GCT	GCG	A	A	0.006222	palegreen	4.0
372	GCA	GCG	A	A	0.032243	palegreen	4.0
382	GTG	GCG	V	A	0.002996	#dcddddff	0.0
397	GCA	GCG	A	A	0.025266	palegreen	4.0
411	GCT	GCG	A	A	0.003723	palegreen	4.0
475	GCC	GCG	A	A	0.001747	palegreen	4.0
363	GCT	GGT	A	G	0.001576	#dcddddff	0.0
364	GAT	GGT	D	G	0.001137	#e8d6ccff	-1.0
381	GGA	GGT	G	G	0.010479	palegreen	6.0
389	GAT	GGT	D	G	0.006214	#e8d6ccff	-1.0
405	GAT	GGT	D	G	0.003912	#e8d6ccff	-1.0
413	GGG	GGT	G	G	0.001739	palegreen	6.0
416	GGA	GGT	G	G	0.002894	palegreen	6.0
480	TGT	GGT	C	G	0.001398	#f5c1a9ff	-3.0
483	GTT	GGT	V	G	0.006034	#f5c1a9ff	-3.0
488	TGT	GGT	C	G	0.002583	#f5c1a9ff	-3.0
503	GTT	GGT	V	G	0.002763	#f5c1a9ff	-3.0
515	TTT	GGT	F	G	0.001042	#f5c1a9ff	-3.0
359	AGC	GGC	S	G	0.010211	#dcddddff	0.0
367	GTC	GGC	V	G	0.001358	#f5c1a9ff	-3.0
381	GGA	GGC	G	G	0.003114	palegreen	6.0
391	TGC	GGC	C	G	0.002294	#f5c1a9ff	-3.0
395	GTC	GGC	V	G	0.001302	#f5c1a9ff	-3.0
404	GGT	GGC	G	G	0.023482	palegreen	6.0
407	GTC	GGC	V	G	0.002044	#f5c1a9ff	-3.0
413	GGG	GGC	G	G	0.001840	palegreen	6.0
446	GGT	GGC	G	G	0.011948	palegreen	6.0
447	GGT	GGC	G	G	0.020723	palegreen	6.0
476	GGT	GGC	G	G	0.016844	palegreen	6.0
477	AGC	GGC	S	G	0.022080	#dcddddff	0.0
482	GGT	GGC	G	G	0.020887	palegreen	6.0
485	GGT	GGC	G	G	0.031595	palegreen	6.0
496	GGT	GGC	G	G	0.032960	palegreen	6.0
502	GGT	GGC	G	G	0.024850	palegreen	6.0
504	GGT	GGC	G	G	0.015475	palegreen	6.0
340	GAA	GGA	E	G	0.002725	#f1cdbaff	-2.0
346	AGA	GGA	R	G	0.004462	#f1cdbaff	-2.0
357	AGA	GGA	R	G	0.001408	#f1cdbaff	-2.0
372	GCA	GGA	A	G	0.001429	#dcddddff	0.0
401	GTA	GGA	V	G	0.001508	#f5c1a9ff	-3.0
403	AGA	GGA	R	G	0.002412	#f1cdbaff	-2.0
404	GGT	GGA	G	G	0.016332	palegreen	6.0
408	AGA	GGA	R	G	0.023687	#f1cdbaff	-2.0
413	GGG	GGA	G	G	0.011858	palegreen	6.0
446	GGT	GGA	G	G	0.007737	palegreen	6.0
447	GGT	GGA	G	G	0.008720	palegreen	6.0
471	GAA	GGA	E	G	0.005948	#f1cdbaff	-2.0
476	GGT	GGA	G	G	0.007215	palegreen	6.0
482	GGT	GGA	G	G	0.006607	palegreen	6.0
485	GGT	GGA	G	G	0.002779	palegreen	6.0
496	GGT	GGA	G	G	0.003959	palegreen	6.0
502	GGT	GGA	G	G	0.014420	palegreen	6.0
504	GGT	GGA	G	G	0.036200	palegreen	6.0
510	GTA	GGA	V	G	0.002860	#f5c1a9ff	-3.0
511	GTA	GGA	V	G	0.002689	#f5c1a9ff	-3.0
512	GTA	GGA	V	G	0.001782	#f5c1a9ff	-3.0
381	GGA	GGG	G	G	0.024237	palegreen	6.0
382	GTG	GGG	V	G	0.001220	#f5c1a9ff	-3.0
404	GGT	GGG	G	G	0.005801	palegreen	6.0
416	GGA	GGG	G	G	0.013843	palegreen	6.0
447	GGT	GGG	G	G	0.002432	palegreen	6.0
465	GAG	GGG	E	G	0.003875	#f1cdbaff	-2.0
476	GGT	GGG	G	G	0.003797	palegreen	6.0
482	GGT	GGG	G	G	0.004063	palegreen	6.0
485	GGT	GGG	G	G	0.007557	palegreen	6.0
496	GGT	GGG	G	G	0.005154	palegreen	6.0
502	GGT	GGG	G	G	0.004542	palegreen	6.0
504	GGT	GGG	G	G	0.001356	palegreen	6.0
