432	TGC	TGT	C	C	0.005332	palegreen	9.0
443	TCT	TGT	S	C	0.001475	#e8d6ccff	-1.0
436	TGG	TGC	W	C	0.001383	#f1cdbaff	-2.0
480	TGT	TGC	C	C	0.001553	palegreen	9.0
488	TGT	TGC	C	C	0.005112	palegreen	9.0
525	TGT	TGC	C	C	0.009543	palegreen	9.0
441	CTT	CGT	L	R	0.002097	#f1cdbaff	-2.0
446	GGT	CGT	G	R	0.001481	#f1cdbaff	-2.0
485	GGT	CGT	G	R	0.001647	#f1cdbaff	-2.0
498	CAA	CGT	Q	R	0.001511	#d1dae9ff	1.0
519	CAT	CGT	H	R	0.004133	#dcddddff	0.0
525	TGT	CGT	C	R	0.001254	#f5c1a9ff	-3.0
527	CCT	CGT	P	R	0.001507	#f1cdbaff	-2.0
431	GGC	CGC	G	R	0.001174	#f1cdbaff	-2.0
474	CAG	CGC	Q	R	0.001239	#d1dae9ff	1.0
498	CAA	CGC	Q	R	0.004596	#d1dae9ff	1.0
499	CCC	CGC	P	R	0.001810	#f1cdbaff	-2.0
493	CAA	CGA	Q	R	0.114733	#d1dae9ff	1.0
498	CAA	CGA	Q	R	0.706906	#d1dae9ff	1.0
521	CCA	CGA	P	R	0.002052	#f1cdbaff	-2.0
526	GGA	CGA	G	R	0.001276	#f1cdbaff	-2.0
452	CTG	CGG	L	R	0.577369	#f1cdbaff	-2.0
474	CAG	CGG	Q	R	0.002844	#d1dae9ff	1.0
457	AGG	AGA	R	R	0.001745	palegreen	5.0
462	AAA	AGA	K	R	0.002667	#c3d5f4ff	2.0
484	GAA	AGA	E	R	0.019543	#dcddddff	0.0
526	GGA	AGA	G	R	0.001629	#f1cdbaff	-2.0
444	AAG	AGG	K	R	0.002996	#c3d5f4ff	2.0
452	CTG	AGG	L	R	0.001924	#f1cdbaff	-2.0
454	AGA	AGG	R	R	0.003427	palegreen	5.0
458	AAG	AGG	K	R	0.002437	#c3d5f4ff	2.0
466	AGA	AGG	R	R	0.001395	palegreen	5.0
509	AGA	AGG	R	R	0.003710	palegreen	5.0
440	AAT	AAA	N	K	0.005649	#dcddddff	0.0
450	AAT	AAA	N	K	0.029756	#dcddddff	0.0
458	AAG	AAA	K	K	0.001064	palegreen	5.0
460	AAT	AAA	N	K	0.598414	#dcddddff	0.0
478	ACA	AAA	T	K	0.638634	#e8d6ccff	-1.0
481	AAT	AAA	N	K	0.002827	#dcddddff	0.0
484	GAA	AAA	E	K	0.090805	#d1dae9ff	1.0
493	CAA	AAA	Q	K	0.009113	#d1dae9ff	1.0
516	GAA	AAA	E	K	0.002809	#d1dae9ff	1.0
440	AAT	AAG	N	K	0.551567	#dcddddff	0.0
460	AAT	AAG	N	K	0.009680	#dcddddff	0.0
478	ACA	AAG	T	K	0.002626	#e8d6ccff	-1.0
462	AAA	GAA	K	E	0.001208	#d1dae9ff	1.0
528	AAA	GAA	K	E	0.001400	#d1dae9ff	1.0
458	AAG	GAG	K	E	0.001510	#d1dae9ff	1.0
471	GAA	GAG	E	E	0.001543	palegreen	5.0
484	GAA	GAG	E	E	0.002218	palegreen	5.0
516	GAA	GAG	E	E	0.002450	palegreen	5.0
474	CAG	CAA	Q	Q	0.001372	palegreen	5.0
518	CTA	CAA	L	Q	0.004642	#f1cdbaff	-2.0
519	CAT	CAA	H	Q	0.005462	#dcddddff	0.0
521	CCA	CAA	P	Q	0.005292	#e8d6ccff	-1.0
452	CTG	CAG	L	Q	0.006510	#f1cdbaff	-2.0
493	CAA	CAG	Q	Q	0.013931	palegreen	5.0
498	CAA	CAG	Q	Q	0.001548	palegreen	5.0
506	CAA	CAG	Q	Q	0.004969	palegreen	5.0
445	GTT	GAT	V	D	0.001649	#f5c1a9ff	-3.0
460	AAT	GAT	N	D	0.001770	#d1dae9ff	1.0
471	GAA	GAT	E	D	0.001904	#c3d5f4ff	2.0
482	GGT	GAT	G	D	0.001143	#e8d6ccff	-1.0
483	GTT	GAT	V	D	0.001126	#f5c1a9ff	-3.0
484	GAA	GAT	E	D	0.002088	#c3d5f4ff	2.0
503	GTT	GAT	V	D	0.003805	#f5c1a9ff	-3.0
504	GGT	GAT	G	D	0.001213	#e8d6ccff	-1.0
516	GAA	GAT	E	D	0.001581	#c3d5f4ff	2.0
519	CAT	GAT	H	D	0.001987	#e8d6ccff	-1.0
524	GTT	GAT	V	D	0.001240	#f5c1a9ff	-3.0
442	GAT	GAC	D	D	0.010636	palegreen	6.0
439	AAC	AAT	N	N	0.003440	palegreen	6.0
462	AAA	AAT	K	N	0.001303	#dcddddff	0.0
523	ACT	AAT	T	N	0.002168	#dcddddff	0.0
437	AAT	AAC	N	N	0.003515	palegreen	6.0
440	AAT	AAC	N	N	0.001953	palegreen	6.0
448	AAT	AAC	N	N	0.003303	palegreen	6.0
450	AAT	AAC	N	N	0.001951	palegreen	6.0
460	AAT	AAC	N	N	0.001407	palegreen	6.0
477	AGC	AAC	S	N	0.755447	#d1dae9ff	1.0
481	AAT	AAC	N	N	0.002658	palegreen	6.0
487	AAT	AAC	N	N	0.002134	palegreen	6.0
508	TAC	AAC	Y	N	0.001000	#f1cdbaff	-2.0
430	ACA	ACT	T	T	0.001464	palegreen	5.0
438	TCT	ACT	S	T	0.002222	#d1dae9ff	1.0
443	TCT	ACT	S	T	0.001019	#d1dae9ff	1.0
459	TCT	ACT	S	T	0.002059	#d1dae9ff	1.0
468	ATT	ACT	I	T	0.003000	#e8d6ccff	-1.0
478	ACA	ACT	T	T	0.001808	palegreen	5.0
501	AAT	ACT	N	T	0.230298	#dcddddff	0.0
514	TCT	ACT	S	T	0.005589	#d1dae9ff	1.0
527	CCT	ACT	P	T	0.001053	#e8d6ccff	-1.0
470	ACT	ACC	T	T	0.009768	palegreen	5.0
500	ACT	ACC	T	T	0.004568	palegreen	5.0
523	ACT	ACC	T	T	0.003645	palegreen	5.0
444	AAG	ACA	K	T	0.002350	#e8d6ccff	-1.0
469	TCA	ACA	S	T	0.002928	#d1dae9ff	1.0
470	ACT	ACA	T	T	0.003674	palegreen	5.0
484	GAA	ACA	E	T	0.008385	#e8d6ccff	-1.0
494	TCA	ACA	S	T	0.003216	#d1dae9ff	1.0
500	ACT	ACA	T	T	0.010103	palegreen	5.0
520	GCA	ACA	A	T	0.025836	#dcddddff	0.0
522	GCA	ACA	A	T	0.002303	#dcddddff	0.0
523	ACT	ACA	T	T	0.004775	palegreen	5.0
444	AAG	ACG	K	T	0.546898	#e8d6ccff	-1.0
478	ACA	ACG	T	T	0.003364	palegreen	5.0
464	TTT	TCT	F	S	0.002624	#f1cdbaff	-2.0
469	TCA	TCT	S	S	0.009515	palegreen	4.0
470	ACT	TCT	T	S	0.005692	#d1dae9ff	1.0
490	TTT	TCT	F	S	0.011819	#f1cdbaff	-2.0
494	TCA	TCT	S	S	0.004347	palegreen	4.0
523	ACT	TCT	T	S	0.005233	#d1dae9ff	1.0
527	CCT	TCT	P	S	0.003081	#e8d6ccff	-1.0
432	TGC	TCC	C	S	0.001517	#e8d6ccff	-1.0
438	TCT	TCC	S	S	0.001991	palegreen	4.0
443	TCT	TCC	S	S	0.004566	palegreen	4.0
459	TCT	TCC	S	S	0.002824	palegreen	4.0
514	TCT	TCC	S	S	0.003091	palegreen	4.0
438	TCT	TCA	S	S	0.003149	palegreen	4.0
443	TCT	TCA	S	S	0.001818	palegreen	4.0
459	TCT	TCA	S	S	0.002301	palegreen	4.0
478	ACA	TCA	T	S	0.002493	#d1dae9ff	1.0
514	TCT	TCA	S	S	0.003716	palegreen	4.0
521	CCA	TCA	P	S	0.002233	#e8d6ccff	-1.0
522	GCA	TCA	A	S	0.001715	#d1dae9ff	1.0
436	TGG	TCG	W	S	0.001364	#f5c1a9ff	-3.0
469	TCA	TCG	S	S	0.004681	palegreen	4.0
494	TCA	TCG	S	S	0.010381	palegreen	4.0
440	AAT	AGT	N	S	0.003908	#d1dae9ff	1.0
446	GGT	AGT	G	S	0.019857	#dcddddff	0.0
460	AAT	AGT	N	S	0.003488	#d1dae9ff	1.0
466	AGA	AGT	R	S	0.001299	#e8d6ccff	-1.0
481	AAT	AGT	N	S	0.002238	#d1dae9ff	1.0
496	GGT	AGT	G	S	0.036344	#dcddddff	0.0
501	AAT	AGT	N	S	0.004836	#d1dae9ff	1.0
523	ACT	AGT	T	S	0.004634	#d1dae9ff	1.0
525	TGT	AGT	C	S	0.003400	#e8d6ccff	-1.0
441	CTT	CAT	L	H	0.002343	#f5c1a9ff	-3.0
442	GAT	CAT	D	H	0.001570	#e8d6ccff	-1.0
473	TAT	CAT	Y	H	0.001101	#c3d5f4ff	2.0
493	CAA	CAT	Q	H	0.003774	#dcddddff	0.0
498	CAA	CAT	Q	H	0.239950	#dcddddff	0.0
517	CTT	CAT	L	H	0.006604	#f5c1a9ff	-3.0
527	CCT	CAT	P	H	0.009065	#f1cdbaff	-2.0
498	CAA	CAC	Q	H	0.002632	#dcddddff	0.0
505	TAC	CAC	Y	H	0.118738	#c3d5f4ff	2.0
508	TAC	CAC	Y	H	0.003367	#c3d5f4ff	2.0
519	CAT	CAC	H	H	0.006606	palegreen	8.0
434	ATA	ATG	I	M	0.006466	#d1dae9ff	1.0
444	AAG	ATG	K	M	0.003767	#e8d6ccff	-1.0
452	CTG	ATG	L	M	0.001733	#c3d5f4ff	2.0
455	TTG	ATG	L	M	0.005322	#c3d5f4ff	2.0
458	AAG	ATG	K	M	0.006958	#e8d6ccff	-1.0
435	GCT	CCT	A	P	0.001199	#e8d6ccff	-1.0
441	CTT	CCT	L	P	0.002025	#f5c1a9ff	-3.0
445	GTT	CCT	V	P	0.008115	#f1cdbaff	-2.0
499	CCC	CCT	P	P	0.001006	palegreen	7.0
517	CTT	CCT	L	P	0.001007	#f5c1a9ff	-3.0
521	CCA	CCT	P	P	0.008651	palegreen	7.0
463	CCT	CCC	P	P	0.015571	palegreen	7.0
479	CCT	CCC	P	P	0.002543	palegreen	7.0
491	CCT	CCC	P	P	0.004073	palegreen	7.0
527	CCT	CCC	P	P	0.004480	palegreen	7.0
479	CCT	CCA	P	P	0.010709	palegreen	7.0
491	CCT	CCA	P	P	0.001957	palegreen	7.0
494	TCA	CCA	S	P	0.001304	#e8d6ccff	-1.0
499	CCC	CCA	P	P	0.002600	palegreen	7.0
518	CTA	CCA	L	P	0.001834	#f5c1a9ff	-3.0
520	GCA	CCA	A	P	0.006731	#e8d6ccff	-1.0
522	GCA	CCA	A	P	0.004709	#e8d6ccff	-1.0
527	CCT	CCA	P	P	0.004163	palegreen	7.0
479	CCT	CCG	P	P	0.001239	palegreen	7.0
491	CCT	CCG	P	P	0.005729	palegreen	7.0
507	CCA	CCG	P	P	0.002105	palegreen	7.0
521	CCA	CCG	P	P	0.004750	palegreen	7.0
432	TGC	TGG	C	W	0.004526	#f1cdbaff	-2.0
440	AAT	TAT	N	Y	0.001899	#f1cdbaff	-2.0
464	TTT	TAT	F	Y	0.002629	#b5cdfaff	3.0
489	TAC	TAT	Y	Y	0.001216	palegreen	7.0
490	TTT	TAT	F	Y	0.001788	#b5cdfaff	3.0
501	AAT	TAT	N	Y	0.737743	#f1cdbaff	-2.0
505	TAC	TAT	Y	Y	0.003168	palegreen	7.0
508	TAC	TAT	Y	Y	0.002738	palegreen	7.0
515	TTT	TAT	F	Y	0.002856	#b5cdfaff	3.0
519	CAT	TAT	H	Y	0.005884	#c3d5f4ff	2.0
439	AAC	TAC	N	Y	0.001044	#f1cdbaff	-2.0
449	TAT	TAC	Y	Y	0.001031	palegreen	7.0
453	TAT	TAC	Y	Y	0.001296	palegreen	7.0
473	TAT	TAC	Y	Y	0.005975	palegreen	7.0
495	TAT	TAC	Y	Y	0.001445	palegreen	7.0
501	AAT	TAC	N	Y	0.001392	#f1cdbaff	-2.0
453	TAT	TTT	Y	F	0.116499	#b5cdfaff	3.0
517	CTT	TTT	L	F	0.001357	#dcddddff	0.0
453	TAT	TTC	Y	F	0.009712	#b5cdfaff	3.0
456	TTT	TTC	F	F	0.002772	palegreen	6.0
461	CTC	TTC	L	F	0.001574	#dcddddff	0.0
464	TTT	TTC	F	F	0.002869	palegreen	6.0
472	ATC	TTC	I	F	0.001411	#dcddddff	0.0
486	TTT	TTC	F	F	0.001161	palegreen	6.0
490	TTT	TTC	F	F	0.001684	palegreen	6.0
508	TAC	TTC	Y	F	0.004764	#b5cdfaff	3.0
515	TTT	TTC	F	F	0.009935	palegreen	6.0
441	CTT	GTT	L	V	0.004108	#d1dae9ff	1.0
468	ATT	GTT	I	V	0.001452	#b5cdfaff	3.0
486	TTT	GTT	F	V	0.430761	#e8d6ccff	-1.0
510	GTA	GTT	V	V	0.002070	palegreen	4.0
511	GTA	GTT	V	V	0.009924	palegreen	4.0
512	GTA	GTT	V	V	0.003989	palegreen	4.0
433	GTT	GTC	V	V	0.002708	palegreen	4.0
445	GTT	GTC	V	V	0.002821	palegreen	4.0
483	GTT	GTC	V	V	0.002481	palegreen	4.0
486	TTT	GTC	F	V	0.001128	#e8d6ccff	-1.0
503	GTT	GTC	V	V	0.001588	palegreen	4.0
524	GTT	GTC	V	V	0.003100	palegreen	4.0
433	GTT	GTA	V	V	0.002070	palegreen	4.0
434	ATA	GTA	I	V	0.001657	#b5cdfaff	3.0
445	GTT	GTA	V	V	0.003183	palegreen	4.0
471	GAA	GTA	E	V	0.007813	#f1cdbaff	-2.0
483	GTT	GTA	V	V	0.002451	palegreen	4.0
493	CAA	GTA	Q	V	0.004081	#f1cdbaff	-2.0
503	GTT	GTA	V	V	0.008581	palegreen	4.0
520	GCA	GTA	A	V	0.002282	#dcddddff	0.0
522	GCA	GTA	A	V	0.001262	#dcddddff	0.0
524	GTT	GTA	V	V	0.004506	palegreen	4.0
465	GAG	GTG	E	V	0.001184	#f1cdbaff	-2.0
510	GTA	GTG	V	V	0.002402	palegreen	4.0
511	GTA	GTG	V	V	0.063640	palegreen	4.0
512	GTA	GTG	V	V	0.006373	palegreen	4.0
434	ATA	TTA	I	L	0.003049	#c3d5f4ff	2.0
455	TTG	TTA	L	L	0.001658	palegreen	4.0
456	TTT	TTA	F	L	0.009365	#dcddddff	0.0
515	TTT	TTA	F	L	0.004784	#dcddddff	0.0
492	TTA	TTG	L	L	0.003096	palegreen	4.0
433	GTT	CTT	V	L	0.001229	#d1dae9ff	1.0
445	GTT	CTT	V	L	0.001829	#d1dae9ff	1.0
456	TTT	CTT	F	L	0.001132	#dcddddff	0.0
464	TTT	CTT	F	L	0.002193	#dcddddff	0.0
503	GTT	CTT	V	L	0.029883	#d1dae9ff	1.0
515	TTT	CTT	F	L	0.002761	#dcddddff	0.0
518	CTA	CTT	L	L	0.002319	palegreen	4.0
519	CAT	CTT	H	L	0.001436	#f5c1a9ff	-3.0
524	GTT	CTT	V	L	0.001118	#d1dae9ff	1.0
527	CCT	CTT	P	L	0.006468	#f5c1a9ff	-3.0
441	CTT	CTC	L	L	0.006843	palegreen	4.0
513	CTT	CTC	L	L	0.006699	palegreen	4.0
517	CTT	CTC	L	L	0.003525	palegreen	4.0
441	CTT	CTA	L	L	0.005221	palegreen	4.0
452	CTG	CTA	L	L	0.001198	palegreen	4.0
492	TTA	CTA	L	L	0.005896	palegreen	4.0
493	CAA	CTA	Q	L	0.002573	#f1cdbaff	-2.0
513	CTT	CTA	L	L	0.001001	palegreen	4.0
517	CTT	CTA	L	L	0.001906	palegreen	4.0
455	TTG	CTG	L	L	0.013355	palegreen	4.0
518	CTA	CTG	L	L	0.004135	palegreen	4.0
434	ATA	ATT	I	I	0.011157	palegreen	4.0
440	AAT	ATT	N	I	0.001089	#f5c1a9ff	-3.0
441	CTT	ATT	L	I	0.001001	#c3d5f4ff	2.0
445	GTT	ATT	V	I	0.001287	#b5cdfaff	3.0
490	TTT	ATT	F	I	0.001506	#dcddddff	0.0
468	ATT	ATC	I	I	0.001805	palegreen	4.0
468	ATT	ATA	I	I	0.002039	palegreen	4.0
478	ACA	ATA	T	I	0.001327	#e8d6ccff	-1.0
492	TTA	ATA	L	I	0.010864	#c3d5f4ff	2.0
510	GTA	ATA	V	I	0.001896	#b5cdfaff	3.0
511	GTA	ATA	V	I	0.001351	#b5cdfaff	3.0
518	CTA	ATA	L	I	0.007213	#c3d5f4ff	2.0
445	GTT	GCT	V	A	0.001527	#dcddddff	0.0
446	GGT	GCT	G	A	0.001208	#dcddddff	0.0
463	CCT	GCT	P	A	0.001531	#e8d6ccff	-1.0
470	ACT	GCT	T	A	0.004951	#dcddddff	0.0
475	GCC	GCT	A	A	0.001689	palegreen	4.0
479	CCT	GCT	P	A	0.002380	#e8d6ccff	-1.0
483	GTT	GCT	V	A	0.008240	#dcddddff	0.0
503	GTT	GCT	V	A	0.005696	#dcddddff	0.0
520	GCA	GCT	A	A	0.004274	palegreen	4.0
522	GCA	GCT	A	A	0.071310	palegreen	4.0
527	CCT	GCT	P	A	0.002769	#e8d6ccff	-1.0
431	GGC	GCC	G	A	0.001470	#dcddddff	0.0
435	GCT	GCC	A	A	0.002871	palegreen	4.0
484	GAA	GCC	E	A	0.001161	#e8d6ccff	-1.0
435	GCT	GCA	A	A	0.003683	palegreen	4.0
475	GCC	GCA	A	A	0.007936	palegreen	4.0
484	GAA	GCA	E	A	0.571857	#e8d6ccff	-1.0
521	CCA	GCA	P	A	0.001006	#e8d6ccff	-1.0
444	AAG	GCG	K	A	0.001721	#e8d6ccff	-1.0
475	GCC	GCG	A	A	0.002665	palegreen	4.0
484	GAA	GCG	E	A	0.001578	#e8d6ccff	-1.0
520	GCA	GCG	A	A	0.005797	palegreen	4.0
522	GCA	GCG	A	A	0.012034	palegreen	4.0
431	GGC	GGT	G	G	0.001648	palegreen	6.0
435	GCT	GGT	A	G	0.006020	#dcddddff	0.0
524	GTT	GGT	V	G	0.006360	#f5c1a9ff	-3.0
526	GGA	GGT	G	G	0.005456	palegreen	6.0
446	GGT	GGC	G	G	0.002214	palegreen	6.0
447	GGT	GGC	G	G	0.002094	palegreen	6.0
476	GGT	GGC	G	G	0.001683	palegreen	6.0
485	GGT	GGC	G	G	0.002636	palegreen	6.0
496	GGT	GGC	G	G	0.003690	palegreen	6.0
502	GGT	GGC	G	G	0.007368	palegreen	6.0
504	GGT	GGC	G	G	0.007831	palegreen	6.0
431	GGC	GGA	G	G	0.001585	palegreen	6.0
446	GGT	GGA	G	G	0.005147	palegreen	6.0
447	GGT	GGA	G	G	0.001967	palegreen	6.0
471	GAA	GGA	E	G	0.001113	#f1cdbaff	-2.0
476	GGT	GGA	G	G	0.003880	palegreen	6.0
482	GGT	GGA	G	G	0.001865	palegreen	6.0
484	GAA	GGA	E	G	0.001300	#f1cdbaff	-2.0
485	GGT	GGA	G	G	0.006255	palegreen	6.0
496	GGT	GGA	G	G	0.003086	palegreen	6.0
502	GGT	GGA	G	G	0.002810	palegreen	6.0
504	GGT	GGA	G	G	0.004090	palegreen	6.0
520	GCA	GGA	A	G	0.001275	#dcddddff	0.0
522	GCA	GGA	A	G	0.001548	#dcddddff	0.0
431	GGC	GGG	G	G	0.001538	palegreen	6.0
457	AGG	GGG	R	G	0.001143	#f1cdbaff	-2.0
465	GAG	GGG	E	G	0.002575	#f1cdbaff	-2.0
485	GGT	GGG	G	G	0.001576	palegreen	6.0
502	GGT	GGG	G	G	0.001497	palegreen	6.0
504	GGT	GGG	G	G	0.001698	palegreen	6.0
526	GGA	GGG	G	G	0.080131	palegreen	6.0
528	AAA	TAA	K	*	0.001841	#f7b396ff	-4.0
525	TGT	TGA	C	*	0.002907	#f7b396ff	-4.0
