432	TGC	TGT	C	C	0.011184	palegreen	9.0
438	TCT	TGT	S	C	0.002297	#e8d6ccff	-1.0
443	TCT	TGT	S	C	0.001449	#e8d6ccff	-1.0
485	GGT	TGT	G	C	0.001243	#f5c1a9ff	-3.0
490	TTT	TGT	F	C	0.001025	#f1cdbaff	-2.0
495	TAT	TGT	Y	C	0.001004	#f1cdbaff	-2.0
501	AAT	TGT	N	C	0.001230	#f5c1a9ff	-3.0
514	TCT	TGT	S	C	0.002922	#e8d6ccff	-1.0
436	TGG	TGC	W	C	0.001444	#f1cdbaff	-2.0
451	TAC	TGC	Y	C	0.001385	#f1cdbaff	-2.0
480	TGT	TGC	C	C	0.012440	palegreen	9.0
488	TGT	TGC	C	C	0.007683	palegreen	9.0
489	TAC	TGC	Y	C	0.001747	#f1cdbaff	-2.0
508	TAC	TGC	Y	C	0.001435	#f1cdbaff	-2.0
525	TGT	TGC	C	C	0.038553	palegreen	9.0
441	CTT	CGT	L	R	0.001642	#f1cdbaff	-2.0
446	GGT	CGT	G	R	0.004483	#f1cdbaff	-2.0
447	GGT	CGT	G	R	0.001041	#f1cdbaff	-2.0
452	CTG	CGT	L	R	0.002540	#f1cdbaff	-2.0
463	CCT	CGT	P	R	0.001633	#f1cdbaff	-2.0
476	GGT	CGT	G	R	0.002036	#f1cdbaff	-2.0
479	CCT	CGT	P	R	0.002129	#f1cdbaff	-2.0
482	GGT	CGT	G	R	0.001729	#f1cdbaff	-2.0
485	GGT	CGT	G	R	0.022344	#f1cdbaff	-2.0
493	CAA	CGT	Q	R	0.001936	#d1dae9ff	1.0
498	CAA	CGT	Q	R	0.004250	#d1dae9ff	1.0
502	GGT	CGT	G	R	0.001816	#f1cdbaff	-2.0
504	GGT	CGT	G	R	0.001639	#f1cdbaff	-2.0
519	CAT	CGT	H	R	0.006400	#dcddddff	0.0
525	TGT	CGT	C	R	0.003258	#f5c1a9ff	-3.0
527	CCT	CGT	P	R	0.002704	#f1cdbaff	-2.0
431	GGC	CGC	G	R	0.001373	#f1cdbaff	-2.0
452	CTG	CGC	L	R	0.001885	#f1cdbaff	-2.0
498	CAA	CGC	Q	R	0.025428	#d1dae9ff	1.0
499	CCC	CGC	P	R	0.002446	#f1cdbaff	-2.0
452	CTG	CGA	L	R	0.010596	#f1cdbaff	-2.0
493	CAA	CGA	Q	R	0.649881	#d1dae9ff	1.0
498	CAA	CGA	Q	R	0.917638	#d1dae9ff	1.0
507	CCA	CGA	P	R	0.001383	#f1cdbaff	-2.0
509	AGA	CGA	R	R	0.001952	palegreen	5.0
521	CCA	CGA	P	R	0.001487	#f1cdbaff	-2.0
526	GGA	CGA	G	R	0.001875	#f1cdbaff	-2.0
436	TGG	CGG	W	R	0.001630	#f5c1a9ff	-3.0
452	CTG	CGG	L	R	0.908066	#f1cdbaff	-2.0
457	AGG	CGG	R	R	0.001174	palegreen	5.0
474	CAG	CGG	Q	R	0.003724	#d1dae9ff	1.0
493	CAA	CGG	Q	R	0.020006	#d1dae9ff	1.0
498	CAA	CGG	Q	R	0.005815	#d1dae9ff	1.0
457	AGG	AGA	R	R	0.001061	palegreen	5.0
460	AAT	AGA	N	R	0.004813	#dcddddff	0.0
462	AAA	AGA	K	R	0.005921	#c3d5f4ff	2.0
478	ACA	AGA	T	R	0.002595	#e8d6ccff	-1.0
484	GAA	AGA	E	R	0.188918	#dcddddff	0.0
493	CAA	AGA	Q	R	0.001352	#d1dae9ff	1.0
498	CAA	AGA	Q	R	0.006743	#d1dae9ff	1.0
526	GGA	AGA	G	R	0.002030	#f1cdbaff	-2.0
436	TGG	AGG	W	R	0.003515	#f5c1a9ff	-3.0
440	AAT	AGG	N	R	0.001676	#dcddddff	0.0
444	AAG	AGG	K	R	0.003000	#c3d5f4ff	2.0
452	CTG	AGG	L	R	0.006894	#f1cdbaff	-2.0
454	AGA	AGG	R	R	0.003622	palegreen	5.0
458	AAG	AGG	K	R	0.002901	#c3d5f4ff	2.0
466	AGA	AGG	R	R	0.006434	palegreen	5.0
484	GAA	AGG	E	R	0.008649	#dcddddff	0.0
509	AGA	AGG	R	R	0.006258	palegreen	5.0
434	ATA	AAA	I	K	0.001068	#f5c1a9ff	-3.0
439	AAC	AAA	N	K	0.001061	#dcddddff	0.0
440	AAT	AAA	N	K	0.004373	#dcddddff	0.0
448	AAT	AAA	N	K	0.001026	#dcddddff	0.0
450	AAT	AAA	N	K	0.036386	#dcddddff	0.0
458	AAG	AAA	K	K	0.007686	palegreen	5.0
460	AAT	AAA	N	K	0.928319	#dcddddff	0.0
466	AGA	AAA	R	K	0.002949	#c3d5f4ff	2.0
471	GAA	AAA	E	K	0.002007	#d1dae9ff	1.0
478	ACA	AAA	T	K	0.950647	#e8d6ccff	-1.0
481	AAT	AAA	N	K	0.001662	#dcddddff	0.0
484	GAA	AAA	E	K	0.064556	#d1dae9ff	1.0
487	AAT	AAA	N	K	0.001141	#dcddddff	0.0
493	CAA	AAA	Q	K	0.171242	#d1dae9ff	1.0
516	GAA	AAA	E	K	0.001041	#d1dae9ff	1.0
440	AAT	AAG	N	K	0.861313	#dcddddff	0.0
457	AGG	AAG	R	K	0.003298	#c3d5f4ff	2.0
460	AAT	AAG	N	K	0.030059	#dcddddff	0.0
462	AAA	AAG	K	K	0.002574	palegreen	5.0
474	CAG	AAG	Q	K	0.001842	#d1dae9ff	1.0
478	ACA	AAG	T	K	0.003190	#e8d6ccff	-1.0
442	GAT	GAA	D	E	0.001676	#c3d5f4ff	2.0
460	AAT	GAA	N	E	0.001783	#dcddddff	0.0
462	AAA	GAA	K	E	0.003424	#d1dae9ff	1.0
467	GAT	GAA	D	E	0.001065	#c3d5f4ff	2.0
478	ACA	GAA	T	E	0.002269	#e8d6ccff	-1.0
506	CAA	GAA	Q	E	0.001951	#c3d5f4ff	2.0
510	GTA	GAA	V	E	0.001297	#f1cdbaff	-2.0
520	GCA	GAA	A	E	0.001638	#e8d6ccff	-1.0
526	GGA	GAA	G	E	0.001757	#f1cdbaff	-2.0
440	AAT	GAG	N	E	0.001014	#dcddddff	0.0
458	AAG	GAG	K	E	0.002907	#d1dae9ff	1.0
471	GAA	GAG	E	E	0.007175	palegreen	5.0
474	CAG	GAG	Q	E	0.001962	#c3d5f4ff	2.0
484	GAA	GAG	E	E	0.001112	palegreen	5.0
516	GAA	GAG	E	E	0.002847	palegreen	5.0
471	GAA	CAA	E	Q	0.001815	#c3d5f4ff	2.0
474	CAG	CAA	Q	Q	0.002721	palegreen	5.0
516	GAA	CAA	E	Q	0.021469	#c3d5f4ff	2.0
518	CTA	CAA	L	Q	0.009576	#f1cdbaff	-2.0
519	CAT	CAA	H	Q	0.008224	#dcddddff	0.0
521	CCA	CAA	P	Q	0.006453	#e8d6ccff	-1.0
452	CTG	CAG	L	Q	0.001883	#f1cdbaff	-2.0
493	CAA	CAG	Q	Q	0.001949	palegreen	5.0
506	CAA	CAG	Q	Q	0.014653	palegreen	5.0
519	CAT	CAG	H	Q	0.001804	#dcddddff	0.0
437	AAT	GAT	N	D	0.002063	#d1dae9ff	1.0
445	GTT	GAT	V	D	0.001691	#f5c1a9ff	-3.0
446	GGT	GAT	G	D	0.003204	#e8d6ccff	-1.0
447	GGT	GAT	G	D	0.001063	#e8d6ccff	-1.0
450	AAT	GAT	N	D	0.004161	#d1dae9ff	1.0
465	GAG	GAT	E	D	0.001071	#c3d5f4ff	2.0
471	GAA	GAT	E	D	0.004012	#c3d5f4ff	2.0
476	GGT	GAT	G	D	0.001374	#e8d6ccff	-1.0
481	AAT	GAT	N	D	0.003730	#d1dae9ff	1.0
482	GGT	GAT	G	D	0.003278	#e8d6ccff	-1.0
483	GTT	GAT	V	D	0.001771	#f5c1a9ff	-3.0
484	GAA	GAT	E	D	0.001453	#c3d5f4ff	2.0
485	GGT	GAT	G	D	0.001331	#e8d6ccff	-1.0
487	AAT	GAT	N	D	0.001054	#d1dae9ff	1.0
502	GGT	GAT	G	D	0.002431	#e8d6ccff	-1.0
503	GTT	GAT	V	D	0.008007	#f5c1a9ff	-3.0
504	GGT	GAT	G	D	0.002297	#e8d6ccff	-1.0
516	GAA	GAT	E	D	0.006874	#c3d5f4ff	2.0
519	CAT	GAT	H	D	0.005680	#e8d6ccff	-1.0
524	GTT	GAT	V	D	0.001721	#f5c1a9ff	-3.0
442	GAT	GAC	D	D	0.013457	palegreen	6.0
467	GAT	GAC	D	D	0.001485	palegreen	6.0
439	AAC	AAT	N	N	0.012212	palegreen	6.0
449	TAT	AAT	Y	N	0.001567	#f1cdbaff	-2.0
453	TAT	AAT	Y	N	0.001652	#f1cdbaff	-2.0
462	AAA	AAT	K	N	0.002674	#dcddddff	0.0
468	ATT	AAT	I	N	0.003497	#f5c1a9ff	-3.0
470	ACT	AAT	T	N	0.001565	#dcddddff	0.0
473	TAT	AAT	Y	N	0.002905	#f1cdbaff	-2.0
477	AGC	AAT	S	N	0.003947	#d1dae9ff	1.0
478	ACA	AAT	T	N	0.002062	#dcddddff	0.0
519	CAT	AAT	H	N	0.003245	#d1dae9ff	1.0
523	ACT	AAT	T	N	0.002567	#dcddddff	0.0
437	AAT	AAC	N	N	0.007353	palegreen	6.0
440	AAT	AAC	N	N	0.002294	palegreen	6.0
448	AAT	AAC	N	N	0.007176	palegreen	6.0
450	AAT	AAC	N	N	0.003945	palegreen	6.0
458	AAG	AAC	K	N	0.001910	#dcddddff	0.0
460	AAT	AAC	N	N	0.001034	palegreen	6.0
477	AGC	AAC	S	N	0.982301	#d1dae9ff	1.0
478	ACA	AAC	T	N	0.001130	#dcddddff	0.0
481	AAT	AAC	N	N	0.001975	palegreen	6.0
487	AAT	AAC	N	N	0.008625	palegreen	6.0
489	TAC	AAC	Y	N	0.001931	#f1cdbaff	-2.0
505	TAC	AAC	Y	N	0.001516	#f1cdbaff	-2.0
508	TAC	AAC	Y	N	0.004597	#f1cdbaff	-2.0
430	ACA	ACT	T	T	0.003917	palegreen	5.0
435	GCT	ACT	A	T	0.002357	#dcddddff	0.0
438	TCT	ACT	S	T	0.012833	#d1dae9ff	1.0
443	TCT	ACT	S	T	0.001571	#d1dae9ff	1.0
444	AAG	ACT	K	T	0.003043	#e8d6ccff	-1.0
459	TCT	ACT	S	T	0.009184	#d1dae9ff	1.0
468	ATT	ACT	I	T	0.003135	#e8d6ccff	-1.0
501	AAT	ACT	N	T	0.033809	#dcddddff	0.0
514	TCT	ACT	S	T	0.008119	#d1dae9ff	1.0
430	ACA	ACC	T	T	0.001418	palegreen	5.0
439	AAC	ACC	N	T	0.001032	#dcddddff	0.0
444	AAG	ACC	K	T	0.001647	#e8d6ccff	-1.0
470	ACT	ACC	T	T	0.020181	palegreen	5.0
475	GCC	ACC	A	T	0.007883	#dcddddff	0.0
499	CCC	ACC	P	T	0.001850	#e8d6ccff	-1.0
500	ACT	ACC	T	T	0.003020	palegreen	5.0
523	ACT	ACC	T	T	0.005382	palegreen	5.0
434	ATA	ACA	I	T	0.001689	#e8d6ccff	-1.0
444	AAG	ACA	K	T	0.005368	#e8d6ccff	-1.0
469	TCA	ACA	S	T	0.003361	#d1dae9ff	1.0
470	ACT	ACA	T	T	0.012210	palegreen	5.0
484	GAA	ACA	E	T	0.028027	#e8d6ccff	-1.0
494	TCA	ACA	S	T	0.003342	#d1dae9ff	1.0
500	ACT	ACA	T	T	0.011504	palegreen	5.0
509	AGA	ACA	R	T	0.001459	#e8d6ccff	-1.0
520	GCA	ACA	A	T	0.029825	#dcddddff	0.0
521	CCA	ACA	P	T	0.001127	#e8d6ccff	-1.0
522	GCA	ACA	A	T	0.008920	#dcddddff	0.0
523	ACT	ACA	T	T	0.012311	palegreen	5.0
430	ACA	ACG	T	T	0.112232	palegreen	5.0
444	AAG	ACG	K	T	0.767229	#e8d6ccff	-1.0
500	ACT	ACG	T	T	0.001011	palegreen	5.0
523	ACT	ACG	T	T	0.001029	palegreen	5.0
463	CCT	TCT	P	S	0.001770	#e8d6ccff	-1.0
464	TTT	TCT	F	S	0.005964	#f1cdbaff	-2.0
469	TCA	TCT	S	S	0.006053	palegreen	4.0
470	ACT	TCT	T	S	0.010054	#d1dae9ff	1.0
486	TTT	TCT	F	S	0.001520	#f1cdbaff	-2.0
490	TTT	TCT	F	S	0.034501	#f1cdbaff	-2.0
494	TCA	TCT	S	S	0.004345	palegreen	4.0
500	ACT	TCT	T	S	0.002221	#d1dae9ff	1.0
523	ACT	TCT	T	S	0.006005	#d1dae9ff	1.0
525	TGT	TCT	C	S	0.001463	#e8d6ccff	-1.0
527	CCT	TCT	P	S	0.008909	#e8d6ccff	-1.0
432	TGC	TCC	C	S	0.001563	#e8d6ccff	-1.0
438	TCT	TCC	S	S	0.005678	palegreen	4.0
443	TCT	TCC	S	S	0.003314	palegreen	4.0
459	TCT	TCC	S	S	0.003500	palegreen	4.0
475	GCC	TCC	A	S	0.002581	#d1dae9ff	1.0
514	TCT	TCC	S	S	0.006620	palegreen	4.0
430	ACA	TCA	T	S	0.004443	#d1dae9ff	1.0
438	TCT	TCA	S	S	0.005972	palegreen	4.0
443	TCT	TCA	S	S	0.006476	palegreen	4.0
459	TCT	TCA	S	S	0.003355	palegreen	4.0
484	GAA	TCA	E	S	0.001452	#dcddddff	0.0
507	CCA	TCA	P	S	0.001219	#e8d6ccff	-1.0
514	TCT	TCA	S	S	0.006343	palegreen	4.0
521	CCA	TCA	P	S	0.006979	#e8d6ccff	-1.0
522	GCA	TCA	A	S	0.001264	#d1dae9ff	1.0
436	TGG	TCG	W	S	0.001370	#f5c1a9ff	-3.0
455	TTG	TCG	L	S	0.001269	#f1cdbaff	-2.0
469	TCA	TCG	S	S	0.008279	palegreen	4.0
494	TCA	TCG	S	S	0.005665	palegreen	4.0
437	AAT	AGT	N	S	0.001147	#d1dae9ff	1.0
440	AAT	AGT	N	S	0.004950	#d1dae9ff	1.0
446	GGT	AGT	G	S	0.033255	#dcddddff	0.0
454	AGA	AGT	R	S	0.001490	#e8d6ccff	-1.0
466	AGA	AGT	R	S	0.003925	#e8d6ccff	-1.0
470	ACT	AGT	T	S	0.002540	#d1dae9ff	1.0
476	GGT	AGT	G	S	0.001617	#dcddddff	0.0
480	TGT	AGT	C	S	0.001444	#e8d6ccff	-1.0
481	AAT	AGT	N	S	0.001609	#d1dae9ff	1.0
482	GGT	AGT	G	S	0.001066	#dcddddff	0.0
484	GAA	AGT	E	S	0.001189	#dcddddff	0.0
485	GGT	AGT	G	S	0.001254	#dcddddff	0.0
488	TGT	AGT	C	S	0.001537	#e8d6ccff	-1.0
496	GGT	AGT	G	S	0.013163	#dcddddff	0.0
504	GGT	AGT	G	S	0.002948	#dcddddff	0.0
523	ACT	AGT	T	S	0.002528	#d1dae9ff	1.0
525	TGT	AGT	C	S	0.003324	#e8d6ccff	-1.0
441	CTT	CAT	L	H	0.004576	#f5c1a9ff	-3.0
442	GAT	CAT	D	H	0.001952	#e8d6ccff	-1.0
449	TAT	CAT	Y	H	0.001173	#c3d5f4ff	2.0
463	CCT	CAT	P	H	0.001734	#f1cdbaff	-2.0
473	TAT	CAT	Y	H	0.003663	#c3d5f4ff	2.0
474	CAG	CAT	Q	H	0.001228	#dcddddff	0.0
479	CCT	CAT	P	H	0.005241	#f1cdbaff	-2.0
481	AAT	CAT	N	H	0.001178	#d1dae9ff	1.0
491	CCT	CAT	P	H	0.001274	#f1cdbaff	-2.0
498	CAA	CAT	Q	H	0.027919	#dcddddff	0.0
506	CAA	CAT	Q	H	0.002558	#dcddddff	0.0
517	CTT	CAT	L	H	0.008145	#f5c1a9ff	-3.0
527	CCT	CAT	P	H	0.005308	#f1cdbaff	-2.0
461	CTC	CAC	L	H	0.001608	#f5c1a9ff	-3.0
474	CAG	CAC	Q	H	0.001107	#dcddddff	0.0
493	CAA	CAC	Q	H	0.001207	#dcddddff	0.0
498	CAA	CAC	Q	H	0.001595	#dcddddff	0.0
499	CCC	CAC	P	H	0.001462	#f1cdbaff	-2.0
505	TAC	CAC	Y	H	0.035933	#c3d5f4ff	2.0
508	TAC	CAC	Y	H	0.004888	#c3d5f4ff	2.0
519	CAT	CAC	H	H	0.008918	palegreen	8.0
434	ATA	ATG	I	M	0.002609	#d1dae9ff	1.0
440	AAT	ATG	N	M	0.003449	#f1cdbaff	-2.0
444	AAG	ATG	K	M	0.006897	#e8d6ccff	-1.0
452	CTG	ATG	L	M	0.001210	#c3d5f4ff	2.0
455	TTG	ATG	L	M	0.005892	#c3d5f4ff	2.0
457	AGG	ATG	R	M	0.001112	#e8d6ccff	-1.0
458	AAG	ATG	K	M	0.002490	#e8d6ccff	-1.0
468	ATT	ATG	I	M	0.001184	#d1dae9ff	1.0
435	GCT	CCT	A	P	0.001260	#e8d6ccff	-1.0
441	CTT	CCT	L	P	0.003153	#f5c1a9ff	-3.0
445	GTT	CCT	V	P	0.023838	#f1cdbaff	-2.0
459	TCT	CCT	S	P	0.002853	#e8d6ccff	-1.0
470	ACT	CCT	T	P	0.001034	#e8d6ccff	-1.0
499	CCC	CCT	P	P	0.004038	palegreen	7.0
507	CCA	CCT	P	P	0.007401	palegreen	7.0
517	CTT	CCT	L	P	0.001812	#f5c1a9ff	-3.0
521	CCA	CCT	P	P	0.031733	palegreen	7.0
463	CCT	CCC	P	P	0.016788	palegreen	7.0
479	CCT	CCC	P	P	0.005367	palegreen	7.0
491	CCT	CCC	P	P	0.004882	palegreen	7.0
521	CCA	CCC	P	P	0.002548	palegreen	7.0
463	CCT	CCA	P	P	0.001547	palegreen	7.0
469	TCA	CCA	S	P	0.001272	#e8d6ccff	-1.0
479	CCT	CCA	P	P	0.016446	palegreen	7.0
484	GAA	CCA	E	P	0.001836	#e8d6ccff	-1.0
491	CCT	CCA	P	P	0.004924	palegreen	7.0
494	TCA	CCA	S	P	0.001474	#e8d6ccff	-1.0
499	CCC	CCA	P	P	0.005908	palegreen	7.0
518	CTA	CCA	L	P	0.003721	#f5c1a9ff	-3.0
520	GCA	CCA	A	P	0.005270	#e8d6ccff	-1.0
522	GCA	CCA	A	P	0.003359	#e8d6ccff	-1.0
452	CTG	CCG	L	P	0.001098	#f5c1a9ff	-3.0
463	CCT	CCG	P	P	0.002763	palegreen	7.0
479	CCT	CCG	P	P	0.001234	palegreen	7.0
491	CCT	CCG	P	P	0.008295	palegreen	7.0
499	CCC	CCG	P	P	0.001678	palegreen	7.0
507	CCA	CCG	P	P	0.001195	palegreen	7.0
521	CCA	CCG	P	P	0.013001	palegreen	7.0
432	TGC	TGG	C	W	0.003048	#f1cdbaff	-2.0
452	CTG	TGG	L	W	0.002402	#f1cdbaff	-2.0
455	TTG	TGG	L	W	0.002964	#f1cdbaff	-2.0
437	AAT	TAT	N	Y	0.001011	#f1cdbaff	-2.0
438	TCT	TAT	S	Y	0.001278	#f1cdbaff	-2.0
440	AAT	TAT	N	Y	0.001901	#f1cdbaff	-2.0
448	AAT	TAT	N	Y	0.002100	#f1cdbaff	-2.0
450	AAT	TAT	N	Y	0.002399	#f1cdbaff	-2.0
451	TAC	TAT	Y	Y	0.001580	palegreen	7.0
456	TTT	TAT	F	Y	0.002080	#b5cdfaff	3.0
459	TCT	TAT	S	Y	0.001708	#f1cdbaff	-2.0
464	TTT	TAT	F	Y	0.008671	#b5cdfaff	3.0
481	AAT	TAT	N	Y	0.003019	#f1cdbaff	-2.0
486	TTT	TAT	F	Y	0.001774	#b5cdfaff	3.0
489	TAC	TAT	Y	Y	0.001502	palegreen	7.0
490	TTT	TAT	F	Y	0.002392	#b5cdfaff	3.0
498	CAA	TAT	Q	Y	0.003934	#e8d6ccff	-1.0
501	AAT	TAT	N	Y	0.958060	#f1cdbaff	-2.0
505	TAC	TAT	Y	Y	0.007394	palegreen	7.0
508	TAC	TAT	Y	Y	0.010576	palegreen	7.0
514	TCT	TAT	S	Y	0.001128	#f1cdbaff	-2.0
515	TTT	TAT	F	Y	0.003066	#b5cdfaff	3.0
519	CAT	TAT	H	Y	0.006501	#c3d5f4ff	2.0
525	TGT	TAT	C	Y	0.001009	#f1cdbaff	-2.0
439	AAC	TAC	N	Y	0.003029	#f1cdbaff	-2.0
449	TAT	TAC	Y	Y	0.001207	palegreen	7.0
453	TAT	TAC	Y	Y	0.006924	palegreen	7.0
473	TAT	TAC	Y	Y	0.005628	palegreen	7.0
495	TAT	TAC	Y	Y	0.002787	palegreen	7.0
497	TTC	TAC	F	Y	0.002466	#b5cdfaff	3.0
501	AAT	TAC	N	Y	0.001889	#f1cdbaff	-2.0
449	TAT	TTT	Y	F	0.002383	#b5cdfaff	3.0
453	TAT	TTT	Y	F	0.021757	#b5cdfaff	3.0
459	TCT	TTT	S	F	0.001147	#f1cdbaff	-2.0
468	ATT	TTT	I	F	0.001560	#dcddddff	0.0
473	TAT	TTT	Y	F	0.002154	#b5cdfaff	3.0
483	GTT	TTT	V	F	0.001723	#e8d6ccff	-1.0
492	TTA	TTT	L	F	0.001427	#dcddddff	0.0
497	TTC	TTT	F	F	0.001592	palegreen	6.0
503	GTT	TTT	V	F	0.001026	#e8d6ccff	-1.0
513	CTT	TTT	L	F	0.003934	#dcddddff	0.0
517	CTT	TTT	L	F	0.002149	#dcddddff	0.0
525	TGT	TTT	C	F	0.001427	#f1cdbaff	-2.0
451	TAC	TTC	Y	F	0.004121	#b5cdfaff	3.0
455	TTG	TTC	L	F	0.010800	#dcddddff	0.0
456	TTT	TTC	F	F	0.007209	palegreen	6.0
461	CTC	TTC	L	F	0.001043	#dcddddff	0.0
464	TTT	TTC	F	F	0.003920	palegreen	6.0
472	ATC	TTC	I	F	0.016843	#dcddddff	0.0
486	TTT	TTC	F	F	0.003690	palegreen	6.0
489	TAC	TTC	Y	F	0.001544	#b5cdfaff	3.0
490	TTT	TTC	F	F	0.002208	palegreen	6.0
508	TAC	TTC	Y	F	0.007549	#b5cdfaff	3.0
515	TTT	TTC	F	F	0.014791	palegreen	6.0
441	CTT	GTT	L	V	0.002832	#d1dae9ff	1.0
467	GAT	GTT	D	V	0.001758	#f5c1a9ff	-3.0
468	ATT	GTT	I	V	0.002103	#b5cdfaff	3.0
482	GGT	GTT	G	V	0.001376	#f5c1a9ff	-3.0
486	TTT	GTT	F	V	0.065237	#e8d6ccff	-1.0
510	GTA	GTT	V	V	0.010371	palegreen	4.0
511	GTA	GTT	V	V	0.009295	palegreen	4.0
512	GTA	GTT	V	V	0.006384	palegreen	4.0
513	CTT	GTT	L	V	0.002021	#d1dae9ff	1.0
517	CTT	GTT	L	V	0.001652	#d1dae9ff	1.0
433	GTT	GTC	V	V	0.004651	palegreen	4.0
445	GTT	GTC	V	V	0.007585	palegreen	4.0
461	CTC	GTC	L	V	0.001063	#d1dae9ff	1.0
472	ATC	GTC	I	V	0.002124	#b5cdfaff	3.0
475	GCC	GTC	A	V	0.001689	#dcddddff	0.0
483	GTT	GTC	V	V	0.004517	palegreen	4.0
503	GTT	GTC	V	V	0.004677	palegreen	4.0
524	GTT	GTC	V	V	0.001827	palegreen	4.0
433	GTT	GTA	V	V	0.003211	palegreen	4.0
434	ATA	GTA	I	V	0.001756	#b5cdfaff	3.0
445	GTT	GTA	V	V	0.004531	palegreen	4.0
471	GAA	GTA	E	V	0.003605	#f1cdbaff	-2.0
483	GTT	GTA	V	V	0.003051	palegreen	4.0
484	GAA	GTA	E	V	0.003252	#f1cdbaff	-2.0
493	CAA	GTA	Q	V	0.001019	#f1cdbaff	-2.0
503	GTT	GTA	V	V	0.011341	palegreen	4.0
520	GCA	GTA	A	V	0.002874	#dcddddff	0.0
522	GCA	GTA	A	V	0.003874	#dcddddff	0.0
524	GTT	GTA	V	V	0.016407	palegreen	4.0
465	GAG	GTG	E	V	0.001297	#f1cdbaff	-2.0
503	GTT	GTG	V	V	0.001445	palegreen	4.0
510	GTA	GTG	V	V	0.005281	palegreen	4.0
511	GTA	GTG	V	V	0.090797	palegreen	4.0
512	GTA	GTG	V	V	0.011001	palegreen	4.0
434	ATA	TTA	I	L	0.003134	#c3d5f4ff	2.0
455	TTG	TTA	L	L	0.008888	palegreen	4.0
456	TTT	TTA	F	L	0.012091	#dcddddff	0.0
464	TTT	TTA	F	L	0.003323	#dcddddff	0.0
486	TTT	TTA	F	L	0.002619	#dcddddff	0.0
490	TTT	TTA	F	L	0.006316	#dcddddff	0.0
515	TTT	TTA	F	L	0.011098	#dcddddff	0.0
518	CTA	TTA	L	L	0.003170	palegreen	4.0
492	TTA	TTG	L	L	0.005369	palegreen	4.0
497	TTC	TTG	F	L	0.001266	#dcddddff	0.0
515	TTT	TTG	F	L	0.002855	#dcddddff	0.0
433	GTT	CTT	V	L	0.001325	#d1dae9ff	1.0
445	GTT	CTT	V	L	0.001531	#d1dae9ff	1.0
456	TTT	CTT	F	L	0.003721	#dcddddff	0.0
464	TTT	CTT	F	L	0.002930	#dcddddff	0.0
479	CCT	CTT	P	L	0.001628	#f5c1a9ff	-3.0
490	TTT	CTT	F	L	0.006628	#dcddddff	0.0
503	GTT	CTT	V	L	0.019828	#d1dae9ff	1.0
515	TTT	CTT	F	L	0.003290	#dcddddff	0.0
518	CTA	CTT	L	L	0.004989	palegreen	4.0
519	CAT	CTT	H	L	0.002890	#f5c1a9ff	-3.0
527	CCT	CTT	P	L	0.002343	#f5c1a9ff	-3.0
441	CTT	CTC	L	L	0.014631	palegreen	4.0
472	ATC	CTC	I	L	0.001283	#c3d5f4ff	2.0
513	CTT	CTC	L	L	0.013078	palegreen	4.0
517	CTT	CTC	L	L	0.007762	palegreen	4.0
518	CTA	CTC	L	L	0.001013	palegreen	4.0
441	CTT	CTA	L	L	0.010100	palegreen	4.0
461	CTC	CTA	L	L	0.002857	palegreen	4.0
492	TTA	CTA	L	L	0.009671	palegreen	4.0
493	CAA	CTA	Q	L	0.001491	#f1cdbaff	-2.0
506	CAA	CTA	Q	L	0.001977	#f1cdbaff	-2.0
513	CTT	CTA	L	L	0.005016	palegreen	4.0
517	CTT	CTA	L	L	0.004404	palegreen	4.0
521	CCA	CTA	P	L	0.002504	#f5c1a9ff	-3.0
455	TTG	CTG	L	L	0.008055	palegreen	4.0
513	CTT	CTG	L	L	0.003062	palegreen	4.0
517	CTT	CTG	L	L	0.001123	palegreen	4.0
518	CTA	CTG	L	L	0.004499	palegreen	4.0
433	GTT	ATT	V	I	0.002110	#b5cdfaff	3.0
434	ATA	ATT	I	I	0.010867	palegreen	4.0
437	AAT	ATT	N	I	0.001208	#f5c1a9ff	-3.0
441	CTT	ATT	L	I	0.004449	#c3d5f4ff	2.0
445	GTT	ATT	V	I	0.001281	#b5cdfaff	3.0
448	AAT	ATT	N	I	0.002520	#f5c1a9ff	-3.0
450	AAT	ATT	N	I	0.001727	#f5c1a9ff	-3.0
470	ACT	ATT	T	I	0.001205	#e8d6ccff	-1.0
472	ATC	ATT	I	I	0.005589	palegreen	4.0
481	AAT	ATT	N	I	0.002648	#f5c1a9ff	-3.0
483	GTT	ATT	V	I	0.002996	#b5cdfaff	3.0
486	TTT	ATT	F	I	0.001857	#dcddddff	0.0
490	TTT	ATT	F	I	0.005586	#dcddddff	0.0
503	GTT	ATT	V	I	0.006285	#b5cdfaff	3.0
515	TTT	ATT	F	I	0.002311	#dcddddff	0.0
523	ACT	ATT	T	I	0.001340	#e8d6ccff	-1.0
524	GTT	ATT	V	I	0.001294	#b5cdfaff	3.0
434	ATA	ATC	I	I	0.001388	palegreen	4.0
439	AAC	ATC	N	I	0.001051	#f5c1a9ff	-3.0
468	ATT	ATC	I	I	0.002922	palegreen	4.0
477	AGC	ATC	S	I	0.001460	#f1cdbaff	-2.0
430	ACA	ATA	T	I	0.003182	#e8d6ccff	-1.0
460	AAT	ATA	N	I	0.002683	#f5c1a9ff	-3.0
462	AAA	ATA	K	I	0.003217	#f5c1a9ff	-3.0
466	AGA	ATA	R	I	0.001960	#f5c1a9ff	-3.0
468	ATT	ATA	I	I	0.014823	palegreen	4.0
472	ATC	ATA	I	I	0.004047	palegreen	4.0
478	ACA	ATA	T	I	0.001715	#e8d6ccff	-1.0
492	TTA	ATA	L	I	0.004020	#c3d5f4ff	2.0
510	GTA	ATA	V	I	0.002943	#b5cdfaff	3.0
511	GTA	ATA	V	I	0.002591	#b5cdfaff	3.0
512	GTA	ATA	V	I	0.001398	#b5cdfaff	3.0
518	CTA	ATA	L	I	0.002346	#c3d5f4ff	2.0
445	GTT	GCT	V	A	0.008602	#dcddddff	0.0
446	GGT	GCT	G	A	0.002586	#dcddddff	0.0
447	GGT	GCT	G	A	0.001039	#dcddddff	0.0
463	CCT	GCT	P	A	0.001602	#e8d6ccff	-1.0
470	ACT	GCT	T	A	0.005453	#dcddddff	0.0
475	GCC	GCT	A	A	0.005905	palegreen	4.0
476	GGT	GCT	G	A	0.001644	#dcddddff	0.0
479	CCT	GCT	P	A	0.004174	#e8d6ccff	-1.0
483	GTT	GCT	V	A	0.006921	#dcddddff	0.0
484	GAA	GCT	E	A	0.004197	#e8d6ccff	-1.0
500	ACT	GCT	T	A	0.001770	#dcddddff	0.0
503	GTT	GCT	V	A	0.005300	#dcddddff	0.0
520	GCA	GCT	A	A	0.010101	palegreen	4.0
522	GCA	GCT	A	A	0.160186	palegreen	4.0
524	GTT	GCT	V	A	0.001809	#dcddddff	0.0
527	CCT	GCT	P	A	0.003986	#e8d6ccff	-1.0
431	GGC	GCC	G	A	0.001584	#dcddddff	0.0
435	GCT	GCC	A	A	0.010699	palegreen	4.0
479	CCT	GCC	P	A	0.001042	#e8d6ccff	-1.0
430	ACA	GCA	T	A	0.001368	#dcddddff	0.0
435	GCT	GCA	A	A	0.008824	palegreen	4.0
475	GCC	GCA	A	A	0.086303	palegreen	4.0
484	GAA	GCA	E	A	0.569115	#e8d6ccff	-1.0
510	GTA	GCA	V	A	0.001809	#dcddddff	0.0
521	CCA	GCA	P	A	0.001002	#e8d6ccff	-1.0
435	GCT	GCG	A	A	0.001273	palegreen	4.0
444	AAG	GCG	K	A	0.002558	#e8d6ccff	-1.0
475	GCC	GCG	A	A	0.009516	palegreen	4.0
484	GAA	GCG	E	A	0.003523	#e8d6ccff	-1.0
520	GCA	GCG	A	A	0.008289	palegreen	4.0
522	GCA	GCG	A	A	0.013169	palegreen	4.0
431	GGC	GGT	G	G	0.002056	palegreen	6.0
435	GCT	GGT	A	G	0.005482	#dcddddff	0.0
445	GTT	GGT	V	G	0.002566	#f5c1a9ff	-3.0
467	GAT	GGT	D	G	0.001533	#e8d6ccff	-1.0
503	GTT	GGT	V	G	0.001024	#f5c1a9ff	-3.0
524	GTT	GGT	V	G	0.006758	#f5c1a9ff	-3.0
526	GGA	GGT	G	G	0.006020	palegreen	6.0
446	GGT	GGC	G	G	0.006746	palegreen	6.0
447	GGT	GGC	G	G	0.002772	palegreen	6.0
476	GGT	GGC	G	G	0.003767	palegreen	6.0
482	GGT	GGC	G	G	0.002779	palegreen	6.0
485	GGT	GGC	G	G	0.002550	palegreen	6.0
496	GGT	GGC	G	G	0.018612	palegreen	6.0
502	GGT	GGC	G	G	0.039308	palegreen	6.0
504	GGT	GGC	G	G	0.011319	palegreen	6.0
431	GGC	GGA	G	G	0.003005	palegreen	6.0
446	GGT	GGA	G	G	0.007650	palegreen	6.0
447	GGT	GGA	G	G	0.006474	palegreen	6.0
466	AGA	GGA	R	G	0.001179	#f1cdbaff	-2.0
471	GAA	GGA	E	G	0.002801	#f1cdbaff	-2.0
476	GGT	GGA	G	G	0.006242	palegreen	6.0
482	GGT	GGA	G	G	0.004430	palegreen	6.0
484	GAA	GGA	E	G	0.003052	#f1cdbaff	-2.0
485	GGT	GGA	G	G	0.002209	palegreen	6.0
493	CAA	GGA	Q	G	0.001375	#f1cdbaff	-2.0
496	GGT	GGA	G	G	0.011356	palegreen	6.0
502	GGT	GGA	G	G	0.007341	palegreen	6.0
504	GGT	GGA	G	G	0.008165	palegreen	6.0
516	GAA	GGA	E	G	0.004052	#f1cdbaff	-2.0
520	GCA	GGA	A	G	0.003458	#dcddddff	0.0
522	GCA	GGA	A	G	0.001996	#dcddddff	0.0
431	GGC	GGG	G	G	0.001199	palegreen	6.0
446	GGT	GGG	G	G	0.002630	palegreen	6.0
452	CTG	GGG	L	G	0.004823	#f7b396ff	-4.0
457	AGG	GGG	R	G	0.001336	#f1cdbaff	-2.0
465	GAG	GGG	E	G	0.003057	#f1cdbaff	-2.0
496	GGT	GGG	G	G	0.001006	palegreen	6.0
502	GGT	GGG	G	G	0.002262	palegreen	6.0
516	GAA	GGG	E	G	0.001230	#f1cdbaff	-2.0
526	GGA	GGG	G	G	0.108421	palegreen	6.0
