432	TGC	TGT	C	C	0.006126	palegreen	9.0
443	TCT	TGT	S	C	0.001713	#e8d6ccff	-1.0
436	TGG	TGC	W	C	0.001539	#f1cdbaff	-2.0
480	TGT	TGC	C	C	0.001997	palegreen	9.0
488	TGT	TGC	C	C	0.003024	palegreen	9.0
525	TGT	TGC	C	C	0.001002	palegreen	9.0
441	CTT	CGT	L	R	0.002042	#f1cdbaff	-2.0
446	GGT	CGT	G	R	0.001560	#f1cdbaff	-2.0
479	CCT	CGT	P	R	0.001344	#f1cdbaff	-2.0
482	GGT	CGT	G	R	0.219891	#f1cdbaff	-2.0
485	GGT	CGT	G	R	0.001731	#f1cdbaff	-2.0
498	CAA	CGT	Q	R	0.027536	#d1dae9ff	1.0
519	CAT	CGT	H	R	0.003056	#dcddddff	0.0
525	TGT	CGT	C	R	0.001779	#f5c1a9ff	-3.0
527	CCT	CGT	P	R	0.001210	#f1cdbaff	-2.0
431	GGC	CGC	G	R	0.001618	#f1cdbaff	-2.0
499	CCC	CGC	P	R	0.001490	#f1cdbaff	-2.0
452	CTG	CGA	L	R	0.001321	#f1cdbaff	-2.0
482	GGT	CGA	G	R	0.001661	#f1cdbaff	-2.0
493	CAA	CGA	Q	R	0.007423	#d1dae9ff	1.0
498	CAA	CGA	Q	R	0.912189	#d1dae9ff	1.0
518	CTA	CGA	L	R	0.001259	#f1cdbaff	-2.0
521	CCA	CGA	P	R	0.002126	#f1cdbaff	-2.0
526	GGA	CGA	G	R	0.002089	#f1cdbaff	-2.0
452	CTG	CGG	L	R	0.290794	#f1cdbaff	-2.0
474	CAG	CGG	Q	R	0.002657	#d1dae9ff	1.0
498	CAA	CGG	Q	R	0.002286	#d1dae9ff	1.0
460	AAT	AGA	N	R	0.003796	#dcddddff	0.0
478	ACA	AGA	T	R	0.001074	#e8d6ccff	-1.0
484	GAA	AGA	E	R	0.657696	#dcddddff	0.0
498	CAA	AGA	Q	R	0.011189	#d1dae9ff	1.0
436	TGG	AGG	W	R	0.001061	#f5c1a9ff	-3.0
444	AAG	AGG	K	R	0.311387	#c3d5f4ff	2.0
434	ATA	AAA	I	K	0.001294	#f5c1a9ff	-3.0
440	AAT	AAA	N	K	0.003663	#dcddddff	0.0
458	AAG	AAA	K	K	0.017348	palegreen	5.0
460	AAT	AAA	N	K	0.313207	#dcddddff	0.0
478	ACA	AAA	T	K	0.939003	#e8d6ccff	-1.0
481	AAT	AAA	N	K	0.001171	#dcddddff	0.0
484	GAA	AAA	E	K	0.002699	#d1dae9ff	1.0
440	AAT	AAG	N	K	0.531667	#dcddddff	0.0
452	CTG	AAG	L	K	0.014966	#f1cdbaff	-2.0
460	AAT	AAG	N	K	0.623619	#dcddddff	0.0
462	AAA	AAG	K	K	0.001181	palegreen	5.0
478	ACA	AAG	T	K	0.009168	#e8d6ccff	-1.0
462	AAA	GAA	K	E	0.001434	#d1dae9ff	1.0
465	GAG	GAA	E	E	0.001159	palegreen	5.0
522	GCA	GAA	A	E	0.001387	#e8d6ccff	-1.0
528	AAA	GAA	K	E	0.009217	#d1dae9ff	1.0
458	AAG	GAG	K	E	0.001553	#d1dae9ff	1.0
471	GAA	GAG	E	E	0.001347	palegreen	5.0
516	GAA	GAG	E	E	0.001734	palegreen	5.0
518	CTA	CAA	L	Q	0.006841	#f1cdbaff	-2.0
519	CAT	CAA	H	Q	0.013501	#dcddddff	0.0
521	CCA	CAA	P	Q	0.003282	#e8d6ccff	-1.0
452	CTG	CAG	L	Q	0.001910	#f1cdbaff	-2.0
493	CAA	CAG	Q	Q	0.001431	palegreen	5.0
506	CAA	CAG	Q	Q	0.032380	palegreen	5.0
450	AAT	GAT	N	D	0.610181	#d1dae9ff	1.0
471	GAA	GAT	E	D	0.001586	#c3d5f4ff	2.0
483	GTT	GAT	V	D	0.001103	#f5c1a9ff	-3.0
519	CAT	GAT	H	D	0.001605	#e8d6ccff	-1.0
524	GTT	GAT	V	D	0.001702	#f5c1a9ff	-3.0
467	GAT	GAC	D	D	0.001980	palegreen	6.0
468	ATT	AAT	I	N	0.003783	#f5c1a9ff	-3.0
523	ACT	AAT	T	N	0.002889	#dcddddff	0.0
437	AAT	AAC	N	N	0.003512	palegreen	6.0
440	AAT	AAC	N	N	0.003383	palegreen	6.0
450	AAT	AAC	N	N	0.026311	palegreen	6.0
458	AAG	AAC	K	N	0.004906	#dcddddff	0.0
477	AGC	AAC	S	N	0.966613	#d1dae9ff	1.0
487	AAT	AAC	N	N	0.003829	palegreen	6.0
438	TCT	ACT	S	T	0.001402	#d1dae9ff	1.0
443	TCT	ACT	S	T	0.001090	#d1dae9ff	1.0
444	AAG	ACT	K	T	0.011875	#e8d6ccff	-1.0
459	TCT	ACT	S	T	0.002271	#d1dae9ff	1.0
468	ATT	ACT	I	T	0.004247	#e8d6ccff	-1.0
501	AAT	ACT	N	T	0.002550	#dcddddff	0.0
514	TCT	ACT	S	T	0.002079	#d1dae9ff	1.0
527	CCT	ACT	P	T	0.003182	#e8d6ccff	-1.0
470	ACT	ACC	T	T	0.004242	palegreen	5.0
472	ATC	ACC	I	T	0.004968	#e8d6ccff	-1.0
500	ACT	ACC	T	T	0.001195	palegreen	5.0
523	ACT	ACC	T	T	0.005712	palegreen	5.0
469	TCA	ACA	S	T	0.004267	#d1dae9ff	1.0
470	ACT	ACA	T	T	0.001131	palegreen	5.0
500	ACT	ACA	T	T	0.004417	palegreen	5.0
520	GCA	ACA	A	T	0.010745	#dcddddff	0.0
522	GCA	ACA	A	T	0.002377	#dcddddff	0.0
523	ACT	ACA	T	T	0.002831	palegreen	5.0
430	ACA	ACG	T	T	0.001856	palegreen	5.0
444	AAG	ACG	K	T	0.215819	#e8d6ccff	-1.0
464	TTT	TCT	F	S	0.001855	#f1cdbaff	-2.0
470	ACT	TCT	T	S	0.001552	#d1dae9ff	1.0
490	TTT	TCT	F	S	0.004965	#f1cdbaff	-2.0
523	ACT	TCT	T	S	0.008282	#d1dae9ff	1.0
527	CCT	TCT	P	S	0.001386	#e8d6ccff	-1.0
432	TGC	TCC	C	S	0.001873	#e8d6ccff	-1.0
438	TCT	TCC	S	S	0.003089	palegreen	4.0
443	TCT	TCC	S	S	0.001620	palegreen	4.0
459	TCT	TCC	S	S	0.016145	palegreen	4.0
514	TCT	TCC	S	S	0.006424	palegreen	4.0
438	TCT	TCA	S	S	0.001967	palegreen	4.0
443	TCT	TCA	S	S	0.002485	palegreen	4.0
459	TCT	TCA	S	S	0.001077	palegreen	4.0
514	TCT	TCA	S	S	0.001754	palegreen	4.0
521	CCA	TCA	P	S	0.008638	#e8d6ccff	-1.0
522	GCA	TCA	A	S	0.010506	#d1dae9ff	1.0
436	TGG	TCG	W	S	0.001588	#f5c1a9ff	-3.0
469	TCA	TCG	S	S	0.002326	palegreen	4.0
446	GGT	AGT	G	S	0.008254	#dcddddff	0.0
466	AGA	AGT	R	S	0.001584	#e8d6ccff	-1.0
476	GGT	AGT	G	S	0.001031	#dcddddff	0.0
482	GGT	AGT	G	S	0.001839	#dcddddff	0.0
496	GGT	AGT	G	S	0.005752	#dcddddff	0.0
504	GGT	AGT	G	S	0.002167	#dcddddff	0.0
523	ACT	AGT	T	S	0.002998	#d1dae9ff	1.0
525	TGT	AGT	C	S	0.001773	#e8d6ccff	-1.0
441	CTT	CAT	L	H	0.002674	#f5c1a9ff	-3.0
442	GAT	CAT	D	H	0.002076	#e8d6ccff	-1.0
453	TAT	CAT	Y	H	0.001780	#c3d5f4ff	2.0
473	TAT	CAT	Y	H	0.002850	#c3d5f4ff	2.0
482	GGT	CAT	G	H	0.001355	#f1cdbaff	-2.0
493	CAA	CAT	Q	H	0.014926	#dcddddff	0.0
498	CAA	CAT	Q	H	0.008932	#dcddddff	0.0
517	CTT	CAT	L	H	0.006473	#f5c1a9ff	-3.0
527	CCT	CAT	P	H	0.002995	#f1cdbaff	-2.0
498	CAA	CAC	Q	H	0.002553	#dcddddff	0.0
505	TAC	CAC	Y	H	0.352368	#c3d5f4ff	2.0
508	TAC	CAC	Y	H	0.003791	#c3d5f4ff	2.0
519	CAT	CAC	H	H	0.003224	palegreen	8.0
444	AAG	ATG	K	M	0.001876	#e8d6ccff	-1.0
452	CTG	ATG	L	M	0.600961	#c3d5f4ff	2.0
455	TTG	ATG	L	M	0.001808	#c3d5f4ff	2.0
458	AAG	ATG	K	M	0.001452	#e8d6ccff	-1.0
466	AGA	ATG	R	M	0.001204	#e8d6ccff	-1.0
435	GCT	CCT	A	P	0.001654	#e8d6ccff	-1.0
441	CTT	CCT	L	P	0.001096	#f5c1a9ff	-3.0
521	CCA	CCT	P	P	0.012353	palegreen	7.0
523	ACT	CCT	T	P	0.001894	#e8d6ccff	-1.0
463	CCT	CCC	P	P	0.006645	palegreen	7.0
479	CCT	CCC	P	P	0.001727	palegreen	7.0
527	CCT	CCC	P	P	0.003457	palegreen	7.0
479	CCT	CCA	P	P	0.003033	palegreen	7.0
491	CCT	CCA	P	P	0.001961	palegreen	7.0
494	TCA	CCA	S	P	0.054020	#e8d6ccff	-1.0
518	CTA	CCA	L	P	0.001840	#f5c1a9ff	-3.0
520	GCA	CCA	A	P	0.007880	#e8d6ccff	-1.0
522	GCA	CCA	A	P	0.005349	#e8d6ccff	-1.0
507	CCA	CCG	P	P	0.003637	palegreen	7.0
521	CCA	CCG	P	P	0.001188	palegreen	7.0
432	TGC	TGG	C	W	0.004296	#f1cdbaff	-2.0
440	AAT	TAT	N	Y	0.002859	#f1cdbaff	-2.0
450	AAT	TAT	N	Y	0.001059	#f1cdbaff	-2.0
451	TAC	TAT	Y	Y	0.026529	palegreen	7.0
464	TTT	TAT	F	Y	0.002086	#b5cdfaff	3.0
489	TAC	TAT	Y	Y	0.001290	palegreen	7.0
490	TTT	TAT	F	Y	0.001659	#b5cdfaff	3.0
501	AAT	TAT	N	Y	0.961014	#f1cdbaff	-2.0
505	TAC	TAT	Y	Y	0.001035	palegreen	7.0
508	TAC	TAT	Y	Y	0.004746	palegreen	7.0
515	TTT	TAT	F	Y	0.001027	#b5cdfaff	3.0
519	CAT	TAT	H	Y	0.001342	#c3d5f4ff	2.0
439	AAC	TAC	N	Y	0.001438	#f1cdbaff	-2.0
449	TAT	TAC	Y	Y	0.007449	palegreen	7.0
453	TAT	TAC	Y	Y	0.001552	palegreen	7.0
473	TAT	TAC	Y	Y	0.009862	palegreen	7.0
495	TAT	TAC	Y	Y	0.002092	palegreen	7.0
497	TTC	TAC	F	Y	0.001358	#b5cdfaff	3.0
445	GTT	TTT	V	F	0.001240	#e8d6ccff	-1.0
453	TAT	TTT	Y	F	0.016163	#b5cdfaff	3.0
468	ATT	TTT	I	F	0.009206	#dcddddff	0.0
517	CTT	TTT	L	F	0.001539	#dcddddff	0.0
451	TAC	TTC	Y	F	0.001927	#b5cdfaff	3.0
456	TTT	TTC	F	F	0.001554	palegreen	6.0
464	TTT	TTC	F	F	0.008456	palegreen	6.0
490	TTT	TTC	F	F	0.005122	palegreen	6.0
505	TAC	TTC	Y	F	0.004391	#b5cdfaff	3.0
508	TAC	TTC	Y	F	0.005414	#b5cdfaff	3.0
515	TTT	TTC	F	F	0.002576	palegreen	6.0
441	CTT	GTT	L	V	0.003475	#d1dae9ff	1.0
486	TTT	GTT	F	V	0.282838	#e8d6ccff	-1.0
510	GTA	GTT	V	V	0.001552	palegreen	4.0
511	GTA	GTT	V	V	0.007257	palegreen	4.0
512	GTA	GTT	V	V	0.001230	palegreen	4.0
433	GTT	GTC	V	V	0.005860	palegreen	4.0
445	GTT	GTC	V	V	0.002077	palegreen	4.0
472	ATC	GTC	I	V	0.001691	#b5cdfaff	3.0
483	GTT	GTC	V	V	0.001310	palegreen	4.0
524	GTT	GTC	V	V	0.002606	palegreen	4.0
433	GTT	GTA	V	V	0.002985	palegreen	4.0
445	GTT	GTA	V	V	0.001456	palegreen	4.0
483	GTT	GTA	V	V	0.005888	palegreen	4.0
503	GTT	GTA	V	V	0.010370	palegreen	4.0
522	GCA	GTA	A	V	0.004195	#dcddddff	0.0
524	GTT	GTA	V	V	0.002980	palegreen	4.0
452	CTG	GTG	L	V	0.001090	#d1dae9ff	1.0
510	GTA	GTG	V	V	0.002240	palegreen	4.0
512	GTA	GTG	V	V	0.001268	palegreen	4.0
434	ATA	TTA	I	L	0.002292	#c3d5f4ff	2.0
515	TTT	TTA	F	L	0.003469	#dcddddff	0.0
518	CTA	TTA	L	L	0.002343	palegreen	4.0
492	TTA	TTG	L	L	0.006996	palegreen	4.0
433	GTT	CTT	V	L	0.001587	#d1dae9ff	1.0
445	GTT	CTT	V	L	0.009995	#d1dae9ff	1.0
503	GTT	CTT	V	L	0.001081	#d1dae9ff	1.0
515	TTT	CTT	F	L	0.001127	#dcddddff	0.0
518	CTA	CTT	L	L	0.005207	palegreen	4.0
519	CAT	CTT	H	L	0.001481	#f5c1a9ff	-3.0
527	CCT	CTT	P	L	0.007950	#f5c1a9ff	-3.0
441	CTT	CTC	L	L	0.001764	palegreen	4.0
513	CTT	CTC	L	L	0.002121	palegreen	4.0
441	CTT	CTA	L	L	0.002680	palegreen	4.0
492	TTA	CTA	L	L	0.001663	palegreen	4.0
493	CAA	CTA	Q	L	0.001431	#f1cdbaff	-2.0
513	CTT	CTA	L	L	0.005589	palegreen	4.0
517	CTT	CTA	L	L	0.004138	palegreen	4.0
455	TTG	CTG	L	L	0.001177	palegreen	4.0
518	CTA	CTG	L	L	0.002451	palegreen	4.0
434	ATA	ATT	I	I	0.009483	palegreen	4.0
437	AAT	ATT	N	I	0.001067	#f5c1a9ff	-3.0
441	CTT	ATT	L	I	0.002564	#c3d5f4ff	2.0
445	GTT	ATT	V	I	0.001681	#b5cdfaff	3.0
483	GTT	ATT	V	I	0.001450	#b5cdfaff	3.0
503	GTT	ATT	V	I	0.004805	#b5cdfaff	3.0
468	ATT	ATC	I	I	0.002121	palegreen	4.0
460	AAT	ATA	N	I	0.001255	#f5c1a9ff	-3.0
462	AAA	ATA	K	I	0.002516	#f5c1a9ff	-3.0
466	AGA	ATA	R	I	0.010327	#f5c1a9ff	-3.0
468	ATT	ATA	I	I	0.001222	palegreen	4.0
472	ATC	ATA	I	I	0.001634	palegreen	4.0
478	ACA	ATA	T	I	0.003610	#e8d6ccff	-1.0
492	TTA	ATA	L	I	0.001200	#c3d5f4ff	2.0
512	GTA	ATA	V	I	0.002097	#b5cdfaff	3.0
518	CTA	ATA	L	I	0.005113	#c3d5f4ff	2.0
445	GTT	GCT	V	A	0.005652	#dcddddff	0.0
446	GGT	GCT	G	A	0.001642	#dcddddff	0.0
447	GGT	GCT	G	A	0.001034	#dcddddff	0.0
470	ACT	GCT	T	A	0.003210	#dcddddff	0.0
483	GTT	GCT	V	A	0.006053	#dcddddff	0.0
503	GTT	GCT	V	A	0.009202	#dcddddff	0.0
520	GCA	GCT	A	A	0.002740	palegreen	4.0
522	GCA	GCT	A	A	0.005262	palegreen	4.0
523	ACT	GCT	T	A	0.002718	#dcddddff	0.0
524	GTT	GCT	V	A	0.001067	#dcddddff	0.0
527	CCT	GCT	P	A	0.001816	#e8d6ccff	-1.0
431	GGC	GCC	G	A	0.001978	#dcddddff	0.0
520	GCA	GCC	A	A	0.001518	palegreen	4.0
435	GCT	GCA	A	A	0.004984	palegreen	4.0
484	GAA	GCA	E	A	0.288120	#e8d6ccff	-1.0
435	GCT	GCG	A	A	0.004303	palegreen	4.0
520	GCA	GCG	A	A	0.002776	palegreen	4.0
522	GCA	GCG	A	A	0.001886	palegreen	4.0
435	GCT	GGT	A	G	0.005110	#dcddddff	0.0
450	AAT	GGT	N	G	0.002255	#dcddddff	0.0
524	GTT	GGT	V	G	0.001826	#f5c1a9ff	-3.0
525	TGT	GGT	C	G	0.001339	#f5c1a9ff	-3.0
526	GGA	GGT	G	G	0.009505	palegreen	6.0
446	GGT	GGC	G	G	0.001445	palegreen	6.0
476	GGT	GGC	G	G	0.001361	palegreen	6.0
496	GGT	GGC	G	G	0.001753	palegreen	6.0
504	GGT	GGC	G	G	0.009639	palegreen	6.0
446	GGT	GGA	G	G	0.001909	palegreen	6.0
447	GGT	GGA	G	G	0.002360	palegreen	6.0
471	GAA	GGA	E	G	0.002193	#f1cdbaff	-2.0
476	GGT	GGA	G	G	0.004056	palegreen	6.0
485	GGT	GGA	G	G	0.001245	palegreen	6.0
496	GGT	GGA	G	G	0.001044	palegreen	6.0
502	GGT	GGA	G	G	0.001380	palegreen	6.0
504	GGT	GGA	G	G	0.002729	palegreen	6.0
516	GAA	GGA	E	G	0.001296	#f1cdbaff	-2.0
520	GCA	GGA	A	G	0.003059	#dcddddff	0.0
522	GCA	GGA	A	G	0.003262	#dcddddff	0.0
431	GGC	GGG	G	G	0.001665	palegreen	6.0
485	GGT	GGG	G	G	0.007663	palegreen	6.0
526	GGA	GGG	G	G	0.006570	palegreen	6.0
493	CAA	TAA	Q	*	0.001166	#f7b396ff	-4.0
528	AAA	TAA	K	*	0.003473	#f7b396ff	-4.0
526	GGA	TGA	G	*	0.001413	#f7b396ff	-4.0
