432	TGC	TGT	C	C	0.014547	palegreen	9.0
438	TCT	TGT	S	C	0.002289	#e8d6ccff	-1.0
443	TCT	TGT	S	C	0.002715	#e8d6ccff	-1.0
447	GGT	TGT	G	C	0.001006	#f5c1a9ff	-3.0
456	TTT	TGT	F	C	0.002877	#f1cdbaff	-2.0
482	GGT	TGT	G	C	0.002455	#f5c1a9ff	-3.0
485	GGT	TGT	G	C	0.001383	#f5c1a9ff	-3.0
504	GGT	TGT	G	C	0.001501	#f5c1a9ff	-3.0
514	TCT	TGT	S	C	0.002702	#e8d6ccff	-1.0
431	GGC	TGC	G	C	0.001407	#f5c1a9ff	-3.0
436	TGG	TGC	W	C	0.001356	#f1cdbaff	-2.0
451	TAC	TGC	Y	C	0.001506	#f1cdbaff	-2.0
480	TGT	TGC	C	C	0.002936	palegreen	9.0
488	TGT	TGC	C	C	0.007422	palegreen	9.0
505	TAC	TGC	Y	C	0.002562	#f1cdbaff	-2.0
525	TGT	TGC	C	C	0.006860	palegreen	9.0
446	GGT	CGT	G	R	0.006978	#f1cdbaff	-2.0
463	CCT	CGT	P	R	0.001497	#f1cdbaff	-2.0
476	GGT	CGT	G	R	0.001884	#f1cdbaff	-2.0
479	CCT	CGT	P	R	0.003686	#f1cdbaff	-2.0
482	GGT	CGT	G	R	0.271210	#f1cdbaff	-2.0
485	GGT	CGT	G	R	0.014072	#f1cdbaff	-2.0
491	CCT	CGT	P	R	0.001083	#f1cdbaff	-2.0
493	CAA	CGT	Q	R	0.001771	#d1dae9ff	1.0
498	CAA	CGT	Q	R	0.062362	#d1dae9ff	1.0
502	GGT	CGT	G	R	0.001559	#f1cdbaff	-2.0
504	GGT	CGT	G	R	0.001550	#f1cdbaff	-2.0
519	CAT	CGT	H	R	0.001408	#dcddddff	0.0
525	TGT	CGT	C	R	0.001680	#f5c1a9ff	-3.0
431	GGC	CGC	G	R	0.001351	#f1cdbaff	-2.0
452	CTG	CGC	L	R	0.001090	#f1cdbaff	-2.0
498	CAA	CGC	Q	R	0.002487	#d1dae9ff	1.0
499	CCC	CGC	P	R	0.006715	#f1cdbaff	-2.0
452	CTG	CGA	L	R	0.001493	#f1cdbaff	-2.0
482	GGT	CGA	G	R	0.001885	#f1cdbaff	-2.0
493	CAA	CGA	Q	R	0.271582	#d1dae9ff	1.0
498	CAA	CGA	Q	R	0.896415	#d1dae9ff	1.0
507	CCA	CGA	P	R	0.001047	#f1cdbaff	-2.0
509	AGA	CGA	R	R	0.001555	palegreen	5.0
518	CTA	CGA	L	R	0.001044	#f1cdbaff	-2.0
521	CCA	CGA	P	R	0.002044	#f1cdbaff	-2.0
526	GGA	CGA	G	R	0.001919	#f1cdbaff	-2.0
452	CTG	CGG	L	R	0.267266	#f1cdbaff	-2.0
474	CAG	CGG	Q	R	0.005384	#d1dae9ff	1.0
493	CAA	CGG	Q	R	0.003582	#d1dae9ff	1.0
498	CAA	CGG	Q	R	0.010334	#d1dae9ff	1.0
457	AGG	AGA	R	R	0.004396	palegreen	5.0
460	AAT	AGA	N	R	0.002217	#dcddddff	0.0
462	AAA	AGA	K	R	0.004531	#c3d5f4ff	2.0
478	ACA	AGA	T	R	0.004654	#e8d6ccff	-1.0
484	GAA	AGA	E	R	0.946829	#dcddddff	0.0
498	CAA	AGA	Q	R	0.015663	#d1dae9ff	1.0
526	GGA	AGA	G	R	0.001545	#f1cdbaff	-2.0
440	AAT	AGG	N	R	0.001318	#dcddddff	0.0
444	AAG	AGG	K	R	0.458714	#c3d5f4ff	2.0
452	CTG	AGG	L	R	0.005084	#f1cdbaff	-2.0
454	AGA	AGG	R	R	0.003764	palegreen	5.0
458	AAG	AGG	K	R	0.003409	#c3d5f4ff	2.0
466	AGA	AGG	R	R	0.003831	palegreen	5.0
484	GAA	AGG	E	R	0.001436	#dcddddff	0.0
509	AGA	AGG	R	R	0.003948	palegreen	5.0
434	ATA	AAA	I	K	0.001008	#f5c1a9ff	-3.0
437	AAT	AAA	N	K	0.001048	#dcddddff	0.0
439	AAC	AAA	N	K	0.001943	#dcddddff	0.0
440	AAT	AAA	N	K	0.005149	#dcddddff	0.0
450	AAT	AAA	N	K	0.001441	#dcddddff	0.0
452	CTG	AAA	L	K	0.002024	#f1cdbaff	-2.0
454	AGA	AAA	R	K	0.001054	#c3d5f4ff	2.0
458	AAG	AAA	K	K	0.017236	palegreen	5.0
460	AAT	AAA	N	K	0.234303	#dcddddff	0.0
471	GAA	AAA	E	K	0.001015	#d1dae9ff	1.0
478	ACA	AAA	T	K	0.969433	#e8d6ccff	-1.0
481	AAT	AAA	N	K	0.010978	#dcddddff	0.0
484	GAA	AAA	E	K	0.001357	#d1dae9ff	1.0
487	AAT	AAA	N	K	0.001340	#dcddddff	0.0
493	CAA	AAA	Q	K	0.052405	#d1dae9ff	1.0
439	AAC	AAG	N	K	0.002414	#dcddddff	0.0
440	AAT	AAG	N	K	0.685569	#dcddddff	0.0
452	CTG	AAG	L	K	0.161595	#f1cdbaff	-2.0
460	AAT	AAG	N	K	0.747229	#dcddddff	0.0
462	AAA	AAG	K	K	0.001882	palegreen	5.0
477	AGC	AAG	S	K	0.001362	#dcddddff	0.0
478	ACA	AAG	T	K	0.007432	#e8d6ccff	-1.0
481	AAT	AAG	N	K	0.001027	#dcddddff	0.0
442	GAT	GAA	D	E	0.001017	#c3d5f4ff	2.0
450	AAT	GAA	N	E	0.004537	#dcddddff	0.0
462	AAA	GAA	K	E	0.004512	#d1dae9ff	1.0
465	GAG	GAA	E	E	0.010715	palegreen	5.0
467	GAT	GAA	D	E	0.001389	#c3d5f4ff	2.0
478	ACA	GAA	T	E	0.001112	#e8d6ccff	-1.0
493	CAA	GAA	Q	E	0.001097	#c3d5f4ff	2.0
506	CAA	GAA	Q	E	0.001054	#c3d5f4ff	2.0
510	GTA	GAA	V	E	0.001931	#f1cdbaff	-2.0
511	GTA	GAA	V	E	0.001406	#f1cdbaff	-2.0
520	GCA	GAA	A	E	0.001319	#e8d6ccff	-1.0
526	GGA	GAA	G	E	0.001339	#f1cdbaff	-2.0
440	AAT	GAG	N	E	0.001257	#dcddddff	0.0
458	AAG	GAG	K	E	0.001028	#d1dae9ff	1.0
460	AAT	GAG	N	E	0.001067	#dcddddff	0.0
471	GAA	GAG	E	E	0.003169	palegreen	5.0
516	GAA	GAG	E	E	0.006641	palegreen	5.0
474	CAG	CAA	Q	Q	0.002942	palegreen	5.0
494	TCA	CAA	S	Q	0.001144	#dcddddff	0.0
516	GAA	CAA	E	Q	0.021387	#c3d5f4ff	2.0
518	CTA	CAA	L	Q	0.018089	#f1cdbaff	-2.0
519	CAT	CAA	H	Q	0.029086	#dcddddff	0.0
521	CCA	CAA	P	Q	0.008123	#e8d6ccff	-1.0
493	CAA	CAG	Q	Q	0.007463	palegreen	5.0
506	CAA	CAG	Q	Q	0.065720	palegreen	5.0
433	GTT	GAT	V	D	0.001687	#f5c1a9ff	-3.0
446	GGT	GAT	G	D	0.007436	#e8d6ccff	-1.0
447	GGT	GAT	G	D	0.001491	#e8d6ccff	-1.0
450	AAT	GAT	N	D	0.688537	#d1dae9ff	1.0
471	GAA	GAT	E	D	0.010377	#c3d5f4ff	2.0
482	GGT	GAT	G	D	0.003637	#e8d6ccff	-1.0
483	GTT	GAT	V	D	0.003603	#f5c1a9ff	-3.0
485	GGT	GAT	G	D	0.001395	#e8d6ccff	-1.0
503	GTT	GAT	V	D	0.004353	#f5c1a9ff	-3.0
504	GGT	GAT	G	D	0.004124	#e8d6ccff	-1.0
516	GAA	GAT	E	D	0.005207	#c3d5f4ff	2.0
519	CAT	GAT	H	D	0.003087	#e8d6ccff	-1.0
524	GTT	GAT	V	D	0.003255	#f5c1a9ff	-3.0
442	GAT	GAC	D	D	0.005817	palegreen	6.0
450	AAT	GAC	N	D	0.002131	#d1dae9ff	1.0
467	GAT	GAC	D	D	0.009626	palegreen	6.0
471	GAA	GAC	E	D	0.003128	#c3d5f4ff	2.0
444	AAG	AAT	K	N	0.001331	#dcddddff	0.0
449	TAT	AAT	Y	N	0.001970	#f1cdbaff	-2.0
458	AAG	AAT	K	N	0.003751	#dcddddff	0.0
462	AAA	AAT	K	N	0.002297	#dcddddff	0.0
468	ATT	AAT	I	N	0.010866	#f5c1a9ff	-3.0
473	TAT	AAT	Y	N	0.002733	#f1cdbaff	-2.0
477	AGC	AAT	S	N	0.006155	#d1dae9ff	1.0
478	ACA	AAT	T	N	0.001341	#dcddddff	0.0
523	ACT	AAT	T	N	0.006205	#dcddddff	0.0
437	AAT	AAC	N	N	0.009641	palegreen	6.0
440	AAT	AAC	N	N	0.001463	palegreen	6.0
448	AAT	AAC	N	N	0.005425	palegreen	6.0
450	AAT	AAC	N	N	0.029168	palegreen	6.0
458	AAG	AAC	K	N	0.005728	#dcddddff	0.0
460	AAT	AAC	N	N	0.001583	palegreen	6.0
477	AGC	AAC	S	N	0.977554	#d1dae9ff	1.0
478	ACA	AAC	T	N	0.001245	#dcddddff	0.0
481	AAT	AAC	N	N	0.004010	palegreen	6.0
487	AAT	AAC	N	N	0.014652	palegreen	6.0
489	TAC	AAC	Y	N	0.002019	#f1cdbaff	-2.0
505	TAC	AAC	Y	N	0.001190	#f1cdbaff	-2.0
508	TAC	AAC	Y	N	0.001194	#f1cdbaff	-2.0
430	ACA	ACT	T	T	0.005724	palegreen	5.0
435	GCT	ACT	A	T	0.001787	#dcddddff	0.0
438	TCT	ACT	S	T	0.004810	#d1dae9ff	1.0
443	TCT	ACT	S	T	0.001176	#d1dae9ff	1.0
444	AAG	ACT	K	T	0.012899	#e8d6ccff	-1.0
459	TCT	ACT	S	T	0.006941	#d1dae9ff	1.0
468	ATT	ACT	I	T	0.008576	#e8d6ccff	-1.0
514	TCT	ACT	S	T	0.005555	#d1dae9ff	1.0
439	AAC	ACC	N	T	0.001044	#dcddddff	0.0
470	ACT	ACC	T	T	0.008944	palegreen	5.0
472	ATC	ACC	I	T	0.002186	#e8d6ccff	-1.0
500	ACT	ACC	T	T	0.007355	palegreen	5.0
523	ACT	ACC	T	T	0.007168	palegreen	5.0
469	TCA	ACA	S	T	0.012620	#d1dae9ff	1.0
470	ACT	ACA	T	T	0.005866	palegreen	5.0
494	TCA	ACA	S	T	0.002526	#d1dae9ff	1.0
500	ACT	ACA	T	T	0.011739	palegreen	5.0
509	AGA	ACA	R	T	0.001243	#e8d6ccff	-1.0
520	GCA	ACA	A	T	0.004189	#dcddddff	0.0
522	GCA	ACA	A	T	0.005317	#dcddddff	0.0
523	ACT	ACA	T	T	0.003733	palegreen	5.0
430	ACA	ACG	T	T	0.005044	palegreen	5.0
444	AAG	ACG	K	T	0.188461	#e8d6ccff	-1.0
452	CTG	ACG	L	T	0.001983	#e8d6ccff	-1.0
470	ACT	ACG	T	T	0.001527	palegreen	5.0
435	GCT	TCT	A	S	0.001677	#d1dae9ff	1.0
464	TTT	TCT	F	S	0.001519	#f1cdbaff	-2.0
469	TCA	TCT	S	S	0.004090	palegreen	4.0
470	ACT	TCT	T	S	0.003283	#d1dae9ff	1.0
490	TTT	TCT	F	S	0.017076	#f1cdbaff	-2.0
494	TCA	TCT	S	S	0.002790	palegreen	4.0
500	ACT	TCT	T	S	0.002304	#d1dae9ff	1.0
523	ACT	TCT	T	S	0.020178	#d1dae9ff	1.0
527	CCT	TCT	P	S	0.003647	#e8d6ccff	-1.0
432	TGC	TCC	C	S	0.001559	#e8d6ccff	-1.0
438	TCT	TCC	S	S	0.006030	palegreen	4.0
443	TCT	TCC	S	S	0.003119	palegreen	4.0
459	TCT	TCC	S	S	0.023029	palegreen	4.0
469	TCA	TCC	S	S	0.004253	palegreen	4.0
499	CCC	TCC	P	S	0.002553	#e8d6ccff	-1.0
514	TCT	TCC	S	S	0.022960	palegreen	4.0
438	TCT	TCA	S	S	0.005312	palegreen	4.0
443	TCT	TCA	S	S	0.002308	palegreen	4.0
459	TCT	TCA	S	S	0.002125	palegreen	4.0
507	CCA	TCA	P	S	0.001184	#e8d6ccff	-1.0
514	TCT	TCA	S	S	0.004302	palegreen	4.0
520	GCA	TCA	A	S	0.004438	#d1dae9ff	1.0
521	CCA	TCA	P	S	0.015859	#e8d6ccff	-1.0
522	GCA	TCA	A	S	0.028133	#d1dae9ff	1.0
436	TGG	TCG	W	S	0.001287	#f5c1a9ff	-3.0
443	TCT	TCG	S	S	0.001117	palegreen	4.0
444	AAG	TCG	K	S	0.001294	#dcddddff	0.0
455	TTG	TCG	L	S	0.005301	#f1cdbaff	-2.0
469	TCA	TCG	S	S	0.009672	palegreen	4.0
494	TCA	TCG	S	S	0.002705	palegreen	4.0
514	TCT	TCG	S	S	0.001818	palegreen	4.0
437	AAT	AGT	N	S	0.001420	#d1dae9ff	1.0
444	AAG	AGT	K	S	0.002085	#dcddddff	0.0
446	GGT	AGT	G	S	0.011511	#dcddddff	0.0
448	AAT	AGT	N	S	0.001004	#d1dae9ff	1.0
454	AGA	AGT	R	S	0.001488	#e8d6ccff	-1.0
466	AGA	AGT	R	S	0.004208	#e8d6ccff	-1.0
468	ATT	AGT	I	S	0.001633	#f1cdbaff	-2.0
470	ACT	AGT	T	S	0.002082	#d1dae9ff	1.0
476	GGT	AGT	G	S	0.002239	#dcddddff	0.0
480	TGT	AGT	C	S	0.002777	#e8d6ccff	-1.0
481	AAT	AGT	N	S	0.004321	#d1dae9ff	1.0
482	GGT	AGT	G	S	0.004968	#dcddddff	0.0
484	GAA	AGT	E	S	0.003099	#dcddddff	0.0
488	TGT	AGT	C	S	0.002049	#e8d6ccff	-1.0
496	GGT	AGT	G	S	0.007508	#dcddddff	0.0
504	GGT	AGT	G	S	0.003083	#dcddddff	0.0
523	ACT	AGT	T	S	0.001567	#d1dae9ff	1.0
525	TGT	AGT	C	S	0.005608	#e8d6ccff	-1.0
441	CTT	CAT	L	H	0.003457	#f5c1a9ff	-3.0
442	GAT	CAT	D	H	0.001929	#e8d6ccff	-1.0
450	AAT	CAT	N	H	0.001370	#d1dae9ff	1.0
453	TAT	CAT	Y	H	0.001456	#c3d5f4ff	2.0
473	TAT	CAT	Y	H	0.004664	#c3d5f4ff	2.0
474	CAG	CAT	Q	H	0.002425	#dcddddff	0.0
479	CCT	CAT	P	H	0.004464	#f1cdbaff	-2.0
481	AAT	CAT	N	H	0.001247	#d1dae9ff	1.0
491	CCT	CAT	P	H	0.001264	#f1cdbaff	-2.0
493	CAA	CAT	Q	H	0.033212	#dcddddff	0.0
506	CAA	CAT	Q	H	0.002120	#dcddddff	0.0
508	TAC	CAT	Y	H	0.001305	#c3d5f4ff	2.0
513	CTT	CAT	L	H	0.001464	#f5c1a9ff	-3.0
517	CTT	CAT	L	H	0.018688	#f5c1a9ff	-3.0
499	CCC	CAC	P	H	0.003814	#f1cdbaff	-2.0
505	TAC	CAC	Y	H	0.061541	#c3d5f4ff	2.0
508	TAC	CAC	Y	H	0.018196	#c3d5f4ff	2.0
519	CAT	CAC	H	H	0.011740	palegreen	8.0
434	ATA	ATG	I	M	0.001207	#d1dae9ff	1.0
440	AAT	ATG	N	M	0.001657	#f1cdbaff	-2.0
444	AAG	ATG	K	M	0.002720	#e8d6ccff	-1.0
452	CTG	ATG	L	M	0.537196	#c3d5f4ff	2.0
455	TTG	ATG	L	M	0.005726	#c3d5f4ff	2.0
458	AAG	ATG	K	M	0.001230	#e8d6ccff	-1.0
460	AAT	ATG	N	M	0.001331	#f1cdbaff	-2.0
472	ATC	ATG	I	M	0.002454	#d1dae9ff	1.0
435	GCT	CCT	A	P	0.001868	#e8d6ccff	-1.0
441	CTT	CCT	L	P	0.002938	#f5c1a9ff	-3.0
445	GTT	CCT	V	P	0.001821	#f1cdbaff	-2.0
470	ACT	CCT	T	P	0.004353	#e8d6ccff	-1.0
499	CCC	CCT	P	P	0.004244	palegreen	7.0
507	CCA	CCT	P	P	0.005092	palegreen	7.0
517	CTT	CCT	L	P	0.003543	#f5c1a9ff	-3.0
521	CCA	CCT	P	P	0.019081	palegreen	7.0
523	ACT	CCT	T	P	0.001868	#e8d6ccff	-1.0
463	CCT	CCC	P	P	0.013076	palegreen	7.0
479	CCT	CCC	P	P	0.003538	palegreen	7.0
491	CCT	CCC	P	P	0.005323	palegreen	7.0
463	CCT	CCA	P	P	0.001927	palegreen	7.0
479	CCT	CCA	P	P	0.009642	palegreen	7.0
491	CCT	CCA	P	P	0.009267	palegreen	7.0
494	TCA	CCA	S	P	0.021357	#e8d6ccff	-1.0
499	CCC	CCA	P	P	0.002920	palegreen	7.0
518	CTA	CCA	L	P	0.003717	#f5c1a9ff	-3.0
520	GCA	CCA	A	P	0.005608	#e8d6ccff	-1.0
522	GCA	CCA	A	P	0.003436	#e8d6ccff	-1.0
479	CCT	CCG	P	P	0.001490	palegreen	7.0
491	CCT	CCG	P	P	0.002232	palegreen	7.0
499	CCC	CCG	P	P	0.001513	palegreen	7.0
507	CCA	CCG	P	P	0.006932	palegreen	7.0
521	CCA	CCG	P	P	0.006781	palegreen	7.0
432	TGC	TGG	C	W	0.002613	#f1cdbaff	-2.0
457	AGG	TGG	R	W	0.001039	#f5c1a9ff	-3.0
438	TCT	TAT	S	Y	0.001584	#f1cdbaff	-2.0
448	AAT	TAT	N	Y	0.001685	#f1cdbaff	-2.0
450	AAT	TAT	N	Y	0.003883	#f1cdbaff	-2.0
451	TAC	TAT	Y	Y	0.028704	palegreen	7.0
456	TTT	TAT	F	Y	0.002336	#b5cdfaff	3.0
459	TCT	TAT	S	Y	0.002161	#f1cdbaff	-2.0
464	TTT	TAT	F	Y	0.013854	#b5cdfaff	3.0
481	AAT	TAT	N	Y	0.001607	#f1cdbaff	-2.0
486	TTT	TAT	F	Y	0.003740	#b5cdfaff	3.0
487	AAT	TAT	N	Y	0.001134	#f1cdbaff	-2.0
489	TAC	TAT	Y	Y	0.007816	palegreen	7.0
490	TTT	TAT	F	Y	0.010027	#b5cdfaff	3.0
501	AAT	TAT	N	Y	0.981916	#f1cdbaff	-2.0
505	TAC	TAT	Y	Y	0.005693	palegreen	7.0
508	TAC	TAT	Y	Y	0.011764	palegreen	7.0
514	TCT	TAT	S	Y	0.001554	#f1cdbaff	-2.0
515	TTT	TAT	F	Y	0.001570	#b5cdfaff	3.0
519	CAT	TAT	H	Y	0.002204	#c3d5f4ff	2.0
525	TGT	TAT	C	Y	0.002086	#f1cdbaff	-2.0
439	AAC	TAC	N	Y	0.001990	#f1cdbaff	-2.0
449	TAT	TAC	Y	Y	0.012897	palegreen	7.0
453	TAT	TAC	Y	Y	0.002531	palegreen	7.0
473	TAT	TAC	Y	Y	0.026858	palegreen	7.0
477	AGC	TAC	S	Y	0.001958	#f1cdbaff	-2.0
495	TAT	TAC	Y	Y	0.003040	palegreen	7.0
497	TTC	TAC	F	Y	0.002200	#b5cdfaff	3.0
501	AAT	TAC	N	Y	0.002440	#f1cdbaff	-2.0
449	TAT	TTT	Y	F	0.001988	#b5cdfaff	3.0
453	TAT	TTT	Y	F	0.006687	#b5cdfaff	3.0
455	TTG	TTT	L	F	0.001127	#dcddddff	0.0
468	ATT	TTT	I	F	0.002077	#dcddddff	0.0
473	TAT	TTT	Y	F	0.002134	#b5cdfaff	3.0
480	TGT	TTT	C	F	0.001448	#f1cdbaff	-2.0
483	GTT	TTT	V	F	0.002922	#e8d6ccff	-1.0
492	TTA	TTT	L	F	0.002758	#dcddddff	0.0
495	TAT	TTT	Y	F	0.001403	#b5cdfaff	3.0
497	TTC	TTT	F	F	0.002694	palegreen	6.0
501	AAT	TTT	N	F	0.001228	#f5c1a9ff	-3.0
503	GTT	TTT	V	F	0.001327	#e8d6ccff	-1.0
513	CTT	TTT	L	F	0.001200	#dcddddff	0.0
517	CTT	TTT	L	F	0.003225	#dcddddff	0.0
524	GTT	TTT	V	F	0.001532	#e8d6ccff	-1.0
451	TAC	TTC	Y	F	0.003708	#b5cdfaff	3.0
456	TTT	TTC	F	F	0.007858	palegreen	6.0
461	CTC	TTC	L	F	0.001151	#dcddddff	0.0
464	TTT	TTC	F	F	0.013695	palegreen	6.0
472	ATC	TTC	I	F	0.001461	#dcddddff	0.0
486	TTT	TTC	F	F	0.005411	palegreen	6.0
490	TTT	TTC	F	F	0.013798	palegreen	6.0
505	TAC	TTC	Y	F	0.001608	#b5cdfaff	3.0
508	TAC	TTC	Y	F	0.010320	#b5cdfaff	3.0
515	TTT	TTC	F	F	0.007505	palegreen	6.0
435	GCT	GTT	A	V	0.001149	#dcddddff	0.0
441	CTT	GTT	L	V	0.003531	#d1dae9ff	1.0
442	GAT	GTT	D	V	0.001096	#f5c1a9ff	-3.0
446	GGT	GTT	G	V	0.001640	#f5c1a9ff	-3.0
467	GAT	GTT	D	V	0.002339	#f5c1a9ff	-3.0
468	ATT	GTT	I	V	0.007876	#b5cdfaff	3.0
486	TTT	GTT	F	V	0.031823	#e8d6ccff	-1.0
496	GGT	GTT	G	V	0.001291	#f5c1a9ff	-3.0
510	GTA	GTT	V	V	0.002711	palegreen	4.0
511	GTA	GTT	V	V	0.009944	palegreen	4.0
512	GTA	GTT	V	V	0.002445	palegreen	4.0
513	CTT	GTT	L	V	0.001113	#d1dae9ff	1.0
517	CTT	GTT	L	V	0.003586	#d1dae9ff	1.0
433	GTT	GTC	V	V	0.003478	palegreen	4.0
445	GTT	GTC	V	V	0.007271	palegreen	4.0
461	CTC	GTC	L	V	0.001045	#d1dae9ff	1.0
472	ATC	GTC	I	V	0.002858	#b5cdfaff	3.0
475	GCC	GTC	A	V	0.001068	#dcddddff	0.0
483	GTT	GTC	V	V	0.004122	palegreen	4.0
503	GTT	GTC	V	V	0.006661	palegreen	4.0
524	GTT	GTC	V	V	0.002944	palegreen	4.0
433	GTT	GTA	V	V	0.002394	palegreen	4.0
434	ATA	GTA	I	V	0.004967	#b5cdfaff	3.0
445	GTT	GTA	V	V	0.002060	palegreen	4.0
471	GAA	GTA	E	V	0.002834	#f1cdbaff	-2.0
483	GTT	GTA	V	V	0.006397	palegreen	4.0
503	GTT	GTA	V	V	0.010916	palegreen	4.0
516	GAA	GTA	E	V	0.001550	#f1cdbaff	-2.0
518	CTA	GTA	L	V	0.001487	#d1dae9ff	1.0
520	GCA	GTA	A	V	0.004544	#dcddddff	0.0
522	GCA	GTA	A	V	0.004951	#dcddddff	0.0
524	GTT	GTA	V	V	0.007906	palegreen	4.0
526	GGA	GTA	G	V	0.002665	#f5c1a9ff	-3.0
465	GAG	GTG	E	V	0.001080	#f1cdbaff	-2.0
503	GTT	GTG	V	V	0.001747	palegreen	4.0
510	GTA	GTG	V	V	0.001489	palegreen	4.0
512	GTA	GTG	V	V	0.005093	palegreen	4.0
434	ATA	TTA	I	L	0.004307	#c3d5f4ff	2.0
456	TTT	TTA	F	L	0.001659	#dcddddff	0.0
464	TTT	TTA	F	L	0.002422	#dcddddff	0.0
486	TTT	TTA	F	L	0.002022	#dcddddff	0.0
490	TTT	TTA	F	L	0.005162	#dcddddff	0.0
515	TTT	TTA	F	L	0.003159	#dcddddff	0.0
518	CTA	TTA	L	L	0.006578	palegreen	4.0
452	CTG	TTG	L	L	0.002150	palegreen	4.0
492	TTA	TTG	L	L	0.007606	palegreen	4.0
515	TTT	TTG	F	L	0.001311	#dcddddff	0.0
433	GTT	CTT	V	L	0.001581	#d1dae9ff	1.0
445	GTT	CTT	V	L	0.017959	#d1dae9ff	1.0
461	CTC	CTT	L	L	0.001894	palegreen	4.0
490	TTT	CTT	F	L	0.002003	#dcddddff	0.0
518	CTA	CTT	L	L	0.015837	palegreen	4.0
441	CTT	CTC	L	L	0.008687	palegreen	4.0
513	CTT	CTC	L	L	0.004247	palegreen	4.0
441	CTT	CTA	L	L	0.005384	palegreen	4.0
461	CTC	CTA	L	L	0.001759	palegreen	4.0
492	TTA	CTA	L	L	0.004929	palegreen	4.0
493	CAA	CTA	Q	L	0.001249	#f1cdbaff	-2.0
510	GTA	CTA	V	L	0.001006	#d1dae9ff	1.0
513	CTT	CTA	L	L	0.013299	palegreen	4.0
517	CTT	CTA	L	L	0.006935	palegreen	4.0
441	CTT	CTG	L	L	0.004593	palegreen	4.0
455	TTG	CTG	L	L	0.005632	palegreen	4.0
474	CAG	CTG	Q	L	0.001822	#f1cdbaff	-2.0
518	CTA	CTG	L	L	0.003290	palegreen	4.0
433	GTT	ATT	V	I	0.001887	#b5cdfaff	3.0
434	ATA	ATT	I	I	0.011781	palegreen	4.0
437	AAT	ATT	N	I	0.001321	#f5c1a9ff	-3.0
441	CTT	ATT	L	I	0.001267	#c3d5f4ff	2.0
445	GTT	ATT	V	I	0.003274	#b5cdfaff	3.0
448	AAT	ATT	N	I	0.003409	#f5c1a9ff	-3.0
456	TTT	ATT	F	I	0.001131	#dcddddff	0.0
464	TTT	ATT	F	I	0.001377	#dcddddff	0.0
472	ATC	ATT	I	I	0.002039	palegreen	4.0
481	AAT	ATT	N	I	0.002355	#f5c1a9ff	-3.0
483	GTT	ATT	V	I	0.003793	#b5cdfaff	3.0
487	AAT	ATT	N	I	0.001095	#f5c1a9ff	-3.0
490	TTT	ATT	F	I	0.002388	#dcddddff	0.0
503	GTT	ATT	V	I	0.006820	#b5cdfaff	3.0
523	ACT	ATT	T	I	0.002323	#e8d6ccff	-1.0
439	AAC	ATC	N	I	0.002558	#f5c1a9ff	-3.0
455	TTG	ATC	L	I	0.002539	#c3d5f4ff	2.0
461	CTC	ATC	L	I	0.001689	#c3d5f4ff	2.0
468	ATT	ATC	I	I	0.002430	palegreen	4.0
430	ACA	ATA	T	I	0.003557	#e8d6ccff	-1.0
452	CTG	ATA	L	I	0.001209	#c3d5f4ff	2.0
466	AGA	ATA	R	I	0.001700	#f5c1a9ff	-3.0
468	ATT	ATA	I	I	0.007327	palegreen	4.0
472	ATC	ATA	I	I	0.008292	palegreen	4.0
478	ACA	ATA	T	I	0.002947	#e8d6ccff	-1.0
492	TTA	ATA	L	I	0.002619	#c3d5f4ff	2.0
503	GTT	ATA	V	I	0.001134	#b5cdfaff	3.0
518	CTA	ATA	L	I	0.002592	#c3d5f4ff	2.0
445	GTT	GCT	V	A	0.011287	#dcddddff	0.0
446	GGT	GCT	G	A	0.001670	#dcddddff	0.0
447	GGT	GCT	G	A	0.001047	#dcddddff	0.0
463	CCT	GCT	P	A	0.002037	#e8d6ccff	-1.0
470	ACT	GCT	T	A	0.001882	#dcddddff	0.0
475	GCC	GCT	A	A	0.005474	palegreen	4.0
476	GGT	GCT	G	A	0.001230	#dcddddff	0.0
479	CCT	GCT	P	A	0.004237	#e8d6ccff	-1.0
483	GTT	GCT	V	A	0.024881	#dcddddff	0.0
486	TTT	GCT	F	A	0.001046	#f1cdbaff	-2.0
500	ACT	GCT	T	A	0.002526	#dcddddff	0.0
503	GTT	GCT	V	A	0.033000	#dcddddff	0.0
520	GCA	GCT	A	A	0.002510	palegreen	4.0
522	GCA	GCT	A	A	0.006083	palegreen	4.0
523	ACT	GCT	T	A	0.002256	#dcddddff	0.0
524	GTT	GCT	V	A	0.001440	#dcddddff	0.0
527	CCT	GCT	P	A	0.007952	#e8d6ccff	-1.0
431	GGC	GCC	G	A	0.001661	#dcddddff	0.0
435	GCT	GCC	A	A	0.003328	palegreen	4.0
435	GCT	GCA	A	A	0.007268	palegreen	4.0
475	GCC	GCA	A	A	0.012574	palegreen	4.0
484	GAA	GCA	E	A	0.034124	#e8d6ccff	-1.0
512	GTA	GCA	V	A	0.001098	#dcddddff	0.0
435	GCT	GCG	A	A	0.002874	palegreen	4.0
520	GCA	GCG	A	A	0.006784	palegreen	4.0
522	GCA	GCG	A	A	0.004937	palegreen	4.0
431	GGC	GGT	G	G	0.003341	palegreen	6.0
435	GCT	GGT	A	G	0.005628	#dcddddff	0.0
445	GTT	GGT	V	G	0.002512	#f5c1a9ff	-3.0
450	AAT	GGT	N	G	0.002946	#dcddddff	0.0
503	GTT	GGT	V	G	0.004158	#f5c1a9ff	-3.0
524	GTT	GGT	V	G	0.002055	#f5c1a9ff	-3.0
526	GGA	GGT	G	G	0.014093	palegreen	6.0
446	GGT	GGC	G	G	0.003730	palegreen	6.0
447	GGT	GGC	G	G	0.001431	palegreen	6.0
476	GGT	GGC	G	G	0.002253	palegreen	6.0
485	GGT	GGC	G	G	0.002139	palegreen	6.0
496	GGT	GGC	G	G	0.008140	palegreen	6.0
502	GGT	GGC	G	G	0.003747	palegreen	6.0
504	GGT	GGC	G	G	0.027976	palegreen	6.0
431	GGC	GGA	G	G	0.002605	palegreen	6.0
446	GGT	GGA	G	G	0.006634	palegreen	6.0
447	GGT	GGA	G	G	0.001879	palegreen	6.0
471	GAA	GGA	E	G	0.002053	#f1cdbaff	-2.0
476	GGT	GGA	G	G	0.003552	palegreen	6.0
482	GGT	GGA	G	G	0.002586	palegreen	6.0
485	GGT	GGA	G	G	0.003922	palegreen	6.0
496	GGT	GGA	G	G	0.005041	palegreen	6.0
502	GGT	GGA	G	G	0.012304	palegreen	6.0
504	GGT	GGA	G	G	0.007465	palegreen	6.0
520	GCA	GGA	A	G	0.011127	#dcddddff	0.0
522	GCA	GGA	A	G	0.003479	#dcddddff	0.0
431	GGC	GGG	G	G	0.001323	palegreen	6.0
446	GGT	GGG	G	G	0.001454	palegreen	6.0
452	CTG	GGG	L	G	0.001248	#f7b396ff	-4.0
457	AGG	GGG	R	G	0.001388	#f1cdbaff	-2.0
482	GGT	GGG	G	G	0.002149	palegreen	6.0
485	GGT	GGG	G	G	0.011346	palegreen	6.0
496	GGT	GGG	G	G	0.001214	palegreen	6.0
526	GGA	GGG	G	G	0.009233	palegreen	6.0
