369	TAT	TGT	Y	C	0.001345	#f1cdbaff	-2.0
391	TGC	TGT	C	C	0.002663	palegreen	9.0
396	TAT	TGT	Y	C	0.001294	#f1cdbaff	-2.0
400	TTT	TGT	F	C	0.001015	#f1cdbaff	-2.0
486	TTT	TGT	F	C	0.002809	#f1cdbaff	-2.0
490	TTT	TGT	F	C	0.001355	#f1cdbaff	-2.0
495	TAT	TGT	Y	C	0.001260	#f1cdbaff	-2.0
515	TTT	TGT	F	C	0.001868	#f1cdbaff	-2.0
359	AGC	TGC	S	C	0.001555	#e8d6ccff	-1.0
361	TGT	TGC	C	C	0.015410	palegreen	9.0
379	TGT	TGC	C	C	0.027725	palegreen	9.0
480	TGT	TGC	C	C	0.013928	palegreen	9.0
488	TGT	TGC	C	C	0.020196	palegreen	9.0
497	TTC	TGC	F	C	0.001019	#f1cdbaff	-2.0
361	TGT	CGT	C	R	0.001985	#f5c1a9ff	-3.0
384	CCT	CGT	P	R	0.001240	#f1cdbaff	-2.0
513	CTT	CGT	L	R	0.001162	#f1cdbaff	-2.0
359	AGC	CGC	S	R	0.002882	#e8d6ccff	-1.0
390	CTC	CGC	L	R	0.001925	#f1cdbaff	-2.0
391	TGC	CGC	C	R	0.005907	#f5c1a9ff	-3.0
346	AGA	CGA	R	R	0.003865	palegreen	5.0
403	AGA	CGA	R	R	0.001105	palegreen	5.0
408	AGA	CGA	R	R	0.003885	palegreen	5.0
414	CAA	CGA	Q	R	0.005129	#d1dae9ff	1.0
454	AGA	CGA	R	R	0.001200	palegreen	5.0
462	AAA	CGA	K	R	0.001198	#c3d5f4ff	2.0
493	CAA	CGA	Q	R	0.008767	#d1dae9ff	1.0
498	CAA	CGA	Q	R	0.152886	#d1dae9ff	1.0
509	AGA	CGA	R	R	0.003187	palegreen	5.0
355	AGG	CGG	R	R	0.001789	palegreen	5.0
452	CTG	CGG	L	R	0.022380	#f1cdbaff	-2.0
457	AGG	CGG	R	R	0.003684	palegreen	5.0
474	CAG	CGG	Q	R	0.006451	#d1dae9ff	1.0
498	CAA	CGG	Q	R	0.001446	#d1dae9ff	1.0
355	AGG	AGA	R	R	0.004297	palegreen	5.0
381	GGA	AGA	G	R	0.001627	#f1cdbaff	-2.0
386	AAA	AGA	K	R	0.014769	#c3d5f4ff	2.0
457	AGG	AGA	R	R	0.002308	palegreen	5.0
460	AAT	AGA	N	R	0.001491	#dcddddff	0.0
462	AAA	AGA	K	R	0.009969	#c3d5f4ff	2.0
346	AGA	AGG	R	R	0.021647	palegreen	5.0
356	AAG	AGG	K	R	0.041657	#c3d5f4ff	2.0
357	AGA	AGG	R	R	0.036693	palegreen	5.0
378	AAG	AGG	K	R	0.020949	#c3d5f4ff	2.0
403	AGA	AGG	R	R	0.026177	palegreen	5.0
408	AGA	AGG	R	R	0.023793	palegreen	5.0
413	GGG	AGG	G	R	0.001050	#f1cdbaff	-2.0
417	AAG	AGG	K	R	0.032577	#c3d5f4ff	2.0
444	AAG	AGG	K	R	0.006582	#c3d5f4ff	2.0
454	AGA	AGG	R	R	0.016436	palegreen	5.0
458	AAG	AGG	K	R	0.007106	#c3d5f4ff	2.0
466	AGA	AGG	R	R	0.032098	palegreen	5.0
509	AGA	AGG	R	R	0.016088	palegreen	5.0
346	AGA	AAA	R	K	0.006451	#c3d5f4ff	2.0
354	AAC	AAA	N	K	0.001706	#dcddddff	0.0
356	AAG	AAA	K	K	0.001362	palegreen	5.0
357	AGA	AAA	R	K	0.022000	#c3d5f4ff	2.0
360	AAC	AAA	N	K	0.001117	#dcddddff	0.0
370	AAT	AAA	N	K	0.001380	#dcddddff	0.0
378	AAG	AAA	K	K	0.002074	palegreen	5.0
408	AGA	AAA	R	K	0.005342	#c3d5f4ff	2.0
417	AAG	AAA	K	K	0.002043	palegreen	5.0
440	AAT	AAA	N	K	0.030412	#dcddddff	0.0
444	AAG	AAA	K	K	0.003387	palegreen	5.0
450	AAT	AAA	N	K	0.028005	#dcddddff	0.0
458	AAG	AAA	K	K	0.001217	palegreen	5.0
460	AAT	AAA	N	K	0.121157	#dcddddff	0.0
466	AGA	AAA	R	K	0.001032	#c3d5f4ff	2.0
471	GAA	AAA	E	K	0.001750	#d1dae9ff	1.0
478	ACA	AAA	T	K	0.002338	#e8d6ccff	-1.0
481	AAT	AAA	N	K	0.002779	#dcddddff	0.0
484	GAA	AAA	E	K	0.006026	#d1dae9ff	1.0
354	AAC	AAG	N	K	0.003883	#dcddddff	0.0
386	AAA	AAG	K	K	0.022939	palegreen	5.0
440	AAT	AAG	N	K	0.002727	#dcddddff	0.0
450	AAT	AAG	N	K	0.001340	#dcddddff	0.0
460	AAT	AAG	N	K	0.002841	#dcddddff	0.0
462	AAA	AAG	K	K	0.015268	palegreen	5.0
465	GAG	AAG	E	K	0.001006	#d1dae9ff	1.0
481	AAT	AAG	N	K	0.001952	#dcddddff	0.0
487	AAT	AAG	N	K	0.002058	#dcddddff	0.0
372	GCA	GAA	A	E	0.001425	#e8d6ccff	-1.0
386	AAA	GAA	K	E	0.023143	#d1dae9ff	1.0
389	GAT	GAA	D	E	0.011709	#c3d5f4ff	2.0
462	AAA	GAA	K	E	0.010938	#d1dae9ff	1.0
465	GAG	GAA	E	E	0.004170	palegreen	5.0
481	AAT	GAA	N	E	0.001407	#dcddddff	0.0
354	AAC	GAG	N	E	0.001206	#dcddddff	0.0
356	AAG	GAG	K	E	0.001471	#d1dae9ff	1.0
378	AAG	GAG	K	E	0.001882	#d1dae9ff	1.0
389	GAT	GAG	D	E	0.001112	#c3d5f4ff	2.0
398	GAT	GAG	D	E	0.002833	#c3d5f4ff	2.0
405	GAT	GAG	D	E	0.001545	#c3d5f4ff	2.0
406	GAA	GAG	E	E	0.033021	palegreen	5.0
417	AAG	GAG	K	E	0.001057	#d1dae9ff	1.0
444	AAG	GAG	K	E	0.002753	#d1dae9ff	1.0
458	AAG	GAG	K	E	0.019069	#d1dae9ff	1.0
471	GAA	GAG	E	E	0.026310	palegreen	5.0
484	GAA	GAG	E	E	0.019391	palegreen	5.0
386	AAA	CAA	K	Q	0.007015	#d1dae9ff	1.0
462	AAA	CAA	K	Q	0.002230	#d1dae9ff	1.0
474	CAG	CAA	Q	Q	0.003969	palegreen	5.0
484	GAA	CAA	E	Q	0.002374	#c3d5f4ff	2.0
356	AAG	CAG	K	Q	0.001798	#d1dae9ff	1.0
378	AAG	CAG	K	Q	0.003915	#d1dae9ff	1.0
409	CAA	CAG	Q	Q	0.019645	palegreen	5.0
414	CAA	CAG	Q	Q	0.039507	palegreen	5.0
444	AAG	CAG	K	Q	0.002197	#d1dae9ff	1.0
452	CTG	CAG	L	Q	0.215729	#f1cdbaff	-2.0
458	AAG	CAG	K	Q	0.001221	#d1dae9ff	1.0
493	CAA	CAG	Q	Q	0.013035	palegreen	5.0
498	CAA	CAG	Q	Q	0.003135	palegreen	5.0
506	CAA	CAG	Q	Q	0.021898	palegreen	5.0
340	GAA	GAT	E	D	0.001020	#c3d5f4ff	2.0
362	GTT	GAT	V	D	0.002576	#f5c1a9ff	-3.0
370	AAT	GAT	N	D	0.003688	#d1dae9ff	1.0
388	AAT	GAT	N	D	0.013814	#d1dae9ff	1.0
394	AAT	GAT	N	D	0.002085	#d1dae9ff	1.0
406	GAA	GAT	E	D	0.002236	#c3d5f4ff	2.0
440	AAT	GAT	N	D	0.021795	#d1dae9ff	1.0
450	AAT	GAT	N	D	0.008077	#d1dae9ff	1.0
460	AAT	GAT	N	D	0.001195	#d1dae9ff	1.0
471	GAA	GAT	E	D	0.003248	#c3d5f4ff	2.0
481	AAT	GAT	N	D	0.006539	#d1dae9ff	1.0
482	GGT	GAT	G	D	0.001034	#e8d6ccff	-1.0
483	GTT	GAT	V	D	0.004902	#f5c1a9ff	-3.0
484	GAA	GAT	E	D	0.003087	#c3d5f4ff	2.0
487	AAT	GAT	N	D	0.001156	#d1dae9ff	1.0
495	TAT	GAT	Y	D	0.001387	#f5c1a9ff	-3.0
503	GTT	GAT	V	D	0.003208	#f5c1a9ff	-3.0
504	GGT	GAT	G	D	0.001918	#e8d6ccff	-1.0
340	GAA	GAC	E	D	0.001262	#c3d5f4ff	2.0
354	AAC	GAC	N	D	0.044314	#d1dae9ff	1.0
360	AAC	GAC	N	D	0.018702	#d1dae9ff	1.0
364	GAT	GAC	D	D	0.027679	palegreen	6.0
367	GTC	GAC	V	D	0.002681	#f5c1a9ff	-3.0
389	GAT	GAC	D	D	0.020034	palegreen	6.0
398	GAT	GAC	D	D	0.017856	palegreen	6.0
405	GAT	GAC	D	D	0.030985	palegreen	6.0
442	GAT	GAC	D	D	0.077315	palegreen	6.0
467	GAT	GAC	D	D	0.027885	palegreen	6.0
471	GAA	GAC	E	D	0.003619	#c3d5f4ff	2.0
489	TAC	GAC	Y	D	0.001096	#f5c1a9ff	-3.0
505	TAC	GAC	Y	D	0.001775	#f5c1a9ff	-3.0
508	TAC	GAC	Y	D	0.002421	#f5c1a9ff	-3.0
343	AAC	AAT	N	N	0.007583	palegreen	6.0
354	AAC	AAT	N	N	0.007471	palegreen	6.0
360	AAC	AAT	N	N	0.001912	palegreen	6.0
364	GAT	AAT	D	N	0.001680	#d1dae9ff	1.0
376	ACT	AAT	T	N	0.001643	#dcddddff	0.0
385	ACT	AAT	T	N	0.001108	#dcddddff	0.0
389	GAT	AAT	D	N	0.001383	#d1dae9ff	1.0
405	GAT	AAT	D	N	0.002057	#d1dae9ff	1.0
417	AAG	AAT	K	N	0.004394	#dcddddff	0.0
439	AAC	AAT	N	N	0.001291	palegreen	6.0
442	GAT	AAT	D	N	0.001517	#d1dae9ff	1.0
462	AAA	AAT	K	N	0.009153	#dcddddff	0.0
468	ATT	AAT	I	N	0.001694	#f5c1a9ff	-3.0
470	ACT	AAT	T	N	0.001997	#dcddddff	0.0
345	ACC	AAC	T	N	0.001456	#dcddddff	0.0
359	AGC	AAC	S	N	0.004728	#d1dae9ff	1.0
370	AAT	AAC	N	N	0.015860	palegreen	6.0
388	AAT	AAC	N	N	0.024515	palegreen	6.0
394	AAT	AAC	N	N	0.016877	palegreen	6.0
437	AAT	AAC	N	N	0.069542	palegreen	6.0
440	AAT	AAC	N	N	0.023971	palegreen	6.0
448	AAT	AAC	N	N	0.023347	palegreen	6.0
450	AAT	AAC	N	N	0.039333	palegreen	6.0
460	AAT	AAC	N	N	0.016376	palegreen	6.0
462	AAA	AAC	K	N	0.003291	#dcddddff	0.0
468	ATT	AAC	I	N	0.002153	#f5c1a9ff	-3.0
477	AGC	AAC	S	N	0.207589	#d1dae9ff	1.0
481	AAT	AAC	N	N	0.016750	palegreen	6.0
487	AAT	AAC	N	N	0.016627	palegreen	6.0
501	AAT	AAC	N	N	0.004660	palegreen	6.0
345	ACC	ACT	T	T	0.008411	palegreen	5.0
352	GCT	ACT	A	T	0.001076	#dcddddff	0.0
363	GCT	ACT	A	T	0.003575	#dcddddff	0.0
366	TCT	ACT	S	T	0.002214	#d1dae9ff	1.0
370	AAT	ACT	N	T	0.002612	#dcddddff	0.0
383	TCT	ACT	S	T	0.003138	#d1dae9ff	1.0
394	AAT	ACT	N	T	0.003042	#dcddddff	0.0
411	GCT	ACT	A	T	0.001307	#dcddddff	0.0
437	AAT	ACT	N	T	0.001166	#dcddddff	0.0
440	AAT	ACT	N	T	0.002899	#dcddddff	0.0
450	AAT	ACT	N	T	0.002887	#dcddddff	0.0
459	TCT	ACT	S	T	0.014434	#d1dae9ff	1.0
460	AAT	ACT	N	T	0.005727	#dcddddff	0.0
468	ATT	ACT	I	T	0.094617	#e8d6ccff	-1.0
478	ACA	ACT	T	T	0.010485	palegreen	5.0
501	AAT	ACT	N	T	0.573958	#dcddddff	0.0
514	TCT	ACT	S	T	0.005879	#d1dae9ff	1.0
343	AAC	ACC	N	T	0.003010	#dcddddff	0.0
344	GCC	ACC	A	T	0.002477	#dcddddff	0.0
354	AAC	ACC	N	T	0.002750	#dcddddff	0.0
359	AGC	ACC	S	T	0.008454	#d1dae9ff	1.0
371	TCC	ACC	S	T	0.002673	#d1dae9ff	1.0
375	TCC	ACC	S	T	0.001493	#d1dae9ff	1.0
376	ACT	ACC	T	T	0.050568	palegreen	5.0
385	ACT	ACC	T	T	0.012544	palegreen	5.0
393	ACT	ACC	T	T	0.017379	palegreen	5.0
415	ACT	ACC	T	T	0.039978	palegreen	5.0
439	AAC	ACC	N	T	0.003452	#dcddddff	0.0
468	ATT	ACC	I	T	0.001359	#e8d6ccff	-1.0
470	ACT	ACC	T	T	0.017514	palegreen	5.0
472	ATC	ACC	I	T	0.003872	#e8d6ccff	-1.0
475	GCC	ACC	A	T	0.001490	#dcddddff	0.0
477	AGC	ACC	S	T	0.003086	#d1dae9ff	1.0
478	ACA	ACC	T	T	0.003359	palegreen	5.0
500	ACT	ACC	T	T	0.006325	palegreen	5.0
501	AAT	ACC	N	T	0.001525	#dcddddff	0.0
348	GCA	ACA	A	T	0.002000	#dcddddff	0.0
361	TGT	ACA	C	T	0.002604	#e8d6ccff	-1.0
372	GCA	ACA	A	T	0.005819	#dcddddff	0.0
373	TCA	ACA	S	T	0.004898	#d1dae9ff	1.0
376	ACT	ACA	T	T	0.005320	palegreen	5.0
385	ACT	ACA	T	T	0.004884	palegreen	5.0
393	ACT	ACA	T	T	0.004090	palegreen	5.0
415	ACT	ACA	T	T	0.007754	palegreen	5.0
462	AAA	ACA	K	T	0.003048	#e8d6ccff	-1.0
469	TCA	ACA	S	T	0.006908	#d1dae9ff	1.0
470	ACT	ACA	T	T	0.010970	palegreen	5.0
500	ACT	ACA	T	T	0.011290	palegreen	5.0
501	AAT	ACA	N	T	0.001262	#dcddddff	0.0
345	ACC	ACG	T	T	0.002525	palegreen	5.0
356	AAG	ACG	K	T	0.001502	#e8d6ccff	-1.0
385	ACT	ACG	T	T	0.004807	palegreen	5.0
393	ACT	ACG	T	T	0.001465	palegreen	5.0
415	ACT	ACG	T	T	0.005567	palegreen	5.0
444	AAG	ACG	K	T	0.004077	#e8d6ccff	-1.0
458	AAG	ACG	K	T	0.001206	#e8d6ccff	-1.0
478	ACA	ACG	T	T	0.018847	palegreen	5.0
500	ACT	ACG	T	T	0.001100	palegreen	5.0
351	TAT	TCT	Y	S	0.003053	#f1cdbaff	-2.0
365	TAT	TCT	Y	S	0.002471	#f1cdbaff	-2.0
371	TCC	TCT	S	S	0.008654	palegreen	4.0
373	TCA	TCT	S	S	0.001071	palegreen	4.0
374	TTT	TCT	F	S	0.002414	#f1cdbaff	-2.0
375	TCC	TCT	S	S	0.006845	palegreen	4.0
376	ACT	TCT	T	S	0.001752	#d1dae9ff	1.0
385	ACT	TCT	T	S	0.003673	#d1dae9ff	1.0
392	TTT	TCT	F	S	0.002479	#f1cdbaff	-2.0
393	ACT	TCT	T	S	0.002385	#d1dae9ff	1.0
399	TCA	TCT	S	S	0.004752	palegreen	4.0
449	TAT	TCT	Y	S	0.001482	#f1cdbaff	-2.0
453	TAT	TCT	Y	S	0.005142	#f1cdbaff	-2.0
464	TTT	TCT	F	S	0.002986	#f1cdbaff	-2.0
469	TCA	TCT	S	S	0.003035	palegreen	4.0
470	ACT	TCT	T	S	0.003041	#d1dae9ff	1.0
473	TAT	TCT	Y	S	0.003029	#f1cdbaff	-2.0
479	CCT	TCT	P	S	0.002796	#e8d6ccff	-1.0
486	TTT	TCT	F	S	0.001520	#f1cdbaff	-2.0
490	TTT	TCT	F	S	0.021195	#f1cdbaff	-2.0
494	TCA	TCT	S	S	0.001127	palegreen	4.0
500	ACT	TCT	T	S	0.003774	#d1dae9ff	1.0
345	ACC	TCC	T	S	0.007835	#d1dae9ff	1.0
349	TCT	TCC	S	S	0.037071	palegreen	4.0
366	TCT	TCC	S	S	0.032492	palegreen	4.0
383	TCT	TCC	S	S	0.030158	palegreen	4.0
391	TGC	TCC	C	S	0.001263	#e8d6ccff	-1.0
399	TCA	TCC	S	S	0.001119	palegreen	4.0
438	TCT	TCC	S	S	0.027883	palegreen	4.0
443	TCT	TCC	S	S	0.011107	palegreen	4.0
451	TAC	TCC	Y	S	0.002845	#f1cdbaff	-2.0
459	TCT	TCC	S	S	0.015412	palegreen	4.0
469	TCA	TCC	S	S	0.012026	palegreen	4.0
494	TCA	TCC	S	S	0.002108	palegreen	4.0
514	TCT	TCC	S	S	0.051563	palegreen	4.0
349	TCT	TCA	S	S	0.008470	palegreen	4.0
366	TCT	TCA	S	S	0.013990	palegreen	4.0
371	TCC	TCA	S	S	0.003034	palegreen	4.0
372	GCA	TCA	A	S	0.001971	#d1dae9ff	1.0
375	TCC	TCA	S	S	0.001120	palegreen	4.0
383	TCT	TCA	S	S	0.010119	palegreen	4.0
438	TCT	TCA	S	S	0.011151	palegreen	4.0
443	TCT	TCA	S	S	0.005508	palegreen	4.0
459	TCT	TCA	S	S	0.003936	palegreen	4.0
478	ACA	TCA	T	S	0.004007	#d1dae9ff	1.0
514	TCT	TCA	S	S	0.003678	palegreen	4.0
349	TCT	TCG	S	S	0.003736	palegreen	4.0
366	TCT	TCG	S	S	0.001223	palegreen	4.0
371	TCC	TCG	S	S	0.001630	palegreen	4.0
373	TCA	TCG	S	S	0.013270	palegreen	4.0
375	TCC	TCG	S	S	0.001601	palegreen	4.0
383	TCT	TCG	S	S	0.006240	palegreen	4.0
399	TCA	TCG	S	S	0.017529	palegreen	4.0
438	TCT	TCG	S	S	0.002405	palegreen	4.0
455	TTG	TCG	L	S	0.002209	#f1cdbaff	-2.0
469	TCA	TCG	S	S	0.018534	palegreen	4.0
494	TCA	TCG	S	S	0.014809	palegreen	4.0
514	TCT	TCG	S	S	0.002511	palegreen	4.0
346	AGA	AGT	R	S	0.001681	#e8d6ccff	-1.0
359	AGC	AGT	S	S	0.006472	palegreen	4.0
370	AAT	AGT	N	S	0.003464	#d1dae9ff	1.0
385	ACT	AGT	T	S	0.008350	#d1dae9ff	1.0
388	AAT	AGT	N	S	0.004199	#d1dae9ff	1.0
394	AAT	AGT	N	S	0.022920	#d1dae9ff	1.0
402	ATT	AGT	I	S	0.001225	#f1cdbaff	-2.0
403	AGA	AGT	R	S	0.004582	#e8d6ccff	-1.0
408	AGA	AGT	R	S	0.004082	#e8d6ccff	-1.0
415	ACT	AGT	T	S	0.001120	#d1dae9ff	1.0
418	ATT	AGT	I	S	0.001170	#f1cdbaff	-2.0
440	AAT	AGT	N	S	0.022206	#d1dae9ff	1.0
446	GGT	AGT	G	S	0.001247	#dcddddff	0.0
460	AAT	AGT	N	S	0.009208	#d1dae9ff	1.0
476	GGT	AGT	G	S	0.006110	#dcddddff	0.0
477	AGC	AGT	S	S	0.003054	palegreen	4.0
481	AAT	AGT	N	S	0.006266	#d1dae9ff	1.0
482	GGT	AGT	G	S	0.001702	#dcddddff	0.0
496	GGT	AGT	G	S	0.001811	#dcddddff	0.0
501	AAT	AGT	N	S	0.069426	#d1dae9ff	1.0
343	AAC	AGC	N	S	0.001615	#d1dae9ff	1.0
345	ACC	AGC	T	S	0.001697	#d1dae9ff	1.0
354	AAC	AGC	N	S	0.036951	#d1dae9ff	1.0
357	AGA	AGC	R	S	0.001360	#e8d6ccff	-1.0
360	AAC	AGC	N	S	0.003282	#d1dae9ff	1.0
391	TGC	AGC	C	S	0.001151	#e8d6ccff	-1.0
408	AGA	AGC	R	S	0.002365	#e8d6ccff	-1.0
454	AGA	AGC	R	S	0.001790	#e8d6ccff	-1.0
351	TAT	CAT	Y	H	0.002100	#c3d5f4ff	2.0
369	TAT	CAT	Y	H	0.002301	#c3d5f4ff	2.0
370	AAT	CAT	N	H	0.003645	#d1dae9ff	1.0
437	AAT	CAT	N	H	0.003484	#d1dae9ff	1.0
440	AAT	CAT	N	H	0.004164	#d1dae9ff	1.0
448	AAT	CAT	N	H	0.002007	#d1dae9ff	1.0
449	TAT	CAT	Y	H	0.001242	#c3d5f4ff	2.0
450	AAT	CAT	N	H	0.001087	#d1dae9ff	1.0
453	TAT	CAT	Y	H	0.002992	#c3d5f4ff	2.0
460	AAT	CAT	N	H	0.003774	#d1dae9ff	1.0
463	CCT	CAT	P	H	0.002831	#f1cdbaff	-2.0
473	TAT	CAT	Y	H	0.002462	#c3d5f4ff	2.0
479	CCT	CAT	P	H	0.002333	#f1cdbaff	-2.0
493	CAA	CAT	Q	H	0.004357	#dcddddff	0.0
498	CAA	CAT	Q	H	0.654050	#dcddddff	0.0
343	AAC	CAC	N	H	0.003586	#d1dae9ff	1.0
354	AAC	CAC	N	H	0.001676	#d1dae9ff	1.0
360	AAC	CAC	N	H	0.001057	#d1dae9ff	1.0
390	CTC	CAC	L	H	0.001061	#f5c1a9ff	-3.0
439	AAC	CAC	N	H	0.003539	#d1dae9ff	1.0
451	TAC	CAC	Y	H	0.006046	#c3d5f4ff	2.0
489	TAC	CAC	Y	H	0.001179	#c3d5f4ff	2.0
498	CAA	CAC	Q	H	0.036216	#dcddddff	0.0
505	TAC	CAC	Y	H	0.003912	#c3d5f4ff	2.0
508	TAC	CAC	Y	H	0.387636	#c3d5f4ff	2.0
402	ATT	ATG	I	M	0.002038	#d1dae9ff	1.0
417	AAG	ATG	K	M	0.009527	#e8d6ccff	-1.0
418	ATT	ATG	I	M	0.001847	#d1dae9ff	1.0
444	AAG	ATG	K	M	0.001489	#e8d6ccff	-1.0
452	CTG	ATG	L	M	0.001827	#c3d5f4ff	2.0
455	TTG	ATG	L	M	0.001421	#c3d5f4ff	2.0
348	GCA	CCT	A	P	0.002160	#e8d6ccff	-1.0
349	TCT	CCT	S	P	0.006191	#e8d6ccff	-1.0
366	TCT	CCT	S	P	0.001818	#e8d6ccff	-1.0
376	ACT	CCT	T	P	0.001464	#e8d6ccff	-1.0
383	TCT	CCT	S	P	0.005472	#e8d6ccff	-1.0
412	CCA	CCT	P	P	0.009455	palegreen	7.0
441	CTT	CCT	L	P	0.002747	#f5c1a9ff	-3.0
459	TCT	CCT	S	P	0.002083	#e8d6ccff	-1.0
470	ACT	CCT	T	P	0.006686	#e8d6ccff	-1.0
490	TTT	CCT	F	P	0.004648	#f7b396ff	-4.0
499	CCC	CCT	P	P	0.001910	palegreen	7.0
507	CCA	CCT	P	P	0.011996	palegreen	7.0
345	ACC	CCC	T	P	0.001506	#e8d6ccff	-1.0
371	TCC	CCC	S	P	0.001396	#e8d6ccff	-1.0
375	TCC	CCC	S	P	0.001085	#e8d6ccff	-1.0
384	CCT	CCC	P	P	0.018959	palegreen	7.0
412	CCA	CCC	P	P	0.002605	palegreen	7.0
439	AAC	CCC	N	P	0.001072	#f1cdbaff	-2.0
463	CCT	CCC	P	P	0.027463	palegreen	7.0
479	CCT	CCC	P	P	0.042780	palegreen	7.0
491	CCT	CCC	P	P	0.027162	palegreen	7.0
348	GCA	CCA	A	P	0.135680	#e8d6ccff	-1.0
372	GCA	CCA	A	P	0.003037	#e8d6ccff	-1.0
373	TCA	CCA	S	P	0.009656	#e8d6ccff	-1.0
384	CCT	CCA	P	P	0.003658	palegreen	7.0
463	CCT	CCA	P	P	0.003638	palegreen	7.0
478	ACA	CCA	T	P	0.001078	#e8d6ccff	-1.0
479	CCT	CCA	P	P	0.006377	palegreen	7.0
491	CCT	CCA	P	P	0.002456	palegreen	7.0
494	TCA	CCA	S	P	0.011702	#e8d6ccff	-1.0
384	CCT	CCG	P	P	0.004547	palegreen	7.0
412	CCA	CCG	P	P	0.055923	palegreen	7.0
452	CTG	CCG	L	P	0.002272	#f5c1a9ff	-3.0
474	CAG	CCG	Q	P	0.001366	#e8d6ccff	-1.0
479	CCT	CCG	P	P	0.002050	palegreen	7.0
491	CCT	CCG	P	P	0.002452	palegreen	7.0
507	CCA	CCG	P	P	0.017207	palegreen	7.0
480	TGT	TGG	C	W	0.001940	#f1cdbaff	-2.0
505	TAC	TGG	Y	W	0.001817	#c3d5f4ff	2.0
374	TTT	TAT	F	Y	0.003599	#b5cdfaff	3.0
392	TTT	TAT	F	Y	0.004683	#b5cdfaff	3.0
440	AAT	TAT	N	Y	0.002663	#f1cdbaff	-2.0
450	AAT	TAT	N	Y	0.001576	#f1cdbaff	-2.0
451	TAC	TAT	Y	Y	0.001565	palegreen	7.0
464	TTT	TAT	F	Y	0.014687	#b5cdfaff	3.0
486	TTT	TAT	F	Y	0.003390	#b5cdfaff	3.0
489	TAC	TAT	Y	Y	0.001433	palegreen	7.0
490	TTT	TAT	F	Y	0.012411	#b5cdfaff	3.0
501	AAT	TAT	N	Y	0.295597	#f1cdbaff	-2.0
505	TAC	TAT	Y	Y	0.003990	palegreen	7.0
508	TAC	TAT	Y	Y	0.001457	palegreen	7.0
351	TAT	TAC	Y	Y	0.024374	palegreen	7.0
365	TAT	TAC	Y	Y	0.021557	palegreen	7.0
369	TAT	TAC	Y	Y	0.015480	palegreen	7.0
371	TCC	TAC	S	Y	0.001320	#f1cdbaff	-2.0
380	TAT	TAC	Y	Y	0.031746	palegreen	7.0
396	TAT	TAC	Y	Y	0.025844	palegreen	7.0
449	TAT	TAC	Y	Y	0.271337	palegreen	7.0
453	TAT	TAC	Y	Y	0.008687	palegreen	7.0
473	TAT	TAC	Y	Y	0.023211	palegreen	7.0
495	TAT	TAC	Y	Y	0.014233	palegreen	7.0
501	AAT	TAC	N	Y	0.002107	#f1cdbaff	-2.0
351	TAT	TTT	Y	F	0.002017	#b5cdfaff	3.0
365	TAT	TTT	Y	F	0.019387	#b5cdfaff	3.0
367	GTC	TTT	V	F	0.002664	#e8d6ccff	-1.0
369	TAT	TTT	Y	F	0.012191	#b5cdfaff	3.0
396	TAT	TTT	Y	F	0.003094	#b5cdfaff	3.0
453	TAT	TTT	Y	F	0.081253	#b5cdfaff	3.0
480	TGT	TTT	C	F	0.004752	#f1cdbaff	-2.0
483	GTT	TTT	V	F	0.001366	#e8d6ccff	-1.0
497	TTC	TTT	F	F	0.002777	palegreen	6.0
501	AAT	TTT	N	F	0.001095	#f5c1a9ff	-3.0
513	CTT	TTT	L	F	0.001145	#dcddddff	0.0
514	TCT	TTT	S	F	0.001691	#f1cdbaff	-2.0
342	TTT	TTC	F	F	0.007831	palegreen	6.0
347	TTT	TTC	F	F	0.032856	palegreen	6.0
358	ATC	TTC	I	F	0.105378	#dcddddff	0.0
367	GTC	TTC	V	F	0.050922	#e8d6ccff	-1.0
369	TAT	TTC	Y	F	0.003534	#b5cdfaff	3.0
374	TTT	TTC	F	F	0.030806	palegreen	6.0
377	TTT	TTC	F	F	0.009856	palegreen	6.0
392	TTT	TTC	F	F	0.027334	palegreen	6.0
400	TTT	TTC	F	F	0.033067	palegreen	6.0
453	TAT	TTC	Y	F	0.001270	#b5cdfaff	3.0
456	TTT	TTC	F	F	0.010565	palegreen	6.0
464	TTT	TTC	F	F	0.011448	palegreen	6.0
486	TTT	TTC	F	F	0.011232	palegreen	6.0
490	TTT	TTC	F	F	0.048513	palegreen	6.0
515	TTT	TTC	F	F	0.340651	palegreen	6.0
352	GCT	GTT	A	V	0.002497	#dcddddff	0.0
363	GCT	GTT	A	V	0.004411	#dcddddff	0.0
367	GTC	GTT	V	V	0.002054	palegreen	4.0
382	GTG	GTT	V	V	0.001705	palegreen	4.0
392	TTT	GTT	F	V	0.002043	#e8d6ccff	-1.0
395	GTC	GTT	V	V	0.004345	palegreen	4.0
400	TTT	GTT	F	V	0.001452	#e8d6ccff	-1.0
401	GTA	GTT	V	V	0.002016	palegreen	4.0
402	ATT	GTT	I	V	0.046896	#b5cdfaff	3.0
407	GTC	GTT	V	V	0.007350	palegreen	4.0
418	ATT	GTT	I	V	0.001477	#b5cdfaff	3.0
468	ATT	GTT	I	V	0.014213	#b5cdfaff	3.0
482	GGT	GTT	G	V	0.001359	#f5c1a9ff	-3.0
486	TTT	GTT	F	V	0.003722	#e8d6ccff	-1.0
502	GGT	GTT	G	V	0.003676	#f5c1a9ff	-3.0
504	GGT	GTT	G	V	0.001350	#f5c1a9ff	-3.0
510	GTA	GTT	V	V	0.005651	palegreen	4.0
511	GTA	GTT	V	V	0.017684	palegreen	4.0
512	GTA	GTT	V	V	0.002663	palegreen	4.0
515	TTT	GTT	F	V	0.001586	#e8d6ccff	-1.0
341	GTT	GTC	V	V	0.014658	palegreen	4.0
344	GCC	GTC	A	V	0.001337	#dcddddff	0.0
350	GTT	GTC	V	V	0.033140	palegreen	4.0
358	ATC	GTC	I	V	0.002065	#b5cdfaff	3.0
362	GTT	GTC	V	V	0.034324	palegreen	4.0
402	ATT	GTC	I	V	0.001149	#b5cdfaff	3.0
410	ATC	GTC	I	V	0.002822	#b5cdfaff	3.0
445	GTT	GTC	V	V	0.017899	palegreen	4.0
472	ATC	GTC	I	V	0.018834	#b5cdfaff	3.0
475	GCC	GTC	A	V	0.002616	#dcddddff	0.0
483	GTT	GTC	V	V	0.030078	palegreen	4.0
503	GTT	GTC	V	V	0.020995	palegreen	4.0
511	GTA	GTC	V	V	0.001623	palegreen	4.0
341	GTT	GTA	V	V	0.001158	palegreen	4.0
350	GTT	GTA	V	V	0.004898	palegreen	4.0
362	GTT	GTA	V	V	0.038758	palegreen	4.0
367	GTC	GTA	V	V	0.001488	palegreen	4.0
372	GCA	GTA	A	V	0.002476	#dcddddff	0.0
382	GTG	GTA	V	V	0.003118	palegreen	4.0
387	TTA	GTA	L	V	0.001205	#d1dae9ff	1.0
397	GCA	GTA	A	V	0.002492	#dcddddff	0.0
407	GTC	GTA	V	V	0.001043	palegreen	4.0
445	GTT	GTA	V	V	0.021392	palegreen	4.0
471	GAA	GTA	E	V	0.001294	#f1cdbaff	-2.0
483	GTT	GTA	V	V	0.013538	palegreen	4.0
492	TTA	GTA	L	V	0.001713	#d1dae9ff	1.0
503	GTT	GTA	V	V	0.003941	palegreen	4.0
341	GTT	GTG	V	V	0.001092	palegreen	4.0
362	GTT	GTG	V	V	0.002981	palegreen	4.0
367	GTC	GTG	V	V	0.001235	palegreen	4.0
401	GTA	GTG	V	V	0.029193	palegreen	4.0
407	GTC	GTG	V	V	0.002538	palegreen	4.0
483	GTT	GTG	V	V	0.002442	palegreen	4.0
503	GTT	GTG	V	V	0.002345	palegreen	4.0
510	GTA	GTG	V	V	0.015574	palegreen	4.0
511	GTA	GTG	V	V	0.015660	palegreen	4.0
512	GTA	GTG	V	V	0.008920	palegreen	4.0
368	CTA	TTA	L	L	0.001424	palegreen	4.0
373	TCA	TTA	S	L	0.016616	#f1cdbaff	-2.0
455	TTG	TTA	L	L	0.004555	palegreen	4.0
464	TTT	TTA	F	L	0.001654	#dcddddff	0.0
494	TCA	TTA	S	L	0.001119	#f1cdbaff	-2.0
387	TTA	TTG	L	L	0.005033	palegreen	4.0
392	TTT	TTG	F	L	0.001161	#dcddddff	0.0
452	CTG	TTG	L	L	0.001383	palegreen	4.0
486	TTT	TTG	F	L	0.002559	#dcddddff	0.0
492	TTA	TTG	L	L	0.017721	palegreen	4.0
515	TTT	TTG	F	L	0.001519	#dcddddff	0.0
342	TTT	CTT	F	L	0.002578	#dcddddff	0.0
368	CTA	CTT	L	L	0.005244	palegreen	4.0
374	TTT	CTT	F	L	0.001793	#dcddddff	0.0
377	TTT	CTT	F	L	0.005586	#dcddddff	0.0
384	CCT	CTT	P	L	0.003565	#f5c1a9ff	-3.0
390	CTC	CTT	L	L	0.002442	palegreen	4.0
392	TTT	CTT	F	L	0.011756	#dcddddff	0.0
402	ATT	CTT	I	L	0.001317	#c3d5f4ff	2.0
452	CTG	CTT	L	L	0.001043	palegreen	4.0
456	TTT	CTT	F	L	0.004518	#dcddddff	0.0
461	CTC	CTT	L	L	0.003271	palegreen	4.0
464	TTT	CTT	F	L	0.003582	#dcddddff	0.0
468	ATT	CTT	I	L	0.001515	#c3d5f4ff	2.0
479	CCT	CTT	P	L	0.001889	#f5c1a9ff	-3.0
486	TTT	CTT	F	L	0.003878	#dcddddff	0.0
490	TTT	CTT	F	L	0.005739	#dcddddff	0.0
503	GTT	CTT	V	L	0.003110	#d1dae9ff	1.0
515	TTT	CTT	F	L	0.002109	#dcddddff	0.0
358	ATC	CTC	I	L	0.002326	#c3d5f4ff	2.0
368	CTA	CTC	L	L	0.003416	palegreen	4.0
441	CTT	CTC	L	L	0.028431	palegreen	4.0
472	ATC	CTC	I	L	0.002150	#c3d5f4ff	2.0
513	CTT	CTC	L	L	0.019118	palegreen	4.0
515	TTT	CTC	F	L	0.003075	#dcddddff	0.0
387	TTA	CTA	L	L	0.021557	palegreen	4.0
441	CTT	CTA	L	L	0.011167	palegreen	4.0
452	CTG	CTA	L	L	0.002198	palegreen	4.0
461	CTC	CTA	L	L	0.001390	palegreen	4.0
492	TTA	CTA	L	L	0.024415	palegreen	4.0
493	CAA	CTA	Q	L	0.017910	#f1cdbaff	-2.0
513	CTT	CTA	L	L	0.002679	palegreen	4.0
368	CTA	CTG	L	L	0.019131	palegreen	4.0
441	CTT	CTG	L	L	0.001002	palegreen	4.0
455	TTG	CTG	L	L	0.034391	palegreen	4.0
513	CTT	CTG	L	L	0.001735	palegreen	4.0
341	GTT	ATT	V	I	0.002540	#b5cdfaff	3.0
358	ATC	ATT	I	I	0.010738	palegreen	4.0
362	GTT	ATT	V	I	0.003965	#b5cdfaff	3.0
365	TAT	ATT	Y	I	0.001400	#e8d6ccff	-1.0
410	ATC	ATT	I	I	0.013552	palegreen	4.0
417	AAG	ATT	K	I	0.001309	#f5c1a9ff	-3.0
441	CTT	ATT	L	I	0.003076	#c3d5f4ff	2.0
445	GTT	ATT	V	I	0.010484	#b5cdfaff	3.0
472	ATC	ATT	I	I	0.006518	palegreen	4.0
483	GTT	ATT	V	I	0.001405	#b5cdfaff	3.0
501	AAT	ATT	N	I	0.001108	#f5c1a9ff	-3.0
503	GTT	ATT	V	I	0.006117	#b5cdfaff	3.0
367	GTC	ATC	V	I	0.001444	#b5cdfaff	3.0
395	GTC	ATC	V	I	0.002936	#b5cdfaff	3.0
402	ATT	ATC	I	I	0.031102	palegreen	4.0
418	ATT	ATC	I	I	0.026281	palegreen	4.0
461	CTC	ATC	L	I	0.002424	#c3d5f4ff	2.0
468	ATT	ATC	I	I	0.043125	palegreen	4.0
358	ATC	ATA	I	I	0.001553	palegreen	4.0
368	CTA	ATA	L	I	0.001445	#c3d5f4ff	2.0
386	AAA	ATA	K	I	0.001100	#f5c1a9ff	-3.0
402	ATT	ATA	I	I	0.004023	palegreen	4.0
410	ATC	ATA	I	I	0.005857	palegreen	4.0
418	ATT	ATA	I	I	0.024807	palegreen	4.0
468	ATT	ATA	I	I	0.002470	palegreen	4.0
478	ACA	ATA	T	I	0.001471	#e8d6ccff	-1.0
492	TTA	ATA	L	I	0.008459	#c3d5f4ff	2.0
344	GCC	GCT	A	A	0.027265	palegreen	4.0
348	GCA	GCT	A	A	0.007518	palegreen	4.0
350	GTT	GCT	V	A	0.002000	#dcddddff	0.0
362	GTT	GCT	V	A	0.010005	#dcddddff	0.0
367	GTC	GCT	V	A	0.001932	#dcddddff	0.0
372	GCA	GCT	A	A	0.007242	palegreen	4.0
376	ACT	GCT	T	A	0.001086	#dcddddff	0.0
383	TCT	GCT	S	A	0.002052	#d1dae9ff	1.0
385	ACT	GCT	T	A	0.012621	#dcddddff	0.0
393	ACT	GCT	T	A	0.003446	#dcddddff	0.0
397	GCA	GCT	A	A	0.015652	palegreen	4.0
415	ACT	GCT	T	A	0.003773	#dcddddff	0.0
442	GAT	GCT	D	A	0.001306	#f1cdbaff	-2.0
445	GTT	GCT	V	A	0.006674	#dcddddff	0.0
459	TCT	GCT	S	A	0.008545	#d1dae9ff	1.0
467	GAT	GCT	D	A	0.002977	#f1cdbaff	-2.0
470	ACT	GCT	T	A	0.009577	#dcddddff	0.0
475	GCC	GCT	A	A	0.008303	palegreen	4.0
479	CCT	GCT	P	A	0.001100	#e8d6ccff	-1.0
482	GGT	GCT	G	A	0.001514	#dcddddff	0.0
483	GTT	GCT	V	A	0.036014	#dcddddff	0.0
500	ACT	GCT	T	A	0.001143	#dcddddff	0.0
501	AAT	GCT	N	A	0.001835	#f1cdbaff	-2.0
503	GTT	GCT	V	A	0.004793	#dcddddff	0.0
504	GGT	GCT	G	A	0.001046	#dcddddff	0.0
514	TCT	GCT	S	A	0.001218	#d1dae9ff	1.0
345	ACC	GCC	T	A	0.002659	#dcddddff	0.0
348	GCA	GCC	A	A	0.003306	palegreen	4.0
352	GCT	GCC	A	A	0.020562	palegreen	4.0
363	GCT	GCC	A	A	0.051874	palegreen	4.0
367	GTC	GCC	V	A	0.175332	#dcddddff	0.0
372	GCA	GCC	A	A	0.004806	palegreen	4.0
395	GTC	GCC	V	A	0.003352	#dcddddff	0.0
411	GCT	GCC	A	A	0.026386	palegreen	4.0
344	GCC	GCA	A	A	0.001731	palegreen	4.0
352	GCT	GCA	A	A	0.008453	palegreen	4.0
363	GCT	GCA	A	A	0.013959	palegreen	4.0
373	TCA	GCA	S	A	0.001592	#d1dae9ff	1.0
399	TCA	GCA	S	A	0.002095	#d1dae9ff	1.0
411	GCT	GCA	A	A	0.011450	palegreen	4.0
471	GAA	GCA	E	A	0.002344	#e8d6ccff	-1.0
475	GCC	GCA	A	A	0.005002	palegreen	4.0
478	ACA	GCA	T	A	0.014145	#dcddddff	0.0
484	GAA	GCA	E	A	0.001897	#e8d6ccff	-1.0
494	TCA	GCA	S	A	0.002020	#d1dae9ff	1.0
344	GCC	GCG	A	A	0.001787	palegreen	4.0
348	GCA	GCG	A	A	0.021846	palegreen	4.0
363	GCT	GCG	A	A	0.010279	palegreen	4.0
372	GCA	GCG	A	A	0.022362	palegreen	4.0
382	GTG	GCG	V	A	0.001012	#dcddddff	0.0
397	GCA	GCG	A	A	0.032324	palegreen	4.0
411	GCT	GCG	A	A	0.004033	palegreen	4.0
465	GAG	GCG	E	A	0.002507	#e8d6ccff	-1.0
475	GCC	GCG	A	A	0.006546	palegreen	4.0
362	GTT	GGT	V	G	0.001369	#f5c1a9ff	-3.0
381	GGA	GGT	G	G	0.019394	palegreen	6.0
389	GAT	GGT	D	G	0.005024	#e8d6ccff	-1.0
405	GAT	GGT	D	G	0.002932	#e8d6ccff	-1.0
413	GGG	GGT	G	G	0.002019	palegreen	6.0
480	TGT	GGT	C	G	0.001222	#f5c1a9ff	-3.0
483	GTT	GGT	V	G	0.004439	#f5c1a9ff	-3.0
488	TGT	GGT	C	G	0.001451	#f5c1a9ff	-3.0
503	GTT	GGT	V	G	0.003095	#f5c1a9ff	-3.0
359	AGC	GGC	S	G	0.007327	#dcddddff	0.0
381	GGA	GGC	G	G	0.004463	palegreen	6.0
391	TGC	GGC	C	G	0.001552	#f5c1a9ff	-3.0
395	GTC	GGC	V	G	0.001106	#f5c1a9ff	-3.0
404	GGT	GGC	G	G	0.037800	palegreen	6.0
407	GTC	GGC	V	G	0.001822	#f5c1a9ff	-3.0
413	GGG	GGC	G	G	0.004362	palegreen	6.0
446	GGT	GGC	G	G	0.012493	palegreen	6.0
447	GGT	GGC	G	G	0.011379	palegreen	6.0
476	GGT	GGC	G	G	0.015065	palegreen	6.0
477	AGC	GGC	S	G	0.017175	#dcddddff	0.0
482	GGT	GGC	G	G	0.018146	palegreen	6.0
485	GGT	GGC	G	G	0.013808	palegreen	6.0
496	GGT	GGC	G	G	0.053870	palegreen	6.0
502	GGT	GGC	G	G	0.014904	palegreen	6.0
504	GGT	GGC	G	G	0.034634	palegreen	6.0
346	AGA	GGA	R	G	0.003073	#f1cdbaff	-2.0
372	GCA	GGA	A	G	0.009751	#dcddddff	0.0
401	GTA	GGA	V	G	0.001436	#f5c1a9ff	-3.0
403	AGA	GGA	R	G	0.001102	#f1cdbaff	-2.0
404	GGT	GGA	G	G	0.003916	palegreen	6.0
408	AGA	GGA	R	G	0.016489	#f1cdbaff	-2.0
413	GGG	GGA	G	G	0.014398	palegreen	6.0
446	GGT	GGA	G	G	0.007779	palegreen	6.0
447	GGT	GGA	G	G	0.003848	palegreen	6.0
466	AGA	GGA	R	G	0.001206	#f1cdbaff	-2.0
471	GAA	GGA	E	G	0.008625	#f1cdbaff	-2.0
476	GGT	GGA	G	G	0.004958	palegreen	6.0
482	GGT	GGA	G	G	0.007128	palegreen	6.0
484	GAA	GGA	E	G	0.004926	#f1cdbaff	-2.0
485	GGT	GGA	G	G	0.003076	palegreen	6.0
496	GGT	GGA	G	G	0.001412	palegreen	6.0
502	GGT	GGA	G	G	0.003153	palegreen	6.0
504	GGT	GGA	G	G	0.002025	palegreen	6.0
510	GTA	GGA	V	G	0.001630	#f5c1a9ff	-3.0
511	GTA	GGA	V	G	0.002290	#f5c1a9ff	-3.0
512	GTA	GGA	V	G	0.001718	#f5c1a9ff	-3.0
381	GGA	GGG	G	G	0.023981	palegreen	6.0
404	GGT	GGG	G	G	0.003032	palegreen	6.0
408	AGA	GGG	R	G	0.001710	#f1cdbaff	-2.0
416	GGA	GGG	G	G	0.033488	palegreen	6.0
446	GGT	GGG	G	G	0.001543	palegreen	6.0
465	GAG	GGG	E	G	0.005479	#f1cdbaff	-2.0
482	GGT	GGG	G	G	0.002802	palegreen	6.0
485	GGT	GGG	G	G	0.005290	palegreen	6.0
496	GGT	GGG	G	G	0.004133	palegreen	6.0
502	GGT	GGG	G	G	0.001456	palegreen	6.0
504	GGT	GGG	G	G	0.001114	palegreen	6.0
469	TCA	TAA	S	*	0.001121	#f7b396ff	-4.0
495	TAT	TAG	Y	*	0.001274	#f7b396ff	-4.0
387	TTA	TGA	L	*	0.001933	#f7b396ff	-4.0
492	TTA	TGA	L	*	0.001908	#f7b396ff	-4.0
