396	TAT	['TGT', 'TGC']	Y	C	0.001386	#d44e41ff	-2.0
400	TTT	['TGT', 'TGC']	F	C	0.001114	#d44e41ff	-2.0
486	TTT	['TGT', 'TGC']	F	C	0.001605	#d44e41ff	-2.0
497	TTC	['TGC', 'TGT']	F	C	0.001327	#d44e41ff	-2.0
508	TAC	['TGC', 'TGT']	Y	C	0.001054	#d44e41ff	-2.0
515	TTT	['TGT', 'TGC']	F	C	0.003341	#d44e41ff	-2.0
356	AAG	['AGG', 'CGG', 'AGA', 'CGT', 'CGA']	K	R	0.021612	#c3d5f4ff	2.0
359	AGC	['CGC', 'AGG', 'AGA', 'CGA', 'CGG', 'CGT']	S	R	0.001490	#e0654fff	-1.0
361	TGT	['CGT', 'CGC', 'CGG', 'AGG', 'CGA', 'AGA']	C	R	0.001879	#c43032ff	-3.0
378	AAG	['AGG', 'CGG', 'CGT', 'AGA']	K	R	0.009493	#c3d5f4ff	2.0
381	GGA	['AGA', 'CGA', 'AGG', 'CGC']	G	R	0.002523	#d44e41ff	-2.0
386	AAA	['AGA', 'AGG', 'CGG', 'CGA']	K	R	0.004495	#c3d5f4ff	2.0
390	CTC	['CGG', 'CGC', 'CGT', 'AGA', 'CGA', 'AGG']	L	R	0.001127	#d44e41ff	-2.0
391	TGC	['CGC', 'CGT', 'CGA']	C	R	0.009224	#c43032ff	-3.0
414	CAA	['CGA', 'CGG', 'AGA', 'AGG']	Q	R	0.004992	#d1dae9ff	1.0
417	AAG	['AGG', 'AGA', 'CGG']	K	R	0.015291	#c3d5f4ff	2.0
444	AAG	['AGG', 'CGG', 'CGT', 'AGA', 'CGA', 'CGC']	K	R	0.008193	#c3d5f4ff	2.0
452	CTG	['CGG', 'CGA', 'AGG', 'CGT', 'AGA', 'CGC']	L	R	0.024587	#d44e41ff	-2.0
458	AAG	['AGG', 'CGG', 'AGA', 'CGA']	K	R	0.005968	#c3d5f4ff	2.0
462	AAA	['AGA', 'CGA', 'AGG', 'CGC', 'CGG']	K	R	0.008973	#c3d5f4ff	2.0
474	CAG	['CGG', 'CGA', 'AGG', 'CGT', 'AGA']	Q	R	0.004940	#d1dae9ff	1.0
493	CAA	['CGA', 'CGG', 'CGT', 'CGC', 'AGG', 'AGA']	Q	R	0.004572	#d1dae9ff	1.0
498	CAA	['CGA', 'CGG', 'CGC', 'CGT', 'AGA', 'AGG']	Q	R	0.382049	#d1dae9ff	1.0
346	AGA	['AAA', 'AAG']	R	K	0.004525	#c3d5f4ff	2.0
354	AAC	['AAA', 'AAG']	N	K	0.001055	#dcddddff	0.0
357	AGA	['AAA', 'AAG']	R	K	0.001888	#c3d5f4ff	2.0
360	AAC	['AAA', 'AAG']	N	K	0.001097	#dcddddff	0.0
408	AGA	['AAA', 'AAG']	R	K	0.003111	#c3d5f4ff	2.0
440	AAT	['AAA', 'AAG']	N	K	0.027456	#dcddddff	0.0
450	AAT	['AAG', 'AAA']	N	K	0.013150	#dcddddff	0.0
460	AAT	['AAA', 'AAG']	N	K	0.034930	#dcddddff	0.0
471	GAA	['AAA', 'AAG']	E	K	0.001375	#d1dae9ff	1.0
481	AAT	['AAA', 'AAG']	N	K	0.004899	#dcddddff	0.0
484	GAA	['AAA', 'AAG']	E	K	0.013739	#d1dae9ff	1.0
487	AAT	['AAG', 'AAA']	N	K	0.001562	#dcddddff	0.0
356	AAG	['GAG', 'GAA']	K	E	0.001170	#d1dae9ff	1.0
378	AAG	['GAG', 'GAA']	K	E	0.001790	#d1dae9ff	1.0
386	AAA	['GAA', 'GAG']	K	E	0.029478	#d1dae9ff	1.0
389	GAT	['GAA', 'GAG']	D	E	0.002832	#c3d5f4ff	2.0
398	GAT	['GAG', 'GAA']	D	E	0.002797	#c3d5f4ff	2.0
405	GAT	['GAA', 'GAG']	D	E	0.001440	#c3d5f4ff	2.0
444	AAG	['GAG', 'GAA']	K	E	0.002931	#d1dae9ff	1.0
458	AAG	['GAG', 'GAA']	K	E	0.012444	#d1dae9ff	1.0
462	AAA	['GAA', 'GAG']	K	E	0.008333	#d1dae9ff	1.0
481	AAT	['GAA', 'GAG']	N	E	0.012110	#dcddddff	0.0
356	AAG	['CAG', 'CAA']	K	Q	0.001976	#d1dae9ff	1.0
378	AAG	['CAG', 'CAA']	K	Q	0.003746	#d1dae9ff	1.0
444	AAG	['CAG', 'CAA']	K	Q	0.003009	#d1dae9ff	1.0
452	CTG	['CAG', 'CAA']	L	Q	0.253447	#d44e41ff	-2.0
458	AAG	['CAG', 'CAA']	K	Q	0.001958	#d1dae9ff	1.0
462	AAA	['CAA', 'CAG']	K	Q	0.001217	#d1dae9ff	1.0
340	GAA	['GAT', 'GAC']	E	D	0.003085	#c3d5f4ff	2.0
354	AAC	['GAC', 'GAT']	N	D	0.044544	#d1dae9ff	1.0
360	AAC	['GAC', 'GAT']	N	D	0.013727	#d1dae9ff	1.0
362	GTT	['GAT', 'GAC']	V	D	0.004150	#c43032ff	-3.0
367	GTC	GAC	V	D	0.002426	#c43032ff	-3.0
370	AAT	['GAT', 'GAC']	N	D	0.002117	#d1dae9ff	1.0
388	AAT	['GAT', 'GAC']	N	D	0.007687	#d1dae9ff	1.0
394	AAT	['GAT', 'GAC']	N	D	0.001867	#d1dae9ff	1.0
406	GAA	['GAT', 'GAC']	E	D	0.001658	#c3d5f4ff	2.0
440	AAT	['GAC', 'GAT']	N	D	0.012630	#d1dae9ff	1.0
450	AAT	['GAT', 'GAC']	N	D	0.007828	#d1dae9ff	1.0
460	AAT	['GAT', 'GAC']	N	D	0.001746	#d1dae9ff	1.0
471	GAA	['GAT', 'GAC']	E	D	0.006174	#c3d5f4ff	2.0
481	AAT	['GAT', 'GAC']	N	D	0.006997	#d1dae9ff	1.0
482	GGT	['GAT', 'GAC']	G	D	0.001166	#e0654fff	-1.0
483	GTT	['GAT', 'GAC']	V	D	0.001877	#c43032ff	-3.0
484	GAA	['GAT', 'GAC']	E	D	0.001292	#c3d5f4ff	2.0
489	TAC	['GAC', 'GAT']	Y	D	0.001500	#c43032ff	-3.0
501	AAT	['GAT', 'GAC']	N	D	0.001011	#d1dae9ff	1.0
504	GGT	['GAT', 'GAC']	G	D	0.002745	#e0654fff	-1.0
505	TAC	['GAC', 'GAT']	Y	D	0.002315	#c43032ff	-3.0
508	TAC	['GAC', 'GAT']	Y	D	0.002879	#c43032ff	-3.0
345	ACC	['AAC', 'AAT']	T	N	0.001203	#dcddddff	0.0
359	AGC	['AAC', 'AAT']	S	N	0.001895	#d1dae9ff	1.0
364	GAT	['AAT', 'AAC']	D	N	0.001226	#d1dae9ff	1.0
376	ACT	['AAT', 'AAC']	T	N	0.001414	#dcddddff	0.0
386	AAA	['AAT', 'AAC']	K	N	0.001279	#dcddddff	0.0
389	GAT	['AAT', 'AAC']	D	N	0.001650	#d1dae9ff	1.0
417	AAG	['AAT', 'AAC']	K	N	0.001053	#dcddddff	0.0
462	AAA	['AAT', 'AAC']	K	N	0.002830	#dcddddff	0.0
468	ATT	['AAT', 'AAC']	I	N	0.001675	#c43032ff	-3.0
477	AGC	['AAC', 'AAT']	S	N	0.280030	#d1dae9ff	1.0
343	AAC	['ACC', 'ACT', 'ACA']	N	T	0.002869	#dcddddff	0.0
344	GCC	['ACC', 'ACT', 'ACA', 'ACG']	A	T	0.001849	#dcddddff	0.0
348	GCA	['ACA', 'ACC', 'ACT', 'ACG']	A	T	0.001559	#dcddddff	0.0
354	AAC	['ACC', 'ACT', 'ACA']	N	T	0.001848	#dcddddff	0.0
361	TGT	['ACA', 'ACG', 'ACC', 'ACT']	C	T	0.001990	#e0654fff	-1.0
363	GCT	['ACT', 'ACC', 'ACA', 'ACG']	A	T	0.002263	#dcddddff	0.0
366	TCT	['ACT', 'ACC']	S	T	0.002589	#d1dae9ff	1.0
370	AAT	['ACT', 'ACC', 'ACA']	N	T	0.002408	#dcddddff	0.0
372	GCA	['ACA', 'ACT', 'ACC', 'ACG']	A	T	0.006790	#dcddddff	0.0
373	TCA	['ACA', 'ACC', 'ACG', 'ACT']	S	T	0.006817	#d1dae9ff	1.0
383	TCT	['ACT', 'ACA', 'ACG', 'ACC']	S	T	0.001115	#d1dae9ff	1.0
386	AAA	['ACA', 'ACG', 'ACC', 'ACT']	K	T	0.001121	#e0654fff	-1.0
411	GCT	['ACT', 'ACC', 'ACA', 'ACG']	A	T	0.001379	#dcddddff	0.0
437	AAT	['ACT', 'ACC', 'ACA']	N	T	0.003066	#dcddddff	0.0
439	AAC	['ACC', 'ACT', 'ACA', 'ACG']	N	T	0.003811	#dcddddff	0.0
440	AAT	['ACT', 'ACC', 'ACA', 'ACG']	N	T	0.003412	#dcddddff	0.0
444	AAG	['ACG', 'ACT', 'ACA', 'ACC']	K	T	0.002118	#e0654fff	-1.0
448	AAT	['ACT', 'ACC', 'ACA', 'ACG']	N	T	0.001226	#dcddddff	0.0
450	AAT	['ACT', 'ACC', 'ACG', 'ACA']	N	T	0.001430	#dcddddff	0.0
458	AAG	['ACG', 'ACA', 'ACT', 'ACC']	K	T	0.001112	#e0654fff	-1.0
459	TCT	['ACT', 'ACC', 'ACA', 'ACG']	S	T	0.006582	#d1dae9ff	1.0
460	AAT	['ACT', 'ACC', 'ACA', 'ACG']	N	T	0.004756	#dcddddff	0.0
462	AAA	['ACA', 'ACC', 'ACG', 'ACT']	K	T	0.001461	#e0654fff	-1.0
468	ATT	['ACT', 'ACC', 'ACG', 'ACA']	I	T	0.061611	#e0654fff	-1.0
469	TCA	['ACA', 'ACG', 'ACC']	S	T	0.002006	#d1dae9ff	1.0
472	ATC	['ACC', 'ACT', 'ACA', 'ACG']	I	T	0.002424	#e0654fff	-1.0
475	GCC	['ACC', 'ACT', 'ACA', 'ACG']	A	T	0.001322	#dcddddff	0.0
477	AGC	['ACC', 'ACA', 'ACT']	S	T	0.001325	#d1dae9ff	1.0
501	AAT	['ACT', 'ACA', 'ACC', 'ACG']	N	T	0.071187	#dcddddff	0.0
514	TCT	['ACT', 'ACC', 'ACG', 'ACA']	S	T	0.007538	#d1dae9ff	1.0
345	ACC	['TCC', 'AGC', 'AGT', 'TCT', 'TCA']	T	S	0.002396	#d1dae9ff	1.0
346	AGA	['AGC', 'AGT']	R	S	0.013934	#e0654fff	-1.0
351	TAT	['TCT', 'TCC', 'TCG', 'TCA']	Y	S	0.003128	#d44e41ff	-2.0
352	GCT	['TCT', 'TCC', 'TCA', 'TCG']	A	S	0.001138	#d1dae9ff	1.0
354	AAC	['AGC', 'AGT', 'TCC']	N	S	0.010434	#d1dae9ff	1.0
357	AGA	['AGT', 'AGC']	R	S	0.002422	#e0654fff	-1.0
360	AAC	['AGC', 'AGT', 'TCC']	N	S	0.002478	#d1dae9ff	1.0
365	TAT	['TCT', 'TCC', 'TCA', 'AGT', 'TCG']	Y	S	0.002215	#d44e41ff	-2.0
367	GTC	['TCC', 'TCA', 'TCT', 'TCG', 'AGC']	V	S	0.001672	#d44e41ff	-2.0
370	AAT	['AGT', 'AGC', 'TCT']	N	S	0.002879	#d1dae9ff	1.0
388	AAT	['AGT', 'AGC']	N	S	0.002420	#d1dae9ff	1.0
391	TGC	['AGC', 'TCC', 'AGT', 'TCT']	C	S	0.002577	#e0654fff	-1.0
392	TTT	['TCT', 'TCG', 'TCC', 'AGT']	F	S	0.001970	#d44e41ff	-2.0
393	ACT	['TCT', 'AGT', 'AGC', 'TCG', 'TCC']	T	S	0.001001	#d1dae9ff	1.0
394	AAT	['AGT', 'AGC']	N	S	0.006454	#d1dae9ff	1.0
402	ATT	['AGT', 'AGC']	I	S	0.001144	#d44e41ff	-2.0
403	AGA	['AGT', 'AGC']	R	S	0.056557	#e0654fff	-1.0
408	AGA	['AGT', 'AGC']	R	S	0.005097	#e0654fff	-1.0
418	ATT	['AGT', 'AGC']	I	S	0.001195	#d44e41ff	-2.0
440	AAT	['AGT', 'AGC', 'TCT', 'TCC']	N	S	0.016237	#d1dae9ff	1.0
449	TAT	['TCT', 'TCC', 'TCA', 'AGC', 'TCG']	Y	S	0.001190	#d44e41ff	-2.0
450	AAT	['AGT', 'AGC', 'TCT', 'TCC']	N	S	0.001111	#d1dae9ff	1.0
451	TAC	['TCC', 'TCT', 'TCA', 'TCG']	Y	S	0.005166	#d44e41ff	-2.0
453	TAT	['TCT', 'TCC', 'TCA', 'AGT']	Y	S	0.005611	#d44e41ff	-2.0
455	TTG	['TCG', 'TCT', 'TCA', 'TCC']	L	S	0.002456	#d44e41ff	-2.0
460	AAT	['AGT', 'AGC', 'TCT']	N	S	0.004922	#d1dae9ff	1.0
464	TTT	['TCT', 'TCC', 'TCA', 'TCG', 'AGT']	F	S	0.002585	#d44e41ff	-2.0
470	ACT	['TCT', 'AGT', 'AGC', 'TCC', 'TCG']	T	S	0.003927	#d1dae9ff	1.0
473	TAT	['TCT', 'TCC', 'TCA', 'TCG']	Y	S	0.003707	#d44e41ff	-2.0
476	GGT	['AGC', 'AGT']	G	S	0.012488	#dcddddff	0.0
478	ACA	['TCA', 'TCT', 'TCG', 'TCC', 'AGC', 'AGT']	T	S	0.009019	#d1dae9ff	1.0
479	CCT	['TCT', 'TCA', 'TCC', 'TCG']	P	S	0.002828	#e0654fff	-1.0
481	AAT	['AGT', 'AGC']	N	S	0.006880	#d1dae9ff	1.0
486	TTT	['TCT', 'TCC', 'TCG', 'AGT', 'TCA']	F	S	0.002787	#d44e41ff	-2.0
490	TTT	['TCT', 'TCC', 'TCG', 'AGT']	F	S	0.007680	#d44e41ff	-2.0
496	GGT	['AGT', 'AGC', 'TCT', 'TCC']	G	S	0.003861	#dcddddff	0.0
499	CCC	['TCC', 'TCA', 'TCT', 'AGC', 'TCG', 'AGT']	P	S	0.001056	#e0654fff	-1.0
501	AAT	['AGT', 'AGC', 'TCT', 'TCG', 'TCC']	N	S	0.022955	#d1dae9ff	1.0
343	AAC	['CAC', 'CAT']	N	H	0.003577	#d1dae9ff	1.0
351	TAT	['CAT', 'CAC']	Y	H	0.002222	#c3d5f4ff	2.0
354	AAC	['CAC', 'CAT']	N	H	0.002058	#d1dae9ff	1.0
360	AAC	['CAC', 'CAT']	N	H	0.001036	#d1dae9ff	1.0
369	TAT	['CAT', 'CAC']	Y	H	0.001751	#c3d5f4ff	2.0
370	AAT	['CAT', 'CAC']	N	H	0.003160	#d1dae9ff	1.0
437	AAT	['CAT', 'CAC']	N	H	0.004064	#d1dae9ff	1.0
439	AAC	['CAC', 'CAT']	N	H	0.002902	#d1dae9ff	1.0
440	AAT	['CAT', 'CAC']	N	H	0.001713	#d1dae9ff	1.0
448	AAT	['CAT', 'CAC']	N	H	0.001939	#d1dae9ff	1.0
450	AAT	['CAT', 'CAC']	N	H	0.001515	#d1dae9ff	1.0
451	TAC	['CAC', 'CAT']	Y	H	0.002537	#c3d5f4ff	2.0
453	TAT	['CAT', 'CAC']	Y	H	0.002451	#c3d5f4ff	2.0
460	AAT	['CAT', 'CAC']	N	H	0.003487	#d1dae9ff	1.0
473	TAT	['CAT', 'CAC']	Y	H	0.002181	#c3d5f4ff	2.0
489	TAC	['CAC', 'CAT']	Y	H	0.001193	#c3d5f4ff	2.0
493	CAA	['CAT', 'CAC']	Q	H	0.001408	#dcddddff	0.0
498	CAA	['CAC', 'CAT']	Q	H	0.213934	#dcddddff	0.0
505	TAC	['CAC', 'CAT']	Y	H	0.001776	#c3d5f4ff	2.0
508	TAC	['CAC', 'CAT']	Y	H	0.019898	#c3d5f4ff	2.0
356	AAG	ATG	K	M	0.002134	#e0654fff	-1.0
402	ATT	ATG	I	M	0.001870	#d1dae9ff	1.0
417	AAG	ATG	K	M	0.002209	#e0654fff	-1.0
418	ATT	ATG	I	M	0.001824	#d1dae9ff	1.0
444	AAG	ATG	K	M	0.001216	#e0654fff	-1.0
452	CTG	ATG	L	M	0.004152	#c3d5f4ff	2.0
470	ACT	ATG	T	M	0.007430	#e0654fff	-1.0
345	ACC	['CCC', 'CCT', 'CCG', 'CCA']	T	P	0.001763	#e0654fff	-1.0
348	GCA	['CCA', 'CCG', 'CCT', 'CCC']	A	P	0.084759	#e0654fff	-1.0
349	TCT	['CCT', 'CCC', 'CCA', 'CCG']	S	P	0.009175	#e0654fff	-1.0
372	GCA	['CCA', 'CCC', 'CCT', 'CCG']	A	P	0.002001	#e0654fff	-1.0
373	TCA	['CCA', 'CCC', 'CCG']	S	P	0.005269	#e0654fff	-1.0
376	ACT	['CCC', 'CCT', 'CCA']	T	P	0.001328	#e0654fff	-1.0
383	TCT	['CCT', 'CCC', 'CCG', 'CCA']	S	P	0.002868	#e0654fff	-1.0
441	CTT	['CCT', 'CCC', 'CCG', 'CCA']	L	P	0.001024	#c43032ff	-3.0
452	CTG	['CCG', 'CCC', 'CCA', 'CCT']	L	P	0.002383	#c43032ff	-3.0
459	TCT	['CCT', 'CCC', 'CCA']	S	P	0.001317	#e0654fff	-1.0
470	ACT	['CCT', 'CCG', 'CCC', 'CCA']	T	P	0.002414	#e0654fff	-1.0
474	CAG	['CCG', 'CCA', 'CCT', 'CCC']	Q	P	0.005198	#e0654fff	-1.0
494	TCA	['CCA', 'CCC', 'CCG', 'CCT']	S	P	0.009883	#e0654fff	-1.0
480	TGT	TGG	C	W	0.002940	#d44e41ff	-2.0
360	AAC	TAC	N	Y	0.001185	#d44e41ff	-2.0
392	TTT	['TAT', 'TAC']	F	Y	0.002549	#b5cdfaff	3.0
460	AAT	['TAT', 'TAC']	N	Y	0.001271	#d44e41ff	-2.0
464	TTT	['TAT', 'TAC']	F	Y	0.034076	#b5cdfaff	3.0
486	TTT	['TAT', 'TAC']	F	Y	0.001243	#b5cdfaff	3.0
490	TTT	['TAT', 'TAC']	F	Y	0.002884	#b5cdfaff	3.0
501	AAT	['TAT', 'TAC']	N	Y	0.760352	#d44e41ff	-2.0
358	ATC	['TTC', 'TTT']	I	F	0.084233	#dcddddff	0.0
365	TAT	['TTT', 'TTC']	Y	F	0.016711	#b5cdfaff	3.0
367	GTC	['TTC', 'TTT']	V	F	0.048231	#e0654fff	-1.0
369	TAT	['TTT', 'TTC']	Y	F	0.006616	#b5cdfaff	3.0
453	TAT	['TTT', 'TTC']	Y	F	0.104800	#b5cdfaff	3.0
480	TGT	['TTT', 'TTC']	C	F	0.001608	#d44e41ff	-2.0
501	AAT	['TTT', 'TTC']	N	F	0.001538	#c43032ff	-3.0
508	TAC	['TTC', 'TTT']	Y	F	0.003190	#b5cdfaff	3.0
352	GCT	['GTT', 'GTC', 'GTG', 'GTA']	A	V	0.002324	#dcddddff	0.0
358	ATC	['GTC', 'GTA', 'GTT', 'GTG']	I	V	0.001568	#b5cdfaff	3.0
363	GCT	['GTT', 'GTG', 'GTC', 'GTA']	A	V	0.002454	#dcddddff	0.0
387	TTA	['GTA', 'GTG', 'GTC', 'GTT']	L	V	0.001201	#d1dae9ff	1.0
392	TTT	['GTT', 'GTC', 'GTG', 'GTA']	F	V	0.002235	#e0654fff	-1.0
397	GCA	['GTA', 'GTC', 'GTG', 'GTT']	A	V	0.002374	#dcddddff	0.0
400	TTT	['GTT', 'GTC', 'GTG', 'GTA']	F	V	0.001456	#e0654fff	-1.0
402	ATT	['GTT', 'GTC', 'GTA', 'GTG']	I	V	0.122058	#b5cdfaff	3.0
410	ATC	['GTC', 'GTA', 'GTT', 'GTG']	I	V	0.001534	#b5cdfaff	3.0
418	ATT	['GTT', 'GTC', 'GTG', 'GTA']	I	V	0.001812	#b5cdfaff	3.0
468	ATT	['GTT', 'GTC', 'GTA', 'GTG']	I	V	0.010522	#b5cdfaff	3.0
471	GAA	['GTA', 'GTG', 'GTC', 'GTT']	E	V	0.001451	#d44e41ff	-2.0
472	ATC	['GTC', 'GTT', 'GTA', 'GTG']	I	V	0.005161	#b5cdfaff	3.0
475	GCC	['GTC', 'GTT', 'GTA', 'GTG']	A	V	0.001660	#dcddddff	0.0
486	TTT	['GTT', 'GTC', 'GTG', 'GTA']	F	V	0.001083	#e0654fff	-1.0
515	TTT	['GTT', 'GTC', 'GTG', 'GTA']	F	V	0.001887	#e0654fff	-1.0
342	TTT	['CTT', 'TTA', 'TTG', 'CTC', 'CTA']	F	L	0.001224	#dcddddff	0.0
358	ATC	['CTC', 'CTT', 'TTA', 'TTG', 'CTA', 'CTG']	I	L	0.002151	#c3d5f4ff	2.0
373	TCA	['TTA', 'TTG', 'CTA', 'CTC']	S	L	0.002393	#d44e41ff	-2.0
374	TTT	['CTT', 'TTA', 'CTA', 'CTC', 'TTG', 'CTG']	F	L	0.001836	#dcddddff	0.0
377	TTT	['CTT', 'CTC', 'TTG', 'TTA', 'CTA', 'CTG']	F	L	0.001071	#dcddddff	0.0
384	CCT	['CTT', 'CTA', 'CTC', 'CTG', 'TTG']	P	L	0.008977	#c43032ff	-3.0
392	TTT	['CTT', 'TTA', 'TTG', 'CTC', 'CTG']	F	L	0.017711	#dcddddff	0.0
456	TTT	['CTT', 'TTA', 'CTC', 'TTG', 'CTA', 'CTG']	F	L	0.004233	#dcddddff	0.0
464	TTT	['CTT', 'TTA', 'TTG', 'CTC', 'CTA', 'CTG']	F	L	0.001807	#dcddddff	0.0
468	ATT	['CTT', 'CTC', 'CTA']	I	L	0.001577	#c3d5f4ff	2.0
472	ATC	['CTC', 'CTT', 'TTA', 'CTG', 'CTA']	I	L	0.002692	#c3d5f4ff	2.0
486	TTT	['CTT', 'CTC', 'TTA', 'TTG', 'CTG']	F	L	0.005335	#dcddddff	0.0
490	TTT	['CTT', 'TTA', 'CTC', 'TTG', 'CTG', 'CTA']	F	L	0.002861	#dcddddff	0.0
493	CAA	['CTA', 'CTG', 'TTA', 'CTC', 'TTG', 'CTT']	Q	L	0.026267	#d44e41ff	-2.0
515	TTT	['CTT', 'TTA', 'TTG', 'CTC', 'CTG', 'CTA']	F	L	0.001388	#dcddddff	0.0
341	GTT	['ATT', 'ATC', 'ATA']	V	I	0.001185	#b5cdfaff	3.0
357	AGA	['ATA', 'ATC', 'ATT']	R	I	0.001894	#c43032ff	-3.0
362	GTT	['ATT', 'ATC', 'ATA']	V	I	0.005105	#b5cdfaff	3.0
365	TAT	['ATT', 'ATC']	Y	I	0.002121	#e0654fff	-1.0
367	GTC	['ATC', 'ATT', 'ATA']	V	I	0.001433	#b5cdfaff	3.0
395	GTC	['ATC', 'ATT', 'ATA']	V	I	0.001102	#b5cdfaff	3.0
407	GTC	['ATC', 'ATA', 'ATT']	V	I	0.003890	#b5cdfaff	3.0
460	AAT	['ATT', 'ATA', 'ATC']	N	I	0.014250	#c43032ff	-3.0
478	ACA	['ATA', 'ATT', 'ATC']	T	I	0.002454	#e0654fff	-1.0
483	GTT	['ATT', 'ATC', 'ATA']	V	I	0.001157	#b5cdfaff	3.0
492	TTA	['ATA', 'ATC']	L	I	0.001484	#c3d5f4ff	2.0
503	GTT	['ATT', 'ATC', 'ATA']	V	I	0.006252	#b5cdfaff	3.0
345	ACC	['GCC', 'GCA', 'GCT', 'GCG']	T	A	0.002179	#dcddddff	0.0
350	GTT	['GCT', 'GCC', 'GCA', 'GCG']	V	A	0.001097	#dcddddff	0.0
362	GTT	['GCT', 'GCC', 'GCG', 'GCA']	V	A	0.004949	#dcddddff	0.0
367	GTC	['GCC', 'GCG', 'GCA', 'GCT']	V	A	0.107505	#dcddddff	0.0
373	TCA	['GCA', 'GCG', 'GCT', 'GCC']	S	A	0.016918	#d1dae9ff	1.0
382	GTG	['GCG', 'GCA']	V	A	0.001175	#dcddddff	0.0
383	TCT	['GCT', 'GCC', 'GCA', 'GCG']	S	A	0.002862	#d1dae9ff	1.0
385	ACT	['GCT', 'GCC', 'GCG', 'GCA']	T	A	0.002890	#dcddddff	0.0
393	ACT	['GCT', 'GCC', 'GCA', 'GCG']	T	A	0.002297	#dcddddff	0.0
395	GTC	['GCC', 'GCG', 'GCT', 'GCA']	V	A	0.004431	#dcddddff	0.0
399	TCA	['GCA', 'GCG', 'GCC', 'GCT']	S	A	0.001977	#d1dae9ff	1.0
415	ACT	['GCT', 'GCA', 'GCC', 'GCG']	T	A	0.001399	#dcddddff	0.0
442	GAT	['GCT', 'GCC', 'GCA', 'GCG']	D	A	0.002629	#d44e41ff	-2.0
445	GTT	['GCT', 'GCA', 'GCG', 'GCC']	V	A	0.002563	#dcddddff	0.0
459	TCT	['GCT', 'GCC', 'GCG', 'GCA']	S	A	0.005580	#d1dae9ff	1.0
465	GAG	['GCG', 'GCA', 'GCC', 'GCT']	E	A	0.001873	#e0654fff	-1.0
467	GAT	['GCT', 'GCC', 'GCA', 'GCG']	D	A	0.001671	#d44e41ff	-2.0
470	ACT	['GCT', 'GCC', 'GCG', 'GCA']	T	A	0.009752	#dcddddff	0.0
478	ACA	['GCA', 'GCG', 'GCT', 'GCC']	T	A	0.013371	#dcddddff	0.0
483	GTT	['GCT', 'GCC', 'GCG', 'GCA']	V	A	0.022510	#dcddddff	0.0
494	TCA	['GCA', 'GCC', 'GCG', 'GCT']	S	A	0.001750	#d1dae9ff	1.0
500	ACT	['GCT', 'GCC', 'GCA', 'GCG']	T	A	0.001411	#dcddddff	0.0
501	AAT	['GCT', 'GCC', 'GCG', 'GCA']	N	A	0.004799	#d44e41ff	-2.0
503	GTT	['GCT', 'GCG', 'GCA', 'GCC']	V	A	0.007115	#dcddddff	0.0
346	AGA	['GGA', 'GGG', 'GGC', 'GGT']	R	G	0.001015	#d44e41ff	-2.0
357	AGA	['GGA', 'GGG', 'GGT', 'GGC']	R	G	0.001126	#d44e41ff	-2.0
359	AGC	['GGC', 'GGT', 'GGA', 'GGG']	S	G	0.005734	#dcddddff	0.0
389	GAT	['GGT', 'GGC', 'GGG', 'GGA']	D	G	0.001734	#e0654fff	-1.0
391	TGC	['GGC', 'GGT', 'GGA', 'GGG']	C	G	0.001554	#c43032ff	-3.0
395	GTC	['GGC', 'GGT', 'GGA', 'GGG']	V	G	0.001141	#c43032ff	-3.0
401	GTA	['GGA', 'GGG', 'GGT']	V	G	0.001389	#c43032ff	-3.0
405	GAT	['GGT', 'GGC', 'GGG', 'GGA']	D	G	0.001372	#e0654fff	-1.0
407	GTC	['GGC', 'GGA', 'GGG', 'GGT']	V	G	0.001918	#c43032ff	-3.0
408	AGA	['GGA', 'GGG', 'GGT']	R	G	0.013511	#d44e41ff	-2.0
465	GAG	['GGG', 'GGA', 'GGT', 'GGC']	E	G	0.003504	#d44e41ff	-2.0
471	GAA	['GGA', 'GGG', 'GGC', 'GGT']	E	G	0.005564	#d44e41ff	-2.0
477	AGC	['GGC', 'GGT', 'GGA', 'GGG']	S	G	0.016541	#dcddddff	0.0
483	GTT	['GGT', 'GGG', 'GGA', 'GGC']	V	G	0.004428	#c43032ff	-3.0
484	GAA	['GGG', 'GGA', 'GGC', 'GGT']	E	G	0.003441	#d44e41ff	-2.0
488	TGT	['GGT', 'GGC', 'GGG', 'GGA']	C	G	0.001484	#c43032ff	-3.0
503	GTT	['GGT', 'GGG', 'GGC', 'GGA']	V	G	0.001318	#c43032ff	-3.0
510	GTA	['GGA', 'GGG', 'GGT', 'GGC']	V	G	0.002287	#c43032ff	-3.0
511	GTA	['GGA', 'GGG', 'GGT', 'GGC']	V	G	0.001587	#c43032ff	-3.0
512	GTA	['GGA', 'GGG', 'GGT', 'GGC']	V	G	0.001270	#c43032ff	-3.0
516	GAA	GGA	E	G	0.002402	#d44e41ff	-2.0
387	TTA	['TGA', 'TAA']	L	*	0.001931	red	-4.0
492	TTA	['TAA', 'TGA']	L	*	0.003618	red	-4.0
495	TAT	['TAA', 'TAG']	Y	*	0.001636	red	-4.0
