351	TAT	['TGC', 'TGT']	Y	C	0.001490	#d44e41ff	-2.0
359	AGC	['TGC', 'TGT']	S	C	0.004433	#e0654fff	-1.0
365	TAT	['TGC', 'TGT']	Y	C	0.002267	#d44e41ff	-2.0
369	TAT	['TGC', 'TGT']	Y	C	0.009110	#d44e41ff	-2.0
392	TTT	['TGC', 'TGT']	F	C	0.002056	#d44e41ff	-2.0
396	TAT	['TGC', 'TGT']	Y	C	0.004559	#d44e41ff	-2.0
400	TTT	['TGC', 'TGT']	F	C	0.001279	#d44e41ff	-2.0
451	TAC	['TGC', 'TGT']	Y	C	0.001907	#d44e41ff	-2.0
453	TAT	['TGC', 'TGT']	Y	C	0.001665	#d44e41ff	-2.0
486	TTT	['TGC', 'TGT']	F	C	0.004713	#d44e41ff	-2.0
490	TTT	['TGC', 'TGT']	F	C	0.002758	#d44e41ff	-2.0
497	TTC	['TGC', 'TGT']	F	C	0.001193	#d44e41ff	-2.0
508	TAC	['TGC', 'TGT']	Y	C	0.004087	#d44e41ff	-2.0
515	TTT	['TGC', 'TGT']	F	C	0.001042	#d44e41ff	-2.0
354	AAC	['AGA', 'AGG', 'CGA', 'CGC', 'CGG', 'CGT']	N	R	0.001255	#dcddddff	0.0
356	AAG	['AGA', 'AGG', 'CGA', 'CGC', 'CGG', 'CGT']	K	R	0.052379	#c3d5f4ff	2.0
359	AGC	['AGA', 'AGG', 'CGA', 'CGC', 'CGG', 'CGT']	S	R	0.003685	#e0654fff	-1.0
361	TGT	['CGA', 'CGC', 'CGG', 'CGT']	C	R	0.002619	#c43032ff	-3.0
373	TCA	['AGA', 'CGA', 'CGC']	S	R	0.001511	#e0654fff	-1.0
378	AAG	['AGA', 'AGG', 'CGC', 'CGG', 'CGT']	K	R	0.048051	#c3d5f4ff	2.0
381	GGA	['AGA', 'AGG', 'CGA', 'CGC', 'CGG', 'CGT']	G	R	0.004047	#d44e41ff	-2.0
386	AAA	['AGA', 'AGG', 'CGA']	K	R	0.011676	#c3d5f4ff	2.0
390	CTC	['AGA', 'CGA', 'CGC', 'CGG', 'CGT']	L	R	0.003333	#d44e41ff	-2.0
391	TGC	['AGA', 'AGG', 'CGA', 'CGC', 'CGG', 'CGT']	C	R	0.032034	#c43032ff	-3.0
409	CAA	['AGA', 'AGG', 'CGA', 'CGC', 'CGG', 'CGT']	Q	R	0.001341	#d1dae9ff	1.0
413	GGG	['AGA', 'AGG', 'CGA', 'CGG']	G	R	0.004375	#d44e41ff	-2.0
414	CAA	['AGA', 'CGA', 'CGC', 'CGG', 'CGT']	Q	R	0.013652	#d1dae9ff	1.0
440	AAT	['AGA', 'AGG', 'CGA', 'CGG', 'CGT']	N	R	0.009873	#dcddddff	0.0
444	AAG	['AGA', 'AGG', 'CGA', 'CGC', 'CGG', 'CGT']	K	R	0.014853	#c3d5f4ff	2.0
446	GGT	['AGA', 'AGG', 'CGA', 'CGC', 'CGG', 'CGT']	G	R	0.009954	#d44e41ff	-2.0
452	CTG	['AGG', 'CGA', 'CGC', 'CGG', 'CGT']	L	R	0.004644	#d44e41ff	-2.0
458	AAG	['AGA', 'AGG', 'CGA', 'CGG', 'CGT']	K	R	0.018119	#c3d5f4ff	2.0
460	AAT	['AGA', 'AGG', 'CGA', 'CGC', 'CGG', 'CGT']	N	R	0.001648	#dcddddff	0.0
462	AAA	['AGA', 'AGG', 'CGA', 'CGC', 'CGG', 'CGT']	K	R	0.033589	#c3d5f4ff	2.0
474	CAG	['AGG', 'CGA', 'CGC', 'CGG', 'CGT']	Q	R	0.009164	#d1dae9ff	1.0
478	ACA	['AGA', 'AGG', 'CGA']	T	R	0.020339	#e0654fff	-1.0
493	CAA	['AGA', 'AGG', 'CGA', 'CGC', 'CGG', 'CGT']	Q	R	0.155221	#d1dae9ff	1.0
498	CAA	['AGA', 'AGG', 'CGA', 'CGC', 'CGG', 'CGT']	Q	R	0.991100	#d1dae9ff	1.0
513	CTT	['AGA', 'AGG', 'CGA', 'CGC', 'CGG', 'CGT']	L	R	0.001024	#d44e41ff	-2.0
340	GAA	['AAA', 'AAG']	E	K	0.001580	#d1dae9ff	1.0
346	AGA	['AAA', 'AAG']	R	K	0.004941	#c3d5f4ff	2.0
354	AAC	['AAA', 'AAG']	N	K	0.009102	#dcddddff	0.0
357	AGA	['AAA', 'AAG']	R	K	0.002459	#c3d5f4ff	2.0
360	AAC	['AAA', 'AAG']	N	K	0.005122	#dcddddff	0.0
370	AAT	['AAA', 'AAG']	N	K	0.017402	#dcddddff	0.0
388	AAT	['AAA', 'AAG']	N	K	0.008407	#dcddddff	0.0
394	AAT	['AAA', 'AAG']	N	K	0.002885	#dcddddff	0.0
408	AGA	['AAA', 'AAG']	R	K	0.005069	#c3d5f4ff	2.0
409	CAA	['AAA', 'AAG']	Q	K	0.001098	#d1dae9ff	1.0
414	CAA	['AAA', 'AAG']	Q	K	0.001850	#d1dae9ff	1.0
440	AAT	['AAA', 'AAG']	N	K	0.946083	#dcddddff	0.0
450	AAT	['AAA', 'AAG']	N	K	0.001428	#dcddddff	0.0
452	CTG	['AAA', 'AAG']	L	K	0.002485	#d44e41ff	-2.0
457	AGG	['AAA', 'AAG']	R	K	0.001049	#c3d5f4ff	2.0
460	AAT	['AAA', 'AAG']	N	K	0.228176	#dcddddff	0.0
466	AGA	['AAA', 'AAG']	R	K	0.002216	#c3d5f4ff	2.0
471	GAA	['AAA', 'AAG']	E	K	0.002407	#d1dae9ff	1.0
478	ACA	['AAA', 'AAG']	T	K	0.917319	#e0654fff	-1.0
481	AAT	['AAA', 'AAG']	N	K	0.007969	#dcddddff	0.0
484	GAA	['AAA', 'AAG']	E	K	0.019593	#d1dae9ff	1.0
487	AAT	['AAA', 'AAG']	N	K	0.001491	#dcddddff	0.0
339	GGT	['GAA', 'GAG']	G	E	0.014094	#d44e41ff	-2.0
356	AAG	['GAA', 'GAG']	K	E	0.007805	#d1dae9ff	1.0
360	AAC	['GAA', 'GAG']	N	E	0.001112	#dcddddff	0.0
364	GAT	['GAA', 'GAG']	D	E	0.002133	#c3d5f4ff	2.0
378	AAG	['GAA', 'GAG']	K	E	0.003843	#d1dae9ff	1.0
386	AAA	['GAA', 'GAG']	K	E	0.021921	#d1dae9ff	1.0
389	GAT	['GAA', 'GAG']	D	E	0.022162	#c3d5f4ff	2.0
398	GAT	['GAA', 'GAG']	D	E	0.003357	#c3d5f4ff	2.0
405	GAT	['GAA', 'GAG']	D	E	0.010700	#c3d5f4ff	2.0
414	CAA	['GAA', 'GAG']	Q	E	0.006278	#c3d5f4ff	2.0
440	AAT	['GAA', 'GAG']	N	E	0.018212	#dcddddff	0.0
444	AAG	['GAA', 'GAG']	K	E	0.024533	#d1dae9ff	1.0
458	AAG	['GAA', 'GAG']	K	E	0.018620	#d1dae9ff	1.0
462	AAA	['GAA', 'GAG']	K	E	0.022351	#d1dae9ff	1.0
478	ACA	['GAA', 'GAG']	T	E	0.018540	#e0654fff	-1.0
503	GTT	['GAA', 'GAG']	V	E	0.001331	#d44e41ff	-2.0
356	AAG	['CAA', 'CAG']	K	Q	0.003458	#d1dae9ff	1.0
373	TCA	['CAA', 'CAG']	S	Q	0.001332	#dcddddff	0.0
378	AAG	['CAA', 'CAG']	K	Q	0.005181	#d1dae9ff	1.0
406	GAA	['CAA', 'CAG']	E	Q	0.002509	#c3d5f4ff	2.0
440	AAT	['CAA', 'CAG']	N	Q	0.001875	#dcddddff	0.0
444	AAG	['CAA', 'CAG']	K	Q	0.004894	#d1dae9ff	1.0
452	CTG	['CAA', 'CAG']	L	Q	0.038541	#d44e41ff	-2.0
458	AAG	['CAA', 'CAG']	K	Q	0.001857	#d1dae9ff	1.0
462	AAA	['CAA', 'CAG']	K	Q	0.001664	#d1dae9ff	1.0
478	ACA	['CAA', 'CAG']	T	Q	0.001051	#e0654fff	-1.0
339	GGT	['GAC', 'GAT']	G	D	0.939543	#e0654fff	-1.0
340	GAA	['GAC', 'GAT']	E	D	0.012825	#c3d5f4ff	2.0
343	AAC	['GAC', 'GAT']	N	D	0.002517	#d1dae9ff	1.0
352	GCT	['GAC', 'GAT']	A	D	0.001227	#d44e41ff	-2.0
354	AAC	['GAC', 'GAT']	N	D	0.066196	#d1dae9ff	1.0
360	AAC	['GAC', 'GAT']	N	D	0.028414	#d1dae9ff	1.0
362	GTT	['GAC', 'GAT']	V	D	0.004433	#c43032ff	-3.0
367	GTC	['GAC', 'GAT']	V	D	0.003928	#c43032ff	-3.0
370	AAT	['GAC', 'GAT']	N	D	0.011246	#d1dae9ff	1.0
388	AAT	['GAC', 'GAT']	N	D	0.013410	#d1dae9ff	1.0
394	AAT	['GAC', 'GAT']	N	D	0.008565	#d1dae9ff	1.0
396	TAT	['GAC', 'GAT']	Y	D	0.001136	#c43032ff	-3.0
406	GAA	['GAC', 'GAT']	E	D	0.005971	#c3d5f4ff	2.0
417	AAG	['GAC', 'GAT']	K	D	0.002360	#e0654fff	-1.0
448	AAT	['GAC', 'GAT']	N	D	0.001362	#d1dae9ff	1.0
450	AAT	['GAC', 'GAT']	N	D	0.027513	#d1dae9ff	1.0
460	AAT	['GAC', 'GAT']	N	D	0.003239	#d1dae9ff	1.0
471	GAA	['GAC', 'GAT']	E	D	0.021352	#c3d5f4ff	2.0
477	AGC	['GAC', 'GAT']	S	D	0.006136	#dcddddff	0.0
481	AAT	['GAC', 'GAT']	N	D	0.016426	#d1dae9ff	1.0
482	GGT	['GAC', 'GAT']	G	D	0.007095	#e0654fff	-1.0
483	GTT	['GAC', 'GAT']	V	D	0.009671	#c43032ff	-3.0
501	AAT	['GAC', 'GAT']	N	D	0.001349	#d1dae9ff	1.0
503	GTT	['GAC', 'GAT']	V	D	0.012443	#c43032ff	-3.0
504	GGT	['GAC', 'GAT']	G	D	0.001427	#e0654fff	-1.0
508	TAC	['GAC', 'GAT']	Y	D	0.004594	#c43032ff	-3.0
339	GGT	['AAC', 'AAT']	G	N	0.002915	#dcddddff	0.0
345	ACC	['AAC', 'AAT']	T	N	0.002700	#dcddddff	0.0
359	AGC	['AAC', 'AAT']	S	N	0.006734	#d1dae9ff	1.0
364	GAT	['AAC', 'AAT']	D	N	0.005763	#d1dae9ff	1.0
369	TAT	['AAC', 'AAT']	Y	N	0.006972	#d44e41ff	-2.0
376	ACT	['AAC', 'AAT']	T	N	0.002098	#dcddddff	0.0
385	ACT	['AAC', 'AAT']	T	N	0.002242	#dcddddff	0.0
386	AAA	['AAC', 'AAT']	K	N	0.002499	#dcddddff	0.0
389	GAT	['AAC', 'AAT']	D	N	0.002845	#d1dae9ff	1.0
396	TAT	['AAC', 'AAT']	Y	N	0.005157	#d44e41ff	-2.0
405	GAT	['AAC', 'AAT']	D	N	0.001554	#d1dae9ff	1.0
417	AAG	['AAC', 'AAT']	K	N	0.469955	#dcddddff	0.0
444	AAG	['AAC', 'AAT']	K	N	0.001106	#dcddddff	0.0
446	GGT	['AAC', 'AAT']	G	N	0.005034	#dcddddff	0.0
458	AAG	['AAC', 'AAT']	K	N	0.001782	#dcddddff	0.0
462	AAA	['AAC', 'AAT']	K	N	0.005160	#dcddddff	0.0
468	ATT	['AAC', 'AAT']	I	N	0.003956	#c43032ff	-3.0
470	ACT	['AAC', 'AAT']	T	N	0.003710	#dcddddff	0.0
471	GAA	['AAC', 'AAT']	E	N	0.001479	#dcddddff	0.0
477	AGC	['AAC', 'AAT']	S	N	0.951276	#d1dae9ff	1.0
478	ACA	['AAC', 'AAT']	T	N	0.003989	#dcddddff	0.0
343	AAC	['ACA', 'ACC', 'ACG', 'ACT']	N	T	0.003604	#dcddddff	0.0
344	GCC	['ACA', 'ACC', 'ACG', 'ACT']	A	T	0.004805	#dcddddff	0.0
348	GCA	['ACA', 'ACC', 'ACG', 'ACT']	A	T	0.001424	#dcddddff	0.0
349	TCT	['ACA', 'ACC', 'ACG', 'ACT']	S	T	0.001096	#d1dae9ff	1.0
352	GCT	['ACA', 'ACC', 'ACG', 'ACT']	A	T	0.001977	#dcddddff	0.0
354	AAC	['ACA', 'ACC', 'ACG', 'ACT']	N	T	0.005972	#dcddddff	0.0
356	AAG	['ACA', 'ACC', 'ACG', 'ACT']	K	T	0.004577	#e0654fff	-1.0
357	AGA	['ACA', 'ACC', 'ACG']	R	T	0.001219	#e0654fff	-1.0
359	AGC	['ACA', 'ACC', 'ACT']	S	T	0.005893	#d1dae9ff	1.0
360	AAC	['ACA', 'ACC', 'ACG', 'ACT']	N	T	0.002263	#dcddddff	0.0
361	TGT	['ACA', 'ACC', 'ACG', 'ACT']	C	T	0.001078	#e0654fff	-1.0
363	GCT	['ACA', 'ACC', 'ACG', 'ACT']	A	T	0.005415	#dcddddff	0.0
366	TCT	['ACA', 'ACC', 'ACT']	S	T	0.002081	#d1dae9ff	1.0
370	AAT	['ACA', 'ACC', 'ACG', 'ACT']	N	T	0.001674	#dcddddff	0.0
372	GCA	['ACA', 'ACC', 'ACG', 'ACT']	A	T	0.005698	#dcddddff	0.0
375	TCC	['ACA', 'ACC', 'ACG', 'ACT']	S	T	0.004916	#d1dae9ff	1.0
378	AAG	['ACA', 'ACC', 'ACG', 'ACT']	K	T	0.003472	#e0654fff	-1.0
383	TCT	['ACA', 'ACC', 'ACG', 'ACT']	S	T	0.006386	#d1dae9ff	1.0
394	AAT	['ACC', 'ACG', 'ACT']	N	T	0.004365	#dcddddff	0.0
397	GCA	['ACA', 'ACC', 'ACG', 'ACT']	A	T	0.001069	#dcddddff	0.0
399	TCA	['ACA', 'ACC', 'ACG', 'ACT']	S	T	0.005588	#d1dae9ff	1.0
408	AGA	['ACA', 'ACC', 'ACG', 'ACT']	R	T	0.001331	#e0654fff	-1.0
411	GCT	['ACA', 'ACC', 'ACG', 'ACT']	A	T	0.001514	#dcddddff	0.0
417	AAG	['ACA', 'ACC', 'ACG', 'ACT']	K	T	0.009824	#e0654fff	-1.0
437	AAT	['ACA', 'ACC', 'ACG', 'ACT']	N	T	0.002651	#dcddddff	0.0
438	TCT	['ACA', 'ACC', 'ACT']	S	T	0.003918	#d1dae9ff	1.0
439	AAC	['ACA', 'ACC', 'ACG', 'ACT']	N	T	0.004484	#dcddddff	0.0
440	AAT	['ACA', 'ACC', 'ACG', 'ACT']	N	T	0.005887	#dcddddff	0.0
444	AAG	['ACA', 'ACC', 'ACG', 'ACT']	K	T	0.003014	#e0654fff	-1.0
448	AAT	['ACA', 'ACC', 'ACG', 'ACT']	N	T	0.001191	#dcddddff	0.0
450	AAT	['ACA', 'ACC', 'ACG', 'ACT']	N	T	0.001431	#dcddddff	0.0
458	AAG	['ACA', 'ACC', 'ACG', 'ACT']	K	T	0.001133	#e0654fff	-1.0
459	TCT	['ACA', 'ACC', 'ACG', 'ACT']	S	T	0.007036	#d1dae9ff	1.0
460	AAT	['ACA', 'ACC', 'ACG', 'ACT']	N	T	0.004019	#dcddddff	0.0
462	AAA	['ACA', 'ACC', 'ACG', 'ACT']	K	T	0.002311	#e0654fff	-1.0
468	ATT	['ACA', 'ACC', 'ACG', 'ACT']	I	T	0.055141	#e0654fff	-1.0
469	TCA	['ACA', 'ACC', 'ACG', 'ACT']	S	T	0.009155	#d1dae9ff	1.0
472	ATC	['ACA', 'ACC', 'ACG', 'ACT']	I	T	0.004195	#e0654fff	-1.0
475	GCC	['ACA', 'ACC', 'ACG', 'ACT']	A	T	0.001539	#dcddddff	0.0
477	AGC	['ACA', 'ACC', 'ACT']	S	T	0.001140	#d1dae9ff	1.0
484	GAA	['ACA', 'ACC', 'ACG', 'ACT']	E	T	0.007217	#e0654fff	-1.0
494	TCA	['ACA', 'ACC', 'ACG']	S	T	0.002932	#d1dae9ff	1.0
514	TCT	['ACC', 'ACG', 'ACT']	S	T	0.005819	#d1dae9ff	1.0
343	AAC	['AGC', 'AGT', 'TCC', 'TCT']	N	S	0.009460	#d1dae9ff	1.0
344	GCC	['AGC', 'TCA', 'TCC', 'TCG', 'TCT']	A	S	0.002437	#d1dae9ff	1.0
345	ACC	['AGC', 'AGT', 'TCA', 'TCC', 'TCT']	T	S	0.013875	#d1dae9ff	1.0
346	AGA	['AGC', 'AGT']	R	S	0.009932	#e0654fff	-1.0
351	TAT	['AGT', 'TCA', 'TCC', 'TCG', 'TCT']	Y	S	0.005090	#d44e41ff	-2.0
354	AAC	['AGC', 'AGT', 'TCC']	N	S	0.052654	#d1dae9ff	1.0
357	AGA	['AGC', 'AGT']	R	S	0.004991	#e0654fff	-1.0
360	AAC	['AGC', 'AGT', 'TCA', 'TCC']	N	S	0.018436	#d1dae9ff	1.0
365	TAT	['AGT', 'TCA', 'TCC', 'TCG', 'TCT']	Y	S	0.001953	#d44e41ff	-2.0
369	TAT	['AGC', 'AGT', 'TCA', 'TCC', 'TCG', 'TCT']	Y	S	0.003164	#d44e41ff	-2.0
370	AAT	['AGC', 'AGT', 'TCT']	N	S	0.018239	#d1dae9ff	1.0
372	GCA	['TCA', 'TCC', 'TCG', 'TCT']	A	S	0.004185	#d1dae9ff	1.0
374	TTT	['AGT', 'TCA', 'TCC', 'TCG', 'TCT']	F	S	0.060268	#d44e41ff	-2.0
376	ACT	['AGC', 'AGT', 'TCA', 'TCC', 'TCG', 'TCT']	T	S	0.006079	#d1dae9ff	1.0
377	TTT	['AGT', 'TCA', 'TCC', 'TCG', 'TCT']	F	S	0.002829	#d44e41ff	-2.0
380	TAT	['TCC', 'TCT']	Y	S	0.003430	#d44e41ff	-2.0
384	CCT	['AGT', 'TCA', 'TCC', 'TCG', 'TCT']	P	S	0.002575	#e0654fff	-1.0
385	ACT	['AGC', 'AGT', 'TCA', 'TCC', 'TCG', 'TCT']	T	S	0.008704	#d1dae9ff	1.0
387	TTA	['TCA', 'TCC', 'TCG', 'TCT']	L	S	0.001467	#d44e41ff	-2.0
388	AAT	['AGC', 'AGT', 'TCT']	N	S	0.023422	#d1dae9ff	1.0
391	TGC	['AGC', 'AGT', 'TCA', 'TCC', 'TCG', 'TCT']	C	S	0.017991	#e0654fff	-1.0
392	TTT	['AGT', 'TCA', 'TCC', 'TCG', 'TCT']	F	S	0.004362	#d44e41ff	-2.0
393	ACT	['AGC', 'AGT', 'TCA', 'TCC', 'TCG', 'TCT']	T	S	0.003157	#d1dae9ff	1.0
394	AAT	['AGC', 'AGT', 'TCT']	N	S	0.031002	#d1dae9ff	1.0
402	ATT	['AGC', 'AGT']	I	S	0.002396	#d44e41ff	-2.0
403	AGA	['AGC', 'AGT']	R	S	0.001836	#e0654fff	-1.0
408	AGA	['AGC', 'AGT']	R	S	0.009705	#e0654fff	-1.0
410	ATC	['AGC', 'AGT', 'TCC']	I	S	0.001517	#d44e41ff	-2.0
411	GCT	['AGT', 'TCA', 'TCC', 'TCG', 'TCT']	A	S	0.002110	#d1dae9ff	1.0
415	ACT	['AGC', 'AGT', 'TCA', 'TCC', 'TCG', 'TCT']	T	S	0.003677	#d1dae9ff	1.0
417	AAG	['AGC', 'AGT', 'TCG', 'TCT']	K	S	0.012614	#dcddddff	0.0
418	ATT	['AGC', 'AGT']	I	S	0.001693	#d44e41ff	-2.0
437	AAT	['AGC', 'AGT', 'TCT']	N	S	0.001520	#d1dae9ff	1.0
446	GGT	['AGC', 'AGT', 'TCC', 'TCT']	G	S	0.690874	#dcddddff	0.0
449	TAT	['TCA', 'TCC', 'TCG', 'TCT']	Y	S	0.002314	#d44e41ff	-2.0
450	AAT	['AGC', 'AGT', 'TCC', 'TCT']	N	S	0.006912	#d1dae9ff	1.0
451	TAC	['AGC', 'TCA', 'TCC', 'TCT']	Y	S	0.005389	#d44e41ff	-2.0
453	TAT	['TCA', 'TCC', 'TCG', 'TCT']	Y	S	0.005968	#d44e41ff	-2.0
455	TTG	['TCA', 'TCC', 'TCG', 'TCT']	L	S	0.035112	#d44e41ff	-2.0
460	AAT	['AGC', 'AGT', 'TCC', 'TCG', 'TCT']	N	S	0.009692	#d1dae9ff	1.0
463	CCT	['AGT', 'TCA', 'TCC', 'TCT']	P	S	0.001180	#e0654fff	-1.0
464	TTT	['TCA', 'TCC', 'TCG', 'TCT']	F	S	0.005963	#d44e41ff	-2.0
466	AGA	['AGC', 'AGT']	R	S	0.002140	#e0654fff	-1.0
470	ACT	['AGC', 'AGT', 'TCA', 'TCC', 'TCG', 'TCT']	T	S	0.005724	#d1dae9ff	1.0
473	TAT	['TCA', 'TCC', 'TCT']	Y	S	0.004276	#d44e41ff	-2.0
476	GGT	['AGC', 'AGT']	G	S	0.006702	#dcddddff	0.0
479	CCT	['TCA', 'TCC', 'TCG', 'TCT']	P	S	0.002889	#e0654fff	-1.0
481	AAT	['AGC', 'AGT']	N	S	0.011296	#d1dae9ff	1.0
482	GGT	['AGC', 'AGT', 'TCT']	G	S	0.003002	#dcddddff	0.0
484	GAA	['AGC', 'TCA', 'TCC', 'TCG', 'TCT']	E	S	0.002606	#dcddddff	0.0
485	GGT	['AGC', 'AGT', 'TCT']	G	S	0.001066	#dcddddff	0.0
486	TTT	['AGT', 'TCA', 'TCC', 'TCG', 'TCT']	F	S	0.002644	#d44e41ff	-2.0
490	TTT	['AGT', 'TCA', 'TCC', 'TCG', 'TCT']	F	S	0.024602	#d44e41ff	-2.0
496	GGT	['AGC', 'AGT']	G	S	0.791090	#dcddddff	0.0
500	ACT	['AGC', 'AGT', 'TCA', 'TCC', 'TCG', 'TCT']	T	S	0.004638	#d1dae9ff	1.0
504	GGT	['AGC', 'AGT']	G	S	0.001403	#dcddddff	0.0
343	AAC	['CAC', 'CAT']	N	H	0.004678	#d1dae9ff	1.0
351	TAT	['CAC', 'CAT']	Y	H	0.007266	#c3d5f4ff	2.0
354	AAC	['CAC', 'CAT']	N	H	0.008088	#d1dae9ff	1.0
360	AAC	['CAC', 'CAT']	N	H	0.005349	#d1dae9ff	1.0
365	TAT	['CAC', 'CAT']	Y	H	0.004593	#c3d5f4ff	2.0
369	TAT	['CAC', 'CAT']	Y	H	0.023756	#c3d5f4ff	2.0
370	AAT	['CAC', 'CAT']	N	H	0.003945	#d1dae9ff	1.0
371	TCC	['CAC', 'CAT']	S	H	0.009291	#e0654fff	-1.0
384	CCT	['CAC', 'CAT']	P	H	0.003342	#d44e41ff	-2.0
390	CTC	['CAC', 'CAT']	L	H	0.002978	#c43032ff	-3.0
396	TAT	['CAC', 'CAT']	Y	H	0.004023	#c3d5f4ff	2.0
417	AAG	['CAC', 'CAT']	K	H	0.005945	#e0654fff	-1.0
437	AAT	['CAC', 'CAT']	N	H	0.004807	#d1dae9ff	1.0
439	AAC	['CAC', 'CAT']	N	H	0.003289	#d1dae9ff	1.0
441	CTT	['CAC', 'CAT']	L	H	0.002406	#c43032ff	-3.0
448	AAT	['CAC', 'CAT']	N	H	0.002070	#d1dae9ff	1.0
449	TAT	['CAC', 'CAT']	Y	H	0.003417	#c3d5f4ff	2.0
450	AAT	['CAC', 'CAT']	N	H	0.001995	#d1dae9ff	1.0
451	TAC	['CAC', 'CAT']	Y	H	0.004790	#c3d5f4ff	2.0
453	TAT	['CAC', 'CAT']	Y	H	0.005569	#c3d5f4ff	2.0
460	AAT	['CAC', 'CAT']	N	H	0.003753	#d1dae9ff	1.0
473	TAT	['CAC', 'CAT']	Y	H	0.005374	#c3d5f4ff	2.0
479	CCT	['CAC', 'CAT']	P	H	0.001104	#d44e41ff	-2.0
493	CAA	['CAC', 'CAT']	Q	H	0.002011	#dcddddff	0.0
505	TAC	['CAC', 'CAT']	Y	H	0.952939	#c3d5f4ff	2.0
508	TAC	['CAC', 'CAT']	Y	H	0.017675	#c3d5f4ff	2.0
356	AAG	ATG	K	M	0.003334	#e0654fff	-1.0
358	ATC	ATG	I	M	0.003206	#d1dae9ff	1.0
378	AAG	ATG	K	M	0.002557	#e0654fff	-1.0
382	GTG	ATG	V	M	0.001351	#d1dae9ff	1.0
402	ATT	ATG	I	M	0.002878	#d1dae9ff	1.0
417	AAG	ATG	K	M	0.001754	#e0654fff	-1.0
418	ATT	ATG	I	M	0.002896	#d1dae9ff	1.0
440	AAT	ATG	N	M	0.004535	#d44e41ff	-2.0
444	AAG	ATG	K	M	0.007889	#e0654fff	-1.0
452	CTG	ATG	L	M	0.004729	#c3d5f4ff	2.0
455	TTG	ATG	L	M	0.007753	#c3d5f4ff	2.0
458	AAG	ATG	K	M	0.003158	#e0654fff	-1.0
468	ATT	ATG	I	M	0.004997	#d1dae9ff	1.0
345	ACC	['CCA', 'CCC', 'CCG', 'CCT']	T	P	0.005190	#e0654fff	-1.0
348	GCA	['CCA', 'CCC', 'CCG', 'CCT']	A	P	0.017577	#e0654fff	-1.0
349	TCT	['CCA', 'CCC', 'CCG', 'CCT']	S	P	0.009996	#e0654fff	-1.0
363	GCT	['CCA', 'CCC', 'CCG', 'CCT']	A	P	0.002896	#e0654fff	-1.0
366	TCT	['CCA', 'CCC', 'CCG', 'CCT']	S	P	0.003306	#e0654fff	-1.0
368	CTA	['CCA', 'CCC', 'CCG', 'CCT']	L	P	0.001054	#c43032ff	-3.0
371	TCC	['CCA', 'CCC', 'CCG', 'CCT']	S	P	0.006909	#e0654fff	-1.0
372	GCA	['CCA', 'CCC', 'CCG', 'CCT']	A	P	0.005926	#e0654fff	-1.0
373	TCA	['CCA', 'CCC', 'CCG', 'CCT']	S	P	0.974175	#e0654fff	-1.0
375	TCC	['CCA', 'CCC', 'CCG', 'CCT']	S	P	0.014401	#e0654fff	-1.0
376	ACT	['CCA', 'CCC', 'CCG', 'CCT']	T	P	0.003192	#e0654fff	-1.0
383	TCT	['CCA', 'CCC', 'CCG', 'CCT']	S	P	0.014569	#e0654fff	-1.0
390	CTC	['CCA', 'CCC', 'CCG', 'CCT']	L	P	0.002920	#c43032ff	-3.0
441	CTT	['CCA', 'CCC', 'CCG', 'CCT']	L	P	0.001852	#c43032ff	-3.0
452	CTG	['CCA', 'CCC', 'CCG', 'CCT']	L	P	0.001393	#c43032ff	-3.0
459	TCT	['CCA', 'CCC', 'CCG', 'CCT']	S	P	0.004248	#e0654fff	-1.0
470	ACT	['CCA', 'CCC', 'CCG', 'CCT']	T	P	0.002563	#e0654fff	-1.0
474	CAG	['CCA', 'CCC', 'CCG', 'CCT']	Q	P	0.001257	#e0654fff	-1.0
484	GAA	['CCA', 'CCC', 'CCG', 'CCT']	E	P	0.002274	#e0654fff	-1.0
486	TTT	['CCC', 'CCG', 'CCT']	F	P	0.001202	#b40426ff	-4.0
494	TCA	['CCA', 'CCC', 'CCG', 'CCT']	S	P	0.016942	#e0654fff	-1.0
379	TGT	TGG	C	W	0.002738	#d44e41ff	-2.0
391	TGC	TGG	C	W	0.001354	#d44e41ff	-2.0
413	GGG	TGG	G	W	0.001483	#d44e41ff	-2.0
455	TTG	TGG	L	W	0.034289	#d44e41ff	-2.0
480	TGT	TGG	C	W	0.001521	#d44e41ff	-2.0
343	AAC	['TAC', 'TAT']	N	Y	0.003548	#d44e41ff	-2.0
360	AAC	['TAC', 'TAT']	N	Y	0.003050	#d44e41ff	-2.0
361	TGT	['TAC', 'TAT']	C	Y	0.001175	#d44e41ff	-2.0
366	TCT	['TAC', 'TAT']	S	Y	0.002064	#d44e41ff	-2.0
374	TTT	['TAC', 'TAT']	F	Y	0.012053	#b5cdfaff	3.0
377	TTT	['TAC', 'TAT']	F	Y	0.001405	#b5cdfaff	3.0
391	TGC	['TAC', 'TAT']	C	Y	0.002131	#d44e41ff	-2.0
392	TTT	['TAC', 'TAT']	F	Y	0.007962	#b5cdfaff	3.0
394	AAT	['TAC', 'TAT']	N	Y	0.005377	#d44e41ff	-2.0
417	AAG	['TAC', 'TAT']	K	Y	0.049864	#d44e41ff	-2.0
450	AAT	['TAC', 'TAT']	N	Y	0.001393	#d44e41ff	-2.0
460	AAT	['TAC', 'TAT']	N	Y	0.001658	#d44e41ff	-2.0
464	TTT	['TAC', 'TAT']	F	Y	0.015693	#b5cdfaff	3.0
481	AAT	['TAC', 'TAT']	N	Y	0.002111	#d44e41ff	-2.0
490	TTT	['TAC', 'TAT']	F	Y	0.005446	#b5cdfaff	3.0
501	AAT	['TAC', 'TAT']	N	Y	0.989110	#d44e41ff	-2.0
351	TAT	['TTC', 'TTT']	Y	F	0.003204	#b5cdfaff	3.0
358	ATC	['TTC', 'TTT']	I	F	0.097589	#dcddddff	0.0
365	TAT	['TTC', 'TTT']	Y	F	0.015880	#b5cdfaff	3.0
367	GTC	['TTC', 'TTT']	V	F	0.003367	#e0654fff	-1.0
369	TAT	['TTC', 'TTT']	Y	F	0.006936	#b5cdfaff	3.0
371	TCC	['TTC', 'TTT']	S	F	0.002565	#d44e41ff	-2.0
375	TCC	['TTC', 'TTT']	S	F	0.023197	#d44e41ff	-2.0
380	TAT	['TTC', 'TTT']	Y	F	0.001107	#b5cdfaff	3.0
383	TCT	['TTC', 'TTT']	S	F	0.001189	#d44e41ff	-2.0
387	TTA	['TTC', 'TTT']	L	F	0.002160	#dcddddff	0.0
395	GTC	['TTC', 'TTT']	V	F	0.001708	#e0654fff	-1.0
396	TAT	['TTC', 'TTT']	Y	F	0.005280	#b5cdfaff	3.0
441	CTT	['TTC', 'TTT']	L	F	0.001393	#dcddddff	0.0
451	TAC	TTC	Y	F	0.001419	#b5cdfaff	3.0
453	TAT	['TTC', 'TTT']	Y	F	0.051741	#b5cdfaff	3.0
473	TAT	['TTC', 'TTT']	Y	F	0.002089	#b5cdfaff	3.0
480	TGT	['TTC', 'TTT']	C	F	0.001115	#d44e41ff	-2.0
483	GTT	['TTC', 'TTT']	V	F	0.001138	#e0654fff	-1.0
492	TTA	['TTC', 'TTT']	L	F	0.001529	#dcddddff	0.0
508	TAC	['TTC', 'TTT']	Y	F	0.008795	#b5cdfaff	3.0
339	GGT	['GTA', 'GTC', 'GTG', 'GTT']	G	V	0.005972	#c43032ff	-3.0
340	GAA	['GTA', 'GTC', 'GTG', 'GTT']	E	V	0.004811	#d44e41ff	-2.0
352	GCT	['GTA', 'GTC', 'GTG', 'GTT']	A	V	0.002411	#dcddddff	0.0
358	ATC	['GTA', 'GTC', 'GTG', 'GTT']	I	V	0.012067	#b5cdfaff	3.0
363	GCT	['GTA', 'GTC', 'GTG', 'GTT']	A	V	0.032271	#dcddddff	0.0
372	GCA	['GTA', 'GTC', 'GTG', 'GTT']	A	V	0.016441	#dcddddff	0.0
387	TTA	['GTA', 'GTC', 'GTG', 'GTT']	L	V	0.001864	#d1dae9ff	1.0
389	GAT	['GTA', 'GTC', 'GTG', 'GTT']	D	V	0.001860	#c43032ff	-3.0
392	TTT	['GTA', 'GTC', 'GTG', 'GTT']	F	V	0.005648	#e0654fff	-1.0
397	GCA	['GTA', 'GTC', 'GTG', 'GTT']	A	V	0.003065	#dcddddff	0.0
400	TTT	['GTA', 'GTC', 'GTG', 'GTT']	F	V	0.001853	#e0654fff	-1.0
402	ATT	['GTA', 'GTC', 'GTG', 'GTT']	I	V	0.050599	#b5cdfaff	3.0
410	ATC	['GTA', 'GTC', 'GTG', 'GTT']	I	V	0.008536	#b5cdfaff	3.0
417	AAG	['GTA', 'GTC', 'GTG', 'GTT']	K	V	0.005942	#d44e41ff	-2.0
418	ATT	['GTA', 'GTC', 'GTG', 'GTT']	I	V	0.003425	#b5cdfaff	3.0
441	CTT	['GTA', 'GTC', 'GTG', 'GTT']	L	V	0.002100	#d1dae9ff	1.0
456	TTT	['GTA', 'GTC', 'GTG', 'GTT']	F	V	0.004201	#e0654fff	-1.0
468	ATT	['GTA', 'GTC', 'GTG', 'GTT']	I	V	0.021777	#b5cdfaff	3.0
471	GAA	['GTA', 'GTC', 'GTG', 'GTT']	E	V	0.004445	#d44e41ff	-2.0
472	ATC	['GTA', 'GTC', 'GTT']	I	V	0.017315	#b5cdfaff	3.0
475	GCC	['GTA', 'GTC', 'GTG', 'GTT']	A	V	0.002939	#dcddddff	0.0
484	GAA	['GTA', 'GTC', 'GTG', 'GTT']	E	V	0.004923	#d44e41ff	-2.0
485	GGT	['GTC', 'GTG', 'GTT']	G	V	0.001806	#c43032ff	-3.0
486	TTT	['GTA', 'GTC', 'GTG', 'GTT']	F	V	0.002341	#e0654fff	-1.0
490	TTT	['GTA', 'GTC', 'GTG', 'GTT']	F	V	0.001195	#e0654fff	-1.0
502	GGT	['GTA', 'GTC', 'GTG', 'GTT']	G	V	0.001051	#c43032ff	-3.0
504	GGT	['GTA', 'GTC', 'GTG', 'GTT']	G	V	0.002005	#c43032ff	-3.0
515	TTT	['GTA', 'GTC', 'GTG', 'GTT']	F	V	0.001769	#e0654fff	-1.0
338	TTT	['CTA', 'CTC', 'CTG', 'CTT', 'TTA', 'TTG']	F	L	0.051560	#dcddddff	0.0
342	TTT	['CTA', 'CTC', 'CTG', 'CTT', 'TTA', 'TTG']	F	L	0.009268	#dcddddff	0.0
358	ATC	['CTA', 'CTC', 'CTG', 'CTT', 'TTA', 'TTG']	I	L	0.004015	#c3d5f4ff	2.0
367	GTC	['CTA', 'CTC', 'CTT', 'TTA', 'TTG']	V	L	0.001484	#d1dae9ff	1.0
369	TAT	['CTA', 'CTC', 'CTT', 'TTA']	Y	L	0.001152	#e0654fff	-1.0
371	TCC	['CTA', 'CTC', 'CTG', 'CTT', 'TTA', 'TTG']	S	L	0.966883	#d44e41ff	-2.0
373	TCA	['CTA', 'CTC', 'CTG', 'CTT', 'TTA', 'TTG']	S	L	0.003293	#d44e41ff	-2.0
374	TTT	['CTA', 'CTC', 'CTG', 'CTT', 'TTA', 'TTG']	F	L	0.039385	#dcddddff	0.0
375	TCC	['CTA', 'CTC', 'TTA', 'TTG']	S	L	0.004973	#d44e41ff	-2.0
377	TTT	['CTA', 'CTC', 'CTG', 'CTT', 'TTA', 'TTG']	F	L	0.020465	#dcddddff	0.0
382	GTG	['CTA', 'CTG', 'CTT', 'TTA', 'TTG']	V	L	0.001255	#d1dae9ff	1.0
384	CCT	['CTA', 'CTC', 'CTG', 'CTT', 'TTG']	P	L	0.001918	#c43032ff	-3.0
392	TTT	['CTA', 'CTC', 'CTG', 'CTT', 'TTA', 'TTG']	F	L	0.088929	#dcddddff	0.0
395	GTC	['CTA', 'CTC', 'CTT', 'TTA', 'TTG']	V	L	0.001876	#d1dae9ff	1.0
400	TTT	['CTA', 'CTC', 'CTG', 'CTT', 'TTA', 'TTG']	F	L	0.001356	#dcddddff	0.0
414	CAA	['CTA', 'CTG', 'TTA']	Q	L	0.001163	#d44e41ff	-2.0
417	AAG	['CTA', 'CTC', 'CTG', 'CTT', 'TTG']	K	L	0.001581	#d44e41ff	-2.0
456	TTT	['CTA', 'CTC', 'CTG', 'CTT', 'TTA', 'TTG']	F	L	0.053688	#dcddddff	0.0
464	TTT	['CTA', 'CTC', 'CTG', 'CTT', 'TTA', 'TTG']	F	L	0.008386	#dcddddff	0.0
468	ATT	['CTA', 'CTC', 'CTG', 'CTT']	I	L	0.001696	#c3d5f4ff	2.0
472	ATC	['CTA', 'CTC', 'CTG', 'CTT']	I	L	0.002527	#c3d5f4ff	2.0
479	CCT	['CTA', 'CTC', 'CTG', 'CTT']	P	L	0.001114	#c43032ff	-3.0
486	TTT	['CTA', 'CTC', 'CTG', 'CTT', 'TTA', 'TTG']	F	L	0.005428	#dcddddff	0.0
490	TTT	['CTA', 'CTC', 'CTG', 'CTT', 'TTA', 'TTG']	F	L	0.019411	#dcddddff	0.0
493	CAA	['CTA', 'CTC', 'CTG', 'CTT', 'TTA', 'TTG']	Q	L	0.024676	#d44e41ff	-2.0
498	CAA	['CTA', 'CTC', 'CTG', 'CTT', 'TTA', 'TTG']	Q	L	0.001466	#d44e41ff	-2.0
503	GTT	['CTA', 'CTC', 'CTG', 'CTT', 'TTA', 'TTG']	V	L	0.002198	#d1dae9ff	1.0
515	TTT	['CTA', 'CTC', 'CTG', 'CTT', 'TTA', 'TTG']	F	L	0.006828	#dcddddff	0.0
338	TTT	['ATA', 'ATC', 'ATT']	F	I	0.001799	#dcddddff	0.0
341	GTT	['ATA', 'ATC', 'ATT']	V	I	0.005011	#b5cdfaff	3.0
342	TTT	['ATC', 'ATT']	F	I	0.003735	#dcddddff	0.0
345	ACC	['ATA', 'ATC', 'ATT']	T	I	0.002545	#e0654fff	-1.0
362	GTT	['ATA', 'ATC', 'ATT']	V	I	0.003069	#b5cdfaff	3.0
365	TAT	['ATC', 'ATT']	Y	I	0.004117	#e0654fff	-1.0
367	GTC	['ATA', 'ATC', 'ATT']	V	I	0.008155	#b5cdfaff	3.0
368	CTA	['ATA', 'ATC', 'ATT']	L	I	0.011291	#c3d5f4ff	2.0
371	TCC	['ATA', 'ATC', 'ATT']	S	I	0.001807	#d44e41ff	-2.0
374	TTT	['ATA', 'ATC', 'ATT']	F	I	0.001174	#dcddddff	0.0
377	TTT	['ATA', 'ATC', 'ATT']	F	I	0.011377	#dcddddff	0.0
385	ACT	['ATA', 'ATC', 'ATT']	T	I	0.002020	#e0654fff	-1.0
386	AAA	['ATA', 'ATC', 'ATT']	K	I	0.002906	#c43032ff	-3.0
387	TTA	['ATA', 'ATC']	L	I	0.001506	#c3d5f4ff	2.0
388	AAT	['ATA', 'ATC', 'ATT']	N	I	0.001567	#c43032ff	-3.0
392	TTT	['ATC', 'ATT']	F	I	0.002395	#dcddddff	0.0
393	ACT	['ATA', 'ATC', 'ATT']	T	I	0.002798	#e0654fff	-1.0
394	AAT	['ATA', 'ATC', 'ATT']	N	I	0.021594	#c43032ff	-3.0
395	GTC	['ATA', 'ATC', 'ATT']	V	I	0.011573	#b5cdfaff	3.0
407	GTC	['ATA', 'ATC', 'ATT']	V	I	0.002313	#b5cdfaff	3.0
408	AGA	['ATA', 'ATC', 'ATT']	R	I	0.003479	#c43032ff	-3.0
417	AAG	['ATA', 'ATC', 'ATT']	K	I	0.427823	#c43032ff	-3.0
441	CTT	['ATA', 'ATC', 'ATT']	L	I	0.005817	#c3d5f4ff	2.0
445	GTT	['ATA', 'ATC', 'ATT']	V	I	0.003079	#b5cdfaff	3.0
460	AAT	['ATA', 'ATC', 'ATT']	N	I	0.002302	#c43032ff	-3.0
461	CTC	['ATA', 'ATC', 'ATT']	L	I	0.003282	#c3d5f4ff	2.0
462	AAA	['ATA', 'ATC', 'ATT']	K	I	0.002886	#c43032ff	-3.0
470	ACT	['ATA', 'ATC', 'ATT']	T	I	0.001016	#e0654fff	-1.0
477	AGC	['ATC', 'ATT']	S	I	0.001814	#d44e41ff	-2.0
478	ACA	['ATA', 'ATC', 'ATT']	T	I	0.011139	#e0654fff	-1.0
483	GTT	['ATA', 'ATC', 'ATT']	V	I	0.010051	#b5cdfaff	3.0
490	TTT	['ATA', 'ATC', 'ATT']	F	I	0.002949	#dcddddff	0.0
492	TTA	['ATA', 'ATC']	L	I	0.006272	#c3d5f4ff	2.0
503	GTT	['ATA', 'ATC', 'ATT']	V	I	0.006261	#b5cdfaff	3.0
339	GGT	['GCA', 'GCC', 'GCG', 'GCT']	G	A	0.003675	#dcddddff	0.0
340	GAA	['GCA', 'GCC', 'GCG', 'GCT']	E	A	0.004366	#e0654fff	-1.0
341	GTT	['GCA', 'GCC', 'GCG', 'GCT']	V	A	0.001104	#dcddddff	0.0
345	ACC	['GCA', 'GCC', 'GCG', 'GCT']	T	A	0.024348	#dcddddff	0.0
350	GTT	['GCA', 'GCC', 'GCG', 'GCT']	V	A	0.003554	#dcddddff	0.0
362	GTT	['GCA', 'GCC', 'GCG', 'GCT']	V	A	0.012504	#dcddddff	0.0
364	GAT	['GCA', 'GCC', 'GCG', 'GCT']	D	A	0.002804	#d44e41ff	-2.0
367	GTC	['GCA', 'GCC', 'GCG', 'GCT']	V	A	0.038504	#dcddddff	0.0
373	TCA	['GCA', 'GCC', 'GCG', 'GCT']	S	A	0.002852	#d1dae9ff	1.0
375	TCC	['GCA', 'GCC', 'GCG', 'GCT']	S	A	0.002638	#d1dae9ff	1.0
376	ACT	['GCA', 'GCC', 'GCG', 'GCT']	T	A	0.005425	#dcddddff	0.0
382	GTG	['GCA', 'GCC', 'GCG', 'GCT']	V	A	0.002557	#dcddddff	0.0
383	TCT	['GCA', 'GCC', 'GCG', 'GCT']	S	A	0.005191	#d1dae9ff	1.0
384	CCT	['GCC', 'GCG', 'GCT']	P	A	0.001138	#e0654fff	-1.0
385	ACT	['GCA', 'GCC', 'GCG', 'GCT']	T	A	0.014645	#dcddddff	0.0
393	ACT	['GCA', 'GCC', 'GCG', 'GCT']	T	A	0.010954	#dcddddff	0.0
395	GTC	['GCA', 'GCC', 'GCG', 'GCT']	V	A	0.018334	#dcddddff	0.0
399	TCA	['GCA', 'GCC', 'GCG', 'GCT']	S	A	0.003758	#d1dae9ff	1.0
415	ACT	['GCA', 'GCC', 'GCG', 'GCT']	T	A	0.011725	#dcddddff	0.0
442	GAT	['GCA', 'GCC', 'GCG', 'GCT']	D	A	0.002558	#d44e41ff	-2.0
443	TCT	['GCA', 'GCC', 'GCG', 'GCT']	S	A	0.002069	#d1dae9ff	1.0
445	GTT	['GCA', 'GCC', 'GCG', 'GCT']	V	A	0.018936	#dcddddff	0.0
459	TCT	['GCA', 'GCC', 'GCG', 'GCT']	S	A	0.001149	#d1dae9ff	1.0
465	GAG	['GCA', 'GCC', 'GCG', 'GCT']	E	A	0.001549	#e0654fff	-1.0
467	GAT	['GCA', 'GCC', 'GCG', 'GCT']	D	A	0.001758	#d44e41ff	-2.0
470	ACT	['GCA', 'GCC', 'GCG', 'GCT']	T	A	0.010506	#dcddddff	0.0
471	GAA	['GCA', 'GCC', 'GCG', 'GCT']	E	A	0.003306	#e0654fff	-1.0
483	GTT	['GCA', 'GCC', 'GCG', 'GCT']	V	A	0.040085	#dcddddff	0.0
484	GAA	['GCA', 'GCC', 'GCG', 'GCT']	E	A	0.949154	#e0654fff	-1.0
485	GGT	['GCA', 'GCC', 'GCG', 'GCT']	G	A	0.002745	#dcddddff	0.0
494	TCA	['GCA', 'GCC', 'GCG', 'GCT']	S	A	0.001997	#d1dae9ff	1.0
500	ACT	['GCA', 'GCC', 'GCG', 'GCT']	T	A	0.005217	#dcddddff	0.0
503	GTT	['GCA', 'GCC', 'GCG', 'GCT']	V	A	0.010283	#dcddddff	0.0
504	GGT	['GCA', 'GCC', 'GCG', 'GCT']	G	A	0.001188	#dcddddff	0.0
514	TCT	['GCA', 'GCC', 'GCG', 'GCT']	S	A	0.001331	#d1dae9ff	1.0
340	GAA	['GGA', 'GGC', 'GGG', 'GGT']	E	G	0.008846	#d44e41ff	-2.0
344	GCC	['GGA', 'GGC', 'GGT']	A	G	0.001783	#dcddddff	0.0
346	AGA	['GGA', 'GGC', 'GGG', 'GGT']	R	G	0.010374	#d44e41ff	-2.0
357	AGA	['GGA', 'GGC', 'GGG', 'GGT']	R	G	0.006507	#d44e41ff	-2.0
359	AGC	['GGA', 'GGC', 'GGG', 'GGT']	S	G	0.045645	#dcddddff	0.0
363	GCT	['GGA', 'GGC', 'GGG', 'GGT']	A	G	0.002203	#dcddddff	0.0
364	GAT	['GGA', 'GGC', 'GGG', 'GGT']	D	G	0.003452	#e0654fff	-1.0
367	GTC	['GGA', 'GGC', 'GGG', 'GGT']	V	G	0.002994	#c43032ff	-3.0
372	GCA	['GGA', 'GGC', 'GGG', 'GGT']	A	G	0.007751	#dcddddff	0.0
382	GTG	['GGA', 'GGC', 'GGG', 'GGT']	V	G	0.001745	#c43032ff	-3.0
389	GAT	['GGA', 'GGC', 'GGG', 'GGT']	D	G	0.033757	#e0654fff	-1.0
391	TGC	['GGA', 'GGC', 'GGG', 'GGT']	C	G	0.002724	#c43032ff	-3.0
395	GTC	['GGA', 'GGC', 'GGG', 'GGT']	V	G	0.003332	#c43032ff	-3.0
401	GTA	['GGA', 'GGC', 'GGG', 'GGT']	V	G	0.002036	#c43032ff	-3.0
405	GAT	['GGA', 'GGC', 'GGG', 'GGT']	D	G	0.012932	#e0654fff	-1.0
407	GTC	['GGA', 'GGC', 'GGG', 'GGT']	V	G	0.002736	#c43032ff	-3.0
408	AGA	['GGA', 'GGC', 'GGG', 'GGT']	R	G	0.023231	#d44e41ff	-2.0
465	GAG	['GGA', 'GGG', 'GGT']	E	G	0.006603	#d44e41ff	-2.0
471	GAA	['GGA', 'GGC', 'GGG', 'GGT']	E	G	0.020364	#d44e41ff	-2.0
475	GCC	['GGA', 'GGC', 'GGG', 'GGT']	A	G	0.002344	#dcddddff	0.0
477	AGC	['GGA', 'GGC', 'GGT']	S	G	0.004116	#dcddddff	0.0
483	GTT	['GGA', 'GGC', 'GGG', 'GGT']	V	G	0.003049	#c43032ff	-3.0
484	GAA	['GGA', 'GGC', 'GGG', 'GGT']	E	G	0.003185	#d44e41ff	-2.0
493	CAA	['GGA', 'GGC', 'GGG', 'GGT']	Q	G	0.023128	#d44e41ff	-2.0
503	GTT	['GGA', 'GGC', 'GGG', 'GGT']	V	G	0.003649	#c43032ff	-3.0
510	GTA	['GGA', 'GGC', 'GGG', 'GGT']	V	G	0.001931	#c43032ff	-3.0
511	GTA	['GGA', 'GGC', 'GGG', 'GGT']	V	G	0.001724	#c43032ff	-3.0
512	GTA	['GGA', 'GGC', 'GGG', 'GGT']	V	G	0.002196	#c43032ff	-3.0
