431	GGC	['TGC', 'TGT']	G	C	0.002942	#c43032ff	-3.0
436	TGG	['TGC', 'TGT']	W	C	0.002501	#d44e41ff	-2.0
438	TCT	['TGC', 'TGT']	S	C	0.009998	#e0654fff	-1.0
443	TCT	['TGC', 'TGT']	S	C	0.002836	#e0654fff	-1.0
446	GGT	['TGC', 'TGT']	G	C	0.003312	#c43032ff	-3.0
447	GGT	['TGC', 'TGT']	G	C	0.001361	#c43032ff	-3.0
476	GGT	['TGC', 'TGT']	G	C	0.002557	#c43032ff	-3.0
482	GGT	['TGC', 'TGT']	G	C	0.001283	#c43032ff	-3.0
485	GGT	TGT	G	C	0.002807	#c43032ff	-3.0
496	GGT	['TGC', 'TGT']	G	C	0.001068	#c43032ff	-3.0
502	GGT	['TGC', 'TGT']	G	C	0.001089	#c43032ff	-3.0
514	TCT	['TGC', 'TGT']	S	C	0.002782	#e0654fff	-1.0
431	GGC	['CGA', 'CGC', 'CGG']	G	R	0.001616	#d44e41ff	-2.0
432	TGC	['AGA', 'AGG', 'CGC', 'CGG', 'CGT']	C	R	0.001185	#c43032ff	-3.0
436	TGG	['AGA', 'AGG', 'CGA', 'CGC', 'CGG', 'CGT']	W	R	0.003459	#c43032ff	-3.0
446	GGT	['AGA', 'AGG', 'CGA', 'CGT']	G	R	0.001829	#d44e41ff	-2.0
447	GGT	['CGA', 'CGC', 'CGG', 'CGT']	G	R	0.001730	#d44e41ff	-2.0
458	AAG	['AGA', 'AGG']	K	R	0.001131	#c3d5f4ff	2.0
462	AAA	AGA	K	R	0.001107	#c3d5f4ff	2.0
463	CCT	['AGG', 'CGA', 'CGC', 'CGG', 'CGT']	P	R	0.001290	#d44e41ff	-2.0
474	CAG	['AGG', 'CGA', 'CGC', 'CGG', 'CGT']	Q	R	0.002556	#d1dae9ff	1.0
476	GGT	['AGA', 'CGA', 'CGC', 'CGG', 'CGT']	G	R	0.001780	#d44e41ff	-2.0
478	ACA	['AGA', 'CGA']	T	R	0.001302	#e0654fff	-1.0
479	CCT	['AGA', 'CGA', 'CGC', 'CGG', 'CGT']	P	R	0.002708	#d44e41ff	-2.0
480	TGT	['AGA', 'AGG', 'CGA', 'CGC', 'CGT']	C	R	0.001219	#c43032ff	-3.0
482	GGT	['AGA', 'CGA', 'CGC', 'CGG', 'CGT']	G	R	0.001217	#d44e41ff	-2.0
488	TGT	['AGA', 'AGG', 'CGA', 'CGC', 'CGT']	C	R	0.001094	#c43032ff	-3.0
491	CCT	['AGA', 'CGA', 'CGG', 'CGT']	P	R	0.001428	#d44e41ff	-2.0
493	CAA	['AGA', 'AGG', 'CGA', 'CGC', 'CGG', 'CGT']	Q	R	0.988339	#d1dae9ff	1.0
496	GGT	['AGA', 'AGG', 'CGG', 'CGT']	G	R	0.001909	#d44e41ff	-2.0
498	CAA	['AGA', 'AGG', 'CGA', 'CGC', 'CGG', 'CGT']	Q	R	0.990233	#d1dae9ff	1.0
499	CCC	['CGA', 'CGC', 'CGG', 'CGT']	P	R	0.002015	#d44e41ff	-2.0
502	GGT	['AGA', 'CGA', 'CGC', 'CGT']	G	R	0.001283	#d44e41ff	-2.0
504	GGT	['AGA', 'AGG', 'CGA', 'CGC', 'CGT']	G	R	0.001028	#d44e41ff	-2.0
505	TAC	['CGA', 'CGC', 'CGG']	Y	R	0.001211	#d44e41ff	-2.0
506	CAA	['AGA', 'CGA']	Q	R	0.001213	#d1dae9ff	1.0
507	CCA	['AGA', 'CGA', 'CGC', 'CGT']	P	R	0.001671	#d44e41ff	-2.0
519	CAT	['CGA', 'CGC', 'CGG', 'CGT']	H	R	0.001220	#dcddddff	0.0
521	CCA	['AGA', 'CGA', 'CGT']	P	R	0.002098	#d44e41ff	-2.0
525	TGT	['AGA', 'AGG', 'CGA', 'CGT']	C	R	0.001416	#c43032ff	-3.0
526	GGA	['AGA', 'CGA']	G	R	0.003190	#d44e41ff	-2.0
434	ATA	AAA	I	K	0.001493	#c43032ff	-3.0
437	AAT	['AAA', 'AAG']	N	K	0.001816	#dcddddff	0.0
439	AAC	['AAA', 'AAG']	N	K	0.004832	#dcddddff	0.0
440	AAT	['AAA', 'AAG']	N	K	0.988299	#dcddddff	0.0
448	AAT	['AAA', 'AAG']	N	K	0.001530	#dcddddff	0.0
450	AAT	['AAA', 'AAG']	N	K	0.001976	#dcddddff	0.0
460	AAT	['AAA', 'AAG']	N	K	0.003590	#dcddddff	0.0
466	AGA	['AAA', 'AAG']	R	K	0.001140	#c3d5f4ff	2.0
471	GAA	AAA	E	K	0.001039	#d1dae9ff	1.0
478	ACA	['AAA', 'AAG']	T	K	0.988347	#e0654fff	-1.0
481	AAT	['AAA', 'AAG']	N	K	0.001792	#dcddddff	0.0
487	AAT	['AAA', 'AAG']	N	K	0.001539	#dcddddff	0.0
506	CAA	AAA	Q	K	0.001306	#d1dae9ff	1.0
509	AGA	AAA	R	K	0.001248	#c3d5f4ff	2.0
440	AAT	GAG	N	E	0.001134	#dcddddff	0.0
442	GAT	['GAA', 'GAG']	D	E	0.001703	#c3d5f4ff	2.0
462	AAA	GAA	K	E	0.001144	#d1dae9ff	1.0
467	GAT	['GAA', 'GAG']	D	E	0.001420	#c3d5f4ff	2.0
474	CAG	['GAA', 'GAG']	Q	E	0.001187	#c3d5f4ff	2.0
478	ACA	GAA	T	E	0.001319	#e0654fff	-1.0
506	CAA	['GAA', 'GAG']	Q	E	0.001152	#c3d5f4ff	2.0
510	GTA	['GAA', 'GAG']	V	E	0.002653	#d44e41ff	-2.0
511	GTA	['GAA', 'GAG']	V	E	0.001498	#d44e41ff	-2.0
512	GTA	['GAA', 'GAG']	V	E	0.001281	#d44e41ff	-2.0
526	GGA	GAA	G	E	0.001601	#d44e41ff	-2.0
452	CTG	['CAA', 'CAG']	L	Q	0.001869	#d44e41ff	-2.0
471	GAA	['CAA', 'CAG']	E	Q	0.001052	#c3d5f4ff	2.0
505	TAC	['CAA', 'CAG']	Y	Q	0.001415	#e0654fff	-1.0
507	CCA	['CAA', 'CAG']	P	Q	0.001119	#e0654fff	-1.0
516	GAA	['CAA', 'CAG']	E	Q	0.019824	#c3d5f4ff	2.0
518	CTA	['CAA', 'CAG']	L	Q	0.001266	#d44e41ff	-2.0
519	CAT	['CAA', 'CAG']	H	Q	0.001628	#dcddddff	0.0
521	CCA	['CAA', 'CAG']	P	Q	0.001651	#e0654fff	-1.0
431	GGC	['GAC', 'GAT']	G	D	0.003333	#e0654fff	-1.0
433	GTT	GAT	V	D	0.002055	#c43032ff	-3.0
435	GCT	['GAC', 'GAT']	A	D	0.001598	#d44e41ff	-2.0
445	GTT	['GAC', 'GAT']	V	D	0.001111	#c43032ff	-3.0
447	GGT	['GAC', 'GAT']	G	D	0.001757	#e0654fff	-1.0
465	GAG	['GAC', 'GAT']	E	D	0.001669	#c3d5f4ff	2.0
471	GAA	['GAC', 'GAT']	E	D	0.001698	#c3d5f4ff	2.0
475	GCC	['GAC', 'GAT']	A	D	0.001284	#d44e41ff	-2.0
476	GGT	['GAC', 'GAT']	G	D	0.002835	#e0654fff	-1.0
482	GGT	GAT	G	D	0.002613	#e0654fff	-1.0
483	GTT	GAT	V	D	0.002058	#c43032ff	-3.0
485	GGT	['GAC', 'GAT']	G	D	0.001580	#e0654fff	-1.0
502	GGT	['GAC', 'GAT']	G	D	0.002170	#e0654fff	-1.0
503	GTT	GAT	V	D	0.001677	#c43032ff	-3.0
504	GGT	['GAC', 'GAT']	G	D	0.002072	#e0654fff	-1.0
516	GAA	['GAC', 'GAT']	E	D	0.001415	#c3d5f4ff	2.0
519	CAT	['GAC', 'GAT']	H	D	0.001884	#e0654fff	-1.0
524	GTT	['GAC', 'GAT']	V	D	0.001236	#c43032ff	-3.0
442	GAT	AAT	D	N	0.001218	#d1dae9ff	1.0
444	AAG	['AAC', 'AAT']	K	N	0.003054	#dcddddff	0.0
446	GGT	['AAC', 'AAT']	G	N	0.003101	#dcddddff	0.0
449	TAT	['AAC', 'AAT']	Y	N	0.001115	#d44e41ff	-2.0
451	TAC	['AAC', 'AAT']	Y	N	0.001458	#d44e41ff	-2.0
453	TAT	AAT	Y	N	0.001390	#d44e41ff	-2.0
458	AAG	['AAC', 'AAT']	K	N	0.001129	#dcddddff	0.0
462	AAA	['AAC', 'AAT']	K	N	0.002361	#dcddddff	0.0
467	GAT	AAT	D	N	0.001334	#d1dae9ff	1.0
468	ATT	['AAC', 'AAT']	I	N	0.001969	#c43032ff	-3.0
470	ACT	['AAC', 'AAT']	T	N	0.001364	#dcddddff	0.0
472	ATC	['AAC', 'AAT']	I	N	0.001770	#c43032ff	-3.0
473	TAT	AAT	Y	N	0.001461	#d44e41ff	-2.0
477	AGC	['AAC', 'AAT']	S	N	0.992235	#d1dae9ff	1.0
478	ACA	['AAC', 'AAT']	T	N	0.002777	#dcddddff	0.0
489	TAC	['AAC', 'AAT']	Y	N	0.001220	#d44e41ff	-2.0
495	TAT	['AAC', 'AAT']	Y	N	0.001187	#d44e41ff	-2.0
496	GGT	AAT	G	N	0.001459	#dcddddff	0.0
500	ACT	['AAC', 'AAT']	T	N	0.001262	#dcddddff	0.0
508	TAC	['AAC', 'AAT']	Y	N	0.001591	#d44e41ff	-2.0
523	ACT	['AAC', 'AAT']	T	N	0.001170	#dcddddff	0.0
435	GCT	['ACA', 'ACC', 'ACG', 'ACT']	A	T	0.002480	#dcddddff	0.0
438	TCT	['ACA', 'ACC', 'ACT']	S	T	0.002056	#d1dae9ff	1.0
443	TCT	['ACA', 'ACC', 'ACT']	S	T	0.001560	#d1dae9ff	1.0
444	AAG	['ACA', 'ACC', 'ACG', 'ACT']	K	T	0.001463	#e0654fff	-1.0
446	GGT	['ACA', 'ACC', 'ACG', 'ACT']	G	T	0.001679	#d44e41ff	-2.0
454	AGA	['ACA', 'ACC', 'ACG', 'ACT']	R	T	0.001004	#e0654fff	-1.0
459	TCT	['ACA', 'ACC', 'ACG', 'ACT']	S	T	0.001654	#d1dae9ff	1.0
469	TCA	['ACA', 'ACC', 'ACG', 'ACT']	S	T	0.001713	#d1dae9ff	1.0
475	GCC	['ACA', 'ACC', 'ACG', 'ACT']	A	T	0.002362	#dcddddff	0.0
479	CCT	['ACA', 'ACC', 'ACG', 'ACT']	P	T	0.001332	#e0654fff	-1.0
484	GAA	['ACA', 'ACC', 'ACG', 'ACT']	E	T	0.003432	#e0654fff	-1.0
494	TCA	['ACA', 'ACG', 'ACT']	S	T	0.002105	#d1dae9ff	1.0
509	AGA	['ACA', 'ACC', 'ACT']	R	T	0.001619	#e0654fff	-1.0
514	TCT	['ACA', 'ACC', 'ACG', 'ACT']	S	T	0.002188	#d1dae9ff	1.0
520	GCA	['ACA', 'ACG', 'ACT']	A	T	0.003273	#dcddddff	0.0
522	GCA	['ACA', 'ACC', 'ACT']	A	T	0.003364	#dcddddff	0.0
527	CCT	ACT	P	T	0.001486	#e0654fff	-1.0
430	ACA	['AGC', 'AGT', 'TCA', 'TCC', 'TCG', 'TCT']	T	S	0.001288	#d1dae9ff	1.0
431	GGC	['AGC', 'TCC', 'TCT']	G	S	0.001166	#dcddddff	0.0
432	TGC	['AGC', 'AGT', 'TCA', 'TCC', 'TCG', 'TCT']	C	S	0.003173	#e0654fff	-1.0
435	GCT	['TCA', 'TCC', 'TCG', 'TCT']	A	S	0.001457	#d1dae9ff	1.0
436	TGG	['AGC', 'AGT', 'TCA', 'TCC', 'TCG', 'TCT']	W	S	0.001393	#c43032ff	-3.0
446	GGT	['AGC', 'AGT', 'TCT']	G	S	0.986821	#dcddddff	0.0
447	GGT	['AGT', 'TCT']	G	S	0.001259	#dcddddff	0.0
448	AAT	['AGC', 'AGT', 'TCT']	N	S	0.001006	#d1dae9ff	1.0
450	AAT	['AGC', 'AGT', 'TCT']	N	S	0.001024	#d1dae9ff	1.0
454	AGA	['AGC', 'AGT', 'TCA', 'TCT']	R	S	0.003098	#e0654fff	-1.0
455	TTG	['TCA', 'TCG']	L	S	0.001028	#d44e41ff	-2.0
456	TTT	['AGT', 'TCA', 'TCT']	F	S	0.001070	#d44e41ff	-2.0
457	AGG	['AGC', 'AGT', 'TCG']	R	S	0.001006	#e0654fff	-1.0
463	CCT	['AGT', 'TCA', 'TCC', 'TCG', 'TCT']	P	S	0.001514	#e0654fff	-1.0
464	TTT	['AGT', 'TCC', 'TCT']	F	S	0.001267	#d44e41ff	-2.0
466	AGA	['AGC', 'AGT', 'TCA', 'TCT']	R	S	0.002608	#e0654fff	-1.0
470	ACT	['AGC', 'AGT', 'TCA', 'TCC', 'TCG', 'TCT']	T	S	0.002224	#d1dae9ff	1.0
475	GCC	['AGC', 'TCA', 'TCC', 'TCG', 'TCT']	A	S	0.001266	#d1dae9ff	1.0
476	GGT	['AGC', 'AGT', 'TCA', 'TCT']	G	S	0.003096	#dcddddff	0.0
479	CCT	['AGT', 'TCA', 'TCC', 'TCG', 'TCT']	P	S	0.001740	#e0654fff	-1.0
480	TGT	['AGC', 'AGT', 'TCA', 'TCC', 'TCG', 'TCT']	C	S	0.002849	#e0654fff	-1.0
481	AAT	['AGT', 'TCT']	N	S	0.001327	#d1dae9ff	1.0
482	GGT	['AGT', 'TCA', 'TCT']	G	S	0.001624	#dcddddff	0.0
485	GGT	['AGT', 'TCA', 'TCT']	G	S	0.001368	#dcddddff	0.0
488	TGT	['AGC', 'AGT', 'TCA', 'TCC', 'TCG', 'TCT']	C	S	0.001897	#e0654fff	-1.0
490	TTT	['TCC', 'TCT']	F	S	0.001184	#d44e41ff	-2.0
496	GGT	['AGC', 'AGT', 'TCT']	G	S	0.989715	#dcddddff	0.0
499	CCC	['AGC', 'TCA', 'TCC', 'TCG', 'TCT']	P	S	0.002300	#e0654fff	-1.0
500	ACT	['AGC', 'AGT', 'TCA', 'TCC', 'TCG', 'TCT']	T	S	0.002605	#d1dae9ff	1.0
502	GGT	['AGC', 'AGT', 'TCA', 'TCT']	G	S	0.001596	#dcddddff	0.0
504	GGT	['AGC', 'AGT']	G	S	0.001799	#dcddddff	0.0
507	CCA	['TCA', 'TCT']	P	S	0.002062	#e0654fff	-1.0
509	AGA	['AGC', 'AGT', 'TCA']	R	S	0.001373	#e0654fff	-1.0
515	TTT	['AGT', 'TCA', 'TCC', 'TCT']	F	S	0.001093	#d44e41ff	-2.0
521	CCA	['TCA', 'TCG', 'TCT']	P	S	0.002611	#e0654fff	-1.0
522	GCA	['AGT', 'TCA', 'TCG', 'TCT']	A	S	0.001780	#d1dae9ff	1.0
523	ACT	['AGC', 'AGT', 'TCA', 'TCC', 'TCG', 'TCT']	T	S	0.004651	#d1dae9ff	1.0
525	TGT	['AGC', 'AGT', 'TCT']	C	S	0.001854	#e0654fff	-1.0
527	CCT	TCT	P	S	0.002276	#e0654fff	-1.0
441	CTT	['CAC', 'CAT']	L	H	0.001839	#c43032ff	-3.0
442	GAT	['CAC', 'CAT']	D	H	0.001813	#e0654fff	-1.0
461	CTC	['CAC', 'CAT']	L	H	0.001635	#c43032ff	-3.0
463	CCT	['CAC', 'CAT']	P	H	0.001645	#d44e41ff	-2.0
473	TAT	['CAC', 'CAT']	Y	H	0.001236	#c3d5f4ff	2.0
474	CAG	['CAC', 'CAT']	Q	H	0.002270	#dcddddff	0.0
479	CCT	['CAC', 'CAT']	P	H	0.002528	#d44e41ff	-2.0
491	CCT	['CAC', 'CAT']	P	H	0.001997	#d44e41ff	-2.0
495	TAT	['CAC', 'CAT']	Y	H	0.001126	#c3d5f4ff	2.0
499	CCC	['CAC', 'CAT']	P	H	0.002126	#d44e41ff	-2.0
505	TAC	['CAC', 'CAT']	Y	H	0.991435	#c3d5f4ff	2.0
506	CAA	['CAC', 'CAT']	Q	H	0.001574	#dcddddff	0.0
513	CTT	['CAC', 'CAT']	L	H	0.001424	#c43032ff	-3.0
517	CTT	CAT	L	H	0.002193	#c43032ff	-3.0
440	AAT	ATG	N	M	0.002271	#d44e41ff	-2.0
444	AAG	ATG	K	M	0.001890	#e0654fff	-1.0
452	CTG	ATG	L	M	0.002297	#c3d5f4ff	2.0
455	TTG	ATG	L	M	0.001723	#c3d5f4ff	2.0
457	AGG	ATG	R	M	0.001991	#e0654fff	-1.0
458	AAG	ATG	K	M	0.001886	#e0654fff	-1.0
435	GCT	['CCA', 'CCC', 'CCG', 'CCT']	A	P	0.001775	#e0654fff	-1.0
441	CTT	['CCA', 'CCC', 'CCG', 'CCT']	L	P	0.001131	#c43032ff	-3.0
452	CTG	['CCA', 'CCC', 'CCG', 'CCT']	L	P	0.002053	#c43032ff	-3.0
461	CTC	['CCA', 'CCC', 'CCT']	L	P	0.001287	#c43032ff	-3.0
469	TCA	['CCA', 'CCT']	S	P	0.001087	#e0654fff	-1.0
470	ACT	['CCA', 'CCC', 'CCG', 'CCT']	T	P	0.001436	#e0654fff	-1.0
520	GCA	['CCA', 'CCC', 'CCG', 'CCT']	A	P	0.006775	#e0654fff	-1.0
522	GCA	['CCA', 'CCC', 'CCG', 'CCT']	A	P	0.003200	#e0654fff	-1.0
432	TGC	TGG	C	W	0.003394	#d44e41ff	-2.0
432	TGC	['TAC', 'TAT']	C	Y	0.002429	#d44e41ff	-2.0
437	AAT	['TAC', 'TAT']	N	Y	0.001433	#d44e41ff	-2.0
438	TCT	['TAC', 'TAT']	S	Y	0.002948	#d44e41ff	-2.0
439	AAC	['TAC', 'TAT']	N	Y	0.003095	#d44e41ff	-2.0
442	GAT	TAT	D	Y	0.001034	#c43032ff	-3.0
443	TCT	['TAC', 'TAT']	S	Y	0.001858	#d44e41ff	-2.0
448	AAT	['TAC', 'TAT']	N	Y	0.002328	#d44e41ff	-2.0
450	AAT	TAT	N	Y	0.002152	#d44e41ff	-2.0
456	TTT	['TAC', 'TAT']	F	Y	0.001857	#b5cdfaff	3.0
459	TCT	TAT	S	Y	0.001577	#d44e41ff	-2.0
464	TTT	['TAC', 'TAT']	F	Y	0.001758	#b5cdfaff	3.0
467	GAT	['TAC', 'TAT']	D	Y	0.001531	#c43032ff	-3.0
480	TGT	TAT	C	Y	0.001809	#d44e41ff	-2.0
481	AAT	['TAC', 'TAT']	N	Y	0.001225	#d44e41ff	-2.0
486	TTT	TAT	F	Y	0.001315	#b5cdfaff	3.0
487	AAT	TAT	N	Y	0.001632	#d44e41ff	-2.0
488	TGT	TAT	C	Y	0.001430	#d44e41ff	-2.0
490	TTT	['TAC', 'TAT']	F	Y	0.002078	#b5cdfaff	3.0
497	TTC	['TAC', 'TAT']	F	Y	0.001911	#b5cdfaff	3.0
501	AAT	['TAC', 'TAT']	N	Y	0.991276	#d44e41ff	-2.0
514	TCT	['TAC', 'TAT']	S	Y	0.001792	#d44e41ff	-2.0
515	TTT	['TAC', 'TAT']	F	Y	0.001470	#b5cdfaff	3.0
519	CAT	TAT	H	Y	0.002400	#c3d5f4ff	2.0
525	TGT	['TAC', 'TAT']	C	Y	0.002148	#d44e41ff	-2.0
441	CTT	['TTC', 'TTT']	L	F	0.001634	#dcddddff	0.0
449	TAT	TTT	Y	F	0.002206	#b5cdfaff	3.0
451	TAC	['TTC', 'TTT']	Y	F	0.001303	#b5cdfaff	3.0
453	TAT	['TTC', 'TTT']	Y	F	0.001648	#b5cdfaff	3.0
455	TTG	['TTC', 'TTT']	L	F	0.001489	#dcddddff	0.0
459	TCT	['TTC', 'TTT']	S	F	0.001000	#d44e41ff	-2.0
461	CTC	['TTC', 'TTT']	L	F	0.001144	#dcddddff	0.0
468	ATT	['TTC', 'TTT']	I	F	0.001537	#dcddddff	0.0
472	ATC	['TTC', 'TTT']	I	F	0.001623	#dcddddff	0.0
473	TAT	TTT	Y	F	0.001088	#b5cdfaff	3.0
489	TAC	['TTC', 'TTT']	Y	F	0.001301	#b5cdfaff	3.0
495	TAT	['TTC', 'TTT']	Y	F	0.001741	#b5cdfaff	3.0
501	AAT	['TTC', 'TTT']	N	F	0.001216	#c43032ff	-3.0
508	TAC	['TTC', 'TTT']	Y	F	0.001186	#b5cdfaff	3.0
513	CTT	['TTC', 'TTT']	L	F	0.003332	#dcddddff	0.0
517	CTT	['TTC', 'TTT']	L	F	0.002743	#dcddddff	0.0
435	GCT	['GTA', 'GTC', 'GTT']	A	V	0.002031	#dcddddff	0.0
441	CTT	['GTA', 'GTC', 'GTG', 'GTT']	L	V	0.003477	#d1dae9ff	1.0
442	GAT	['GTA', 'GTC', 'GTG', 'GTT']	D	V	0.002155	#c43032ff	-3.0
452	CTG	['GTA', 'GTC', 'GTG', 'GTT']	L	V	0.002054	#d1dae9ff	1.0
464	TTT	['GTA', 'GTC', 'GTG', 'GTT']	F	V	0.001654	#e0654fff	-1.0
465	GAG	['GTA', 'GTC', 'GTG', 'GTT']	E	V	0.001157	#d44e41ff	-2.0
467	GAT	['GTA', 'GTC', 'GTT']	D	V	0.002430	#c43032ff	-3.0
471	GAA	['GTA', 'GTC', 'GTG', 'GTT']	E	V	0.001511	#d44e41ff	-2.0
475	GCC	['GTA', 'GTC', 'GTG', 'GTT']	A	V	0.003083	#dcddddff	0.0
482	GGT	['GTA', 'GTC', 'GTG', 'GTT']	G	V	0.001143	#c43032ff	-3.0
484	GAA	['GTA', 'GTG', 'GTT']	E	V	0.002886	#d44e41ff	-2.0
485	GGT	['GTA', 'GTC', 'GTG', 'GTT']	G	V	0.001206	#c43032ff	-3.0
502	GGT	['GTA', 'GTC', 'GTG', 'GTT']	G	V	0.001336	#c43032ff	-3.0
513	CTT	['GTA', 'GTC', 'GTG', 'GTT']	L	V	0.002405	#d1dae9ff	1.0
516	GAA	['GTA', 'GTT']	E	V	0.001037	#d44e41ff	-2.0
517	CTT	['GTA', 'GTC', 'GTT']	L	V	0.001586	#d1dae9ff	1.0
520	GCA	['GTA', 'GTC', 'GTG']	A	V	0.003748	#dcddddff	0.0
522	GCA	['GTA', 'GTG', 'GTT']	A	V	0.002964	#dcddddff	0.0
526	GGA	GTA	G	V	0.001231	#c43032ff	-3.0
433	GTT	['CTA', 'CTC', 'CTT', 'TTA']	V	L	0.002041	#d1dae9ff	1.0
434	ATA	['CTA', 'CTT', 'TTA', 'TTG']	I	L	0.002649	#c3d5f4ff	2.0
445	GTT	['CTA', 'CTC', 'CTG', 'CTT', 'TTA', 'TTG']	V	L	0.001583	#d1dae9ff	1.0
463	CCT	['CTA', 'CTC', 'CTT']	P	L	0.001079	#c43032ff	-3.0
464	TTT	['CTA', 'CTT', 'TTA', 'TTG']	F	L	0.001257	#dcddddff	0.0
474	CAG	['CTC', 'CTG', 'CTT', 'TTG']	Q	L	0.001437	#d44e41ff	-2.0
479	CCT	['CTA', 'CTC', 'CTG', 'CTT']	P	L	0.001457	#c43032ff	-3.0
486	TTT	['CTA', 'CTT', 'TTA', 'TTG']	F	L	0.001841	#dcddddff	0.0
490	TTT	['CTA', 'CTT', 'TTA', 'TTG']	F	L	0.001427	#dcddddff	0.0
491	CCT	['CTA', 'CTG', 'CTT']	P	L	0.001066	#c43032ff	-3.0
493	CAA	['CTA', 'CTC', 'CTG', 'CTT']	Q	L	0.001577	#d44e41ff	-2.0
498	CAA	['CTA', 'CTC', 'CTT', 'TTA']	Q	L	0.001410	#d44e41ff	-2.0
499	CCC	['CTA', 'CTC', 'CTG', 'CTT']	P	L	0.002118	#c43032ff	-3.0
505	TAC	['CTA', 'CTC', 'CTG', 'CTT', 'TTA']	Y	L	0.001176	#e0654fff	-1.0
506	CAA	['CTA', 'CTC', 'CTG', 'CTT', 'TTA']	Q	L	0.001307	#d44e41ff	-2.0
507	CCA	['CTA', 'CTG', 'CTT', 'TTA']	P	L	0.001442	#c43032ff	-3.0
510	GTA	['CTA', 'CTT', 'TTA']	V	L	0.002804	#d1dae9ff	1.0
511	GTA	['CTA', 'CTC', 'CTT', 'TTA', 'TTG']	V	L	0.002663	#d1dae9ff	1.0
512	GTA	['CTA', 'CTC', 'CTG', 'CTT', 'TTA', 'TTG']	V	L	0.002793	#d1dae9ff	1.0
515	TTT	['CTC', 'CTT', 'TTA', 'TTG']	F	L	0.001149	#dcddddff	0.0
519	CAT	['CTA', 'CTC', 'CTG', 'CTT']	H	L	0.001426	#c43032ff	-3.0
521	CCA	['CTA', 'CTG', 'CTT', 'TTA']	P	L	0.002521	#c43032ff	-3.0
430	ACA	['ATA', 'ATC', 'ATT']	T	I	0.002321	#e0654fff	-1.0
433	GTT	['ATA', 'ATC', 'ATT']	V	I	0.002719	#b5cdfaff	3.0
437	AAT	['ATA', 'ATC', 'ATT']	N	I	0.002141	#c43032ff	-3.0
439	AAC	['ATA', 'ATC', 'ATT']	N	I	0.001776	#c43032ff	-3.0
441	CTT	['ATA', 'ATC', 'ATT']	L	I	0.001538	#c3d5f4ff	2.0
445	GTT	['ATA', 'ATC', 'ATT']	V	I	0.001424	#b5cdfaff	3.0
448	AAT	['ATA', 'ATC', 'ATT']	N	I	0.002486	#c43032ff	-3.0
450	AAT	['ATA', 'ATC', 'ATT']	N	I	0.001553	#c43032ff	-3.0
454	AGA	['ATA', 'ATC', 'ATT']	R	I	0.001680	#c43032ff	-3.0
456	TTT	['ATA', 'ATC', 'ATT']	F	I	0.001507	#dcddddff	0.0
460	AAT	['ATA', 'ATT']	N	I	0.002142	#c43032ff	-3.0
461	CTC	['ATA', 'ATC', 'ATT']	L	I	0.001679	#c3d5f4ff	2.0
462	AAA	['ATA', 'ATC', 'ATT']	K	I	0.001377	#c43032ff	-3.0
464	TTT	['ATA', 'ATC', 'ATT']	F	I	0.001588	#dcddddff	0.0
466	AGA	['ATA', 'ATT']	R	I	0.002074	#c43032ff	-3.0
470	ACT	['ATA', 'ATC', 'ATT']	T	I	0.001728	#e0654fff	-1.0
477	AGC	['ATA', 'ATC', 'ATT']	S	I	0.001620	#d44e41ff	-2.0
478	ACA	['ATA', 'ATC', 'ATT']	T	I	0.001949	#e0654fff	-1.0
481	AAT	['ATA', 'ATC', 'ATT']	N	I	0.002883	#c43032ff	-3.0
483	GTT	['ATA', 'ATC', 'ATT']	V	I	0.001934	#b5cdfaff	3.0
486	TTT	['ATA', 'ATC', 'ATT']	F	I	0.001228	#dcddddff	0.0
487	AAT	['ATA', 'ATT']	N	I	0.001832	#c43032ff	-3.0
490	TTT	['ATA', 'ATC', 'ATT']	F	I	0.001594	#dcddddff	0.0
492	TTA	['ATA', 'ATC', 'ATT']	L	I	0.002477	#c3d5f4ff	2.0
496	GGT	['ATA', 'ATT']	G	I	0.001706	#b40426ff	-4.0
497	TTC	['ATA', 'ATC', 'ATT']	F	I	0.001789	#dcddddff	0.0
500	ACT	['ATA', 'ATT']	T	I	0.002824	#e0654fff	-1.0
503	GTT	['ATA', 'ATC', 'ATT']	V	I	0.001481	#b5cdfaff	3.0
509	AGA	['ATA', 'ATT']	R	I	0.002792	#c43032ff	-3.0
510	GTA	['ATA', 'ATT']	V	I	0.001948	#b5cdfaff	3.0
511	GTA	['ATA', 'ATT']	V	I	0.002045	#b5cdfaff	3.0
512	GTA	['ATA', 'ATT']	V	I	0.003145	#b5cdfaff	3.0
513	CTT	['ATA', 'ATC', 'ATT']	L	I	0.001046	#c3d5f4ff	2.0
515	TTT	['ATA', 'ATT']	F	I	0.001413	#dcddddff	0.0
517	CTT	['ATA', 'ATC', 'ATT']	L	I	0.001103	#c3d5f4ff	2.0
518	CTA	['ATA', 'ATT']	L	I	0.001716	#c3d5f4ff	2.0
523	ACT	['ATA', 'ATC', 'ATT']	T	I	0.002656	#e0654fff	-1.0
524	GTT	['ATA', 'ATC', 'ATT']	V	I	0.001903	#b5cdfaff	3.0
431	GGC	['GCA', 'GCC', 'GCG', 'GCT']	G	A	0.001993	#dcddddff	0.0
433	GTT	['GCA', 'GCC', 'GCT']	V	A	0.001379	#dcddddff	0.0
447	GGT	['GCA', 'GCC', 'GCG', 'GCT']	G	A	0.001446	#dcddddff	0.0
463	CCT	['GCA', 'GCC', 'GCG', 'GCT']	P	A	0.001872	#e0654fff	-1.0
476	GGT	['GCA', 'GCC', 'GCG', 'GCT']	G	A	0.001692	#dcddddff	0.0
479	CCT	['GCA', 'GCC', 'GCG', 'GCT']	P	A	0.001530	#e0654fff	-1.0
482	GGT	['GCA', 'GCG', 'GCT']	G	A	0.001332	#dcddddff	0.0
483	GTT	['GCA', 'GCC', 'GCT']	V	A	0.001204	#dcddddff	0.0
484	GAA	['GCA', 'GCC', 'GCG', 'GCT']	E	A	0.987702	#e0654fff	-1.0
499	CCC	['GCA', 'GCC', 'GCG', 'GCT']	P	A	0.001310	#e0654fff	-1.0
502	GGT	['GCA', 'GCC', 'GCG', 'GCT']	G	A	0.001432	#dcddddff	0.0
503	GTT	['GCA', 'GCC', 'GCT']	V	A	0.001264	#dcddddff	0.0
507	CCA	['GCA', 'GCC', 'GCG', 'GCT']	P	A	0.001376	#e0654fff	-1.0
521	CCA	['GCA', 'GCG', 'GCT']	P	A	0.001795	#e0654fff	-1.0
523	ACT	['GCA', 'GCG', 'GCT']	T	A	0.001180	#dcddddff	0.0
527	CCT	GCT	P	A	0.002944	#e0654fff	-1.0
435	GCT	['GGA', 'GGC', 'GGG', 'GGT']	A	G	0.007140	#dcddddff	0.0
445	GTT	['GGA', 'GGG', 'GGT']	V	G	0.001815	#c43032ff	-3.0
466	AGA	['GGA', 'GGG', 'GGT']	R	G	0.001063	#d44e41ff	-2.0
475	GCC	['GGA', 'GGC', 'GGG', 'GGT']	A	G	0.001030	#dcddddff	0.0
484	GAA	['GGA', 'GGC', 'GGG', 'GGT']	E	G	0.001945	#d44e41ff	-2.0
493	CAA	['GGA', 'GGC', 'GGG', 'GGT']	Q	G	0.002213	#d44e41ff	-2.0
509	AGA	['GGA', 'GGT']	R	G	0.001330	#d44e41ff	-2.0
520	GCA	['GGA', 'GGC', 'GGG', 'GGT']	A	G	0.001631	#dcddddff	0.0
522	GCA	['GGA', 'GGG', 'GGT']	A	G	0.001748	#dcddddff	0.0
524	GTT	['GGA', 'GGT']	V	G	0.001965	#c43032ff	-3.0
