436	TGG	['TGC', 'TGT']	W	C	0.001244	#d44e41ff	-2.0
443	TCT	['TGT', 'TGC']	S	C	0.029721	#e0654fff	-1.0
431	GGC	['CGC', 'CGG', 'CGT', 'CGA']	G	R	0.001368	#d44e41ff	-2.0
444	AAG	['AGG', 'AGA', 'CGG']	K	R	0.154279	#c3d5f4ff	2.0
446	GGT	['AGG', 'CGT', 'AGA', 'CGA']	G	R	0.001118	#d44e41ff	-2.0
452	CTG	['CGG', 'CGA', 'AGG', 'CGT', 'CGC']	L	R	0.398359	#d44e41ff	-2.0
458	AAG	AGG	K	R	0.001154	#c3d5f4ff	2.0
460	AAT	['AGA', 'AGG']	N	R	0.052018	#dcddddff	0.0
462	AAA	['AGA', 'CGA']	K	R	0.004079	#c3d5f4ff	2.0
474	CAG	['CGG', 'AGG', 'CGT']	Q	R	0.001316	#d1dae9ff	1.0
484	GAA	['AGA', 'AGG', 'CGA']	E	R	0.667621	#dcddddff	0.0
493	CAA	['CGA', 'CGG', 'CGT', 'AGA']	Q	R	0.056924	#d1dae9ff	1.0
498	CAA	['CGA', 'CGT', 'CGG', 'AGA', 'CGC', 'AGG']	Q	R	0.996395	#d1dae9ff	1.0
519	CAT	['CGT', 'CGG', 'CGC']	H	R	0.001027	#dcddddff	0.0
521	CCA	['CGA', 'CGT', 'AGA', 'CGG']	P	R	0.009435	#d44e41ff	-2.0
525	TGT	['CGT', 'CGG', 'AGG', 'AGA', 'CGC']	C	R	0.008909	#c43032ff	-3.0
527	CCT	CGT	P	R	0.021730	#d44e41ff	-2.0
434	ATA	['AAA', 'AAG']	I	K	0.001061	#c43032ff	-3.0
440	AAT	['AAG', 'AAA']	N	K	0.993966	#dcddddff	0.0
452	CTG	AAG	L	K	0.004775	#d44e41ff	-2.0
460	AAT	['AAG', 'AAA']	N	K	0.928330	#dcddddff	0.0
466	AGA	AAA	R	K	0.001481	#c3d5f4ff	2.0
478	ACA	['AAA', 'AAG']	T	K	0.993804	#e0654fff	-1.0
481	AAT	['AAA', 'AAG']	N	K	0.001064	#dcddddff	0.0
462	AAA	['GAA', 'GAG']	K	E	0.001070	#d1dae9ff	1.0
528	AAA	GAA	K	E	0.001836	#d1dae9ff	1.0
452	CTG	['CAG', 'CAA']	L	Q	0.001581	#d44e41ff	-2.0
465	GAG	['CAG', 'CAA']	E	Q	0.001826	#c3d5f4ff	2.0
518	CTA	CAA	L	Q	0.002832	#d44e41ff	-2.0
519	CAT	['CAA', 'CAG']	H	Q	0.005049	#dcddddff	0.0
521	CCA	['CAA', 'CAG']	P	Q	0.003116	#e0654fff	-1.0
450	AAT	['GAT', 'GAC']	N	D	0.564376	#d1dae9ff	1.0
471	GAA	['GAT', 'GAC']	E	D	0.004038	#c3d5f4ff	2.0
503	GTT	['GAT', 'GAC']	V	D	0.001240	#c43032ff	-3.0
516	GAA	['GAT', 'GAC']	E	D	0.002824	#c3d5f4ff	2.0
519	CAT	['GAT', 'GAC']	H	D	0.004884	#e0654fff	-1.0
458	AAG	['AAC', 'AAT']	K	N	0.001904	#dcddddff	0.0
477	AGC	['AAC', 'AAT']	S	N	0.996822	#d1dae9ff	1.0
478	ACA	['AAT', 'AAC']	T	N	0.001048	#dcddddff	0.0
519	CAT	['AAT', 'AAC']	H	N	0.001481	#d1dae9ff	1.0
444	AAG	['ACG', 'ACT', 'ACC', 'ACA']	K	T	0.271478	#e0654fff	-1.0
459	TCT	['ACT', 'ACA']	S	T	0.003026	#d1dae9ff	1.0
469	TCA	['ACA', 'ACT', 'ACC', 'ACG']	S	T	0.001243	#d1dae9ff	1.0
514	TCT	['ACT', 'ACA']	S	T	0.001190	#d1dae9ff	1.0
520	GCA	['ACA', 'ACT']	A	T	0.001928	#dcddddff	0.0
522	GCA	['ACA', 'ACT']	A	T	0.001180	#dcddddff	0.0
527	CCT	['ACT', 'ACC']	P	T	0.005485	#e0654fff	-1.0
432	TGC	['TCC', 'AGC', 'TCG', 'TCA', 'AGT', 'TCT']	C	S	0.001647	#e0654fff	-1.0
435	GCT	['TCT', 'AGT', 'TCC', 'TCA', 'TCG']	A	S	0.008763	#d1dae9ff	1.0
436	TGG	['TCG', 'AGT', 'TCC', 'TCA', 'AGC', 'TCT']	W	S	0.001165	#c43032ff	-3.0
446	GGT	['AGT', 'AGC', 'TCT']	G	S	0.542291	#dcddddff	0.0
470	ACT	['TCT', 'AGT', 'TCC', 'TCG', 'TCA']	T	S	0.003611	#d1dae9ff	1.0
476	GGT	['AGT', 'TCT', 'TCA', 'AGC']	G	S	0.001006	#dcddddff	0.0
481	AAT	['AGT', 'TCT', 'AGC', 'TCC']	N	S	0.002848	#d1dae9ff	1.0
490	TTT	['TCT', 'TCA']	F	S	0.001885	#d44e41ff	-2.0
496	GGT	['AGT', 'AGC', 'TCT']	G	S	0.202442	#dcddddff	0.0
521	CCA	['TCA', 'TCT', 'AGT']	P	S	0.002047	#e0654fff	-1.0
523	ACT	['TCT', 'AGT', 'TCA', 'AGC', 'TCG']	T	S	0.003031	#d1dae9ff	1.0
527	CCT	['TCT', 'AGT', 'TCC']	P	S	0.005973	#e0654fff	-1.0
442	GAT	['CAT', 'CAC']	D	H	0.001264	#e0654fff	-1.0
453	TAT	CAT	Y	H	0.001776	#c3d5f4ff	2.0
493	CAA	['CAC', 'CAT']	Q	H	0.001292	#dcddddff	0.0
505	TAC	['CAC', 'CAT']	Y	H	0.958899	#c3d5f4ff	2.0
508	TAC	CAC	Y	H	0.001905	#c3d5f4ff	2.0
517	CTT	['CAT', 'CAC']	L	H	0.007166	#c43032ff	-3.0
527	CCT	CAT	P	H	0.015463	#d44e41ff	-2.0
444	AAG	ATG	K	M	0.001191	#e0654fff	-1.0
452	CTG	ATG	L	M	0.562822	#c3d5f4ff	2.0
455	TTG	ATG	L	M	0.002017	#c3d5f4ff	2.0
435	GCT	['CCT', 'CCC', 'CCA', 'CCG']	A	P	0.001091	#e0654fff	-1.0
494	TCA	['CCA', 'CCT']	S	P	0.001367	#e0654fff	-1.0
518	CTA	['CCA', 'CCT', 'CCC']	L	P	0.001984	#c43032ff	-3.0
520	GCA	['CCA', 'CCT', 'CCG', 'CCC']	A	P	0.005159	#e0654fff	-1.0
522	GCA	['CCA', 'CCG', 'CCT', 'CCC']	A	P	0.007504	#e0654fff	-1.0
432	TGC	TGG	C	W	0.003333	#d44e41ff	-2.0
439	AAC	['TAC', 'TAT']	N	Y	0.001552	#d44e41ff	-2.0
490	TTT	['TAT', 'TAC']	F	Y	0.003204	#b5cdfaff	3.0
501	AAT	['TAT', 'TAC']	N	Y	0.996262	#d44e41ff	-2.0
445	GTT	['TTC', 'TTT']	V	F	0.002122	#e0654fff	-1.0
453	TAT	['TTT', 'TTC']	Y	F	0.005982	#b5cdfaff	3.0
508	TAC	TTC	Y	F	0.001071	#b5cdfaff	3.0
441	CTT	['GTT', 'GTC', 'GTA']	L	V	0.008227	#d1dae9ff	1.0
465	GAG	['GTG', 'GTT']	E	V	0.001254	#d44e41ff	-2.0
486	TTT	['GTT', 'GTC', 'GTA', 'GTG']	F	V	0.113534	#e0654fff	-1.0
490	TTT	GTT	F	V	0.003600	#e0654fff	-1.0
520	GCA	['GTA', 'GTT', 'GTG']	A	V	0.001562	#dcddddff	0.0
433	GTT	['CTT', 'TTA', 'CTA']	V	L	0.001347	#d1dae9ff	1.0
434	ATA	['TTA', 'CTA', 'TTG']	I	L	0.010510	#c3d5f4ff	2.0
524	GTT	['CTT', 'CTG', 'TTA', 'CTA']	V	L	0.001853	#d1dae9ff	1.0
527	CCT	CTT	P	L	0.064942	#c43032ff	-3.0
445	GTT	['ATT', 'ATC', 'ATA']	V	I	0.001036	#b5cdfaff	3.0
492	TTA	['ATA', 'ATT']	L	I	0.001448	#c3d5f4ff	2.0
503	GTT	['ATA', 'ATT', 'ATC']	V	I	0.001605	#b5cdfaff	3.0
518	CTA	['ATA', 'ATT', 'ATC']	L	I	0.004686	#c3d5f4ff	2.0
431	GGC	['GCC', 'GCT', 'GCG', 'GCA']	G	A	0.001625	#dcddddff	0.0
445	GTT	['GCT', 'GCC', 'GCA']	V	A	0.001732	#dcddddff	0.0
470	ACT	['GCT', 'GCA']	T	A	0.001069	#dcddddff	0.0
484	GAA	['GCA', 'GCT', 'GCG', 'GCC']	E	A	0.326819	#e0654fff	-1.0
500	ACT	['GCT', 'GCA']	T	A	0.001741	#dcddddff	0.0
503	GTT	GCT	V	A	0.002377	#dcddddff	0.0
521	CCA	['GCA', 'GCT', 'GCG']	P	A	0.001666	#e0654fff	-1.0
527	CCT	['GCT', 'GCC', 'GCA', 'GCG']	P	A	0.012979	#e0654fff	-1.0
435	GCT	['GGT', 'GGG', 'GGA', 'GGC']	A	G	0.062579	#dcddddff	0.0
471	GAA	GGA	E	G	0.001459	#d44e41ff	-2.0
493	CAA	['GGA', 'GGT', 'GGG']	Q	G	0.114350	#d44e41ff	-2.0
520	GCA	['GGA', 'GGT', 'GGC']	A	G	0.013301	#dcddddff	0.0
522	GCA	['GGA', 'GGT', 'GGG']	A	G	0.001133	#dcddddff	0.0
524	GTT	['GGT', 'GGA', 'GGG']	V	G	0.001381	#c43032ff	-3.0
