436	TGG	['TGC', 'TGT']	W	C	0.001329	#d44e41ff	-2.0
443	TCT	['TGT', 'TGC']	S	C	0.028354	#e0654fff	-1.0
482	GGT	['TGT', 'TGC']	G	C	0.001298	#c43032ff	-3.0
440	AAT	['AGG', 'AGA']	N	R	0.002024	#dcddddff	0.0
444	AAG	['AGG', 'AGA', 'CGG', 'CGC']	K	R	0.768323	#c3d5f4ff	2.0
446	GGT	['CGT', 'CGA', 'CGG', 'CGC', 'AGA']	G	R	0.001670	#d44e41ff	-2.0
452	CTG	['CGG', 'AGG', 'AGA', 'CGC', 'CGA']	L	R	0.020737	#d44e41ff	-2.0
458	AAG	['AGG', 'AGA']	K	R	0.001158	#c3d5f4ff	2.0
460	AAT	['AGG', 'AGA']	N	R	0.002151	#dcddddff	0.0
462	AAA	AGA	K	R	0.002097	#c3d5f4ff	2.0
474	CAG	['CGG', 'AGG']	Q	R	0.002318	#d1dae9ff	1.0
478	ACA	AGA	T	R	0.009168	#e0654fff	-1.0
484	GAA	['AGA', 'AGG', 'CGA']	E	R	0.812907	#dcddddff	0.0
493	CAA	['CGA', 'CGT', 'AGA', 'CGG']	Q	R	0.142018	#d1dae9ff	1.0
498	CAA	['CGA', 'AGA', 'CGG', 'CGT', 'CGC', 'AGG']	Q	R	0.997518	#d1dae9ff	1.0
499	CCC	['CGC', 'CGG', 'CGA']	P	R	0.001450	#d44e41ff	-2.0
519	CAT	['CGT', 'CGC']	H	R	0.003478	#dcddddff	0.0
521	CCA	['CGA', 'CGG', 'CGT', 'CGC', 'AGA']	P	R	0.004136	#d44e41ff	-2.0
525	TGT	['CGT', 'AGG', 'CGA', 'CGC']	C	R	0.001379	#c43032ff	-3.0
526	GGA	['CGA', 'AGA', 'CGT', 'CGG', 'AGG']	G	R	0.001171	#d44e41ff	-2.0
527	CCT	CGT	P	R	0.002160	#d44e41ff	-2.0
440	AAT	['AAG', 'AAA']	N	K	0.990557	#dcddddff	0.0
450	AAT	['AAA', 'AAG']	N	K	0.001008	#dcddddff	0.0
452	CTG	['AAG', 'AAA']	L	K	0.101393	#d44e41ff	-2.0
457	AGG	AAG	R	K	0.001210	#c3d5f4ff	2.0
460	AAT	['AAG', 'AAA']	N	K	0.986742	#dcddddff	0.0
478	ACA	['AAA', 'AAG']	T	K	0.980039	#e0654fff	-1.0
484	GAA	AAA	E	K	0.001400	#d1dae9ff	1.0
440	AAT	GAG	N	E	0.001624	#dcddddff	0.0
450	AAT	['GAA', 'GAG']	N	E	0.006769	#dcddddff	0.0
458	AAG	['GAG', 'GAA']	K	E	0.001842	#d1dae9ff	1.0
462	AAA	['GAA', 'GAG']	K	E	0.002128	#d1dae9ff	1.0
478	ACA	GAA	T	E	0.004498	#e0654fff	-1.0
520	GCA	['GAA', 'GAG']	A	E	0.003130	#e0654fff	-1.0
522	GCA	['GAA', 'GAG']	A	E	0.001013	#e0654fff	-1.0
524	GTT	['GAA', 'GAG']	V	E	0.001167	#d44e41ff	-2.0
528	AAA	GAA	K	E	0.001126	#d1dae9ff	1.0
444	AAG	CAG	K	Q	0.001104	#d1dae9ff	1.0
452	CTG	['CAG', 'CAA']	L	Q	0.017350	#d44e41ff	-2.0
471	GAA	CAA	E	Q	0.001975	#c3d5f4ff	2.0
518	CTA	['CAA', 'CAG']	L	Q	0.007077	#d44e41ff	-2.0
519	CAT	['CAA', 'CAG']	H	Q	0.005938	#dcddddff	0.0
521	CCA	['CAA', 'CAG']	P	Q	0.002088	#e0654fff	-1.0
528	AAA	CAA	K	Q	0.001284	#d1dae9ff	1.0
445	GTT	GAT	V	D	0.001142	#c43032ff	-3.0
446	GGT	GAT	G	D	0.002609	#e0654fff	-1.0
450	AAT	['GAT', 'GAC']	N	D	0.835355	#d1dae9ff	1.0
471	GAA	['GAT', 'GAC']	E	D	0.003703	#c3d5f4ff	2.0
476	GGT	['GAT', 'GAC']	G	D	0.002258	#e0654fff	-1.0
481	AAT	GAT	N	D	0.003587	#d1dae9ff	1.0
482	GGT	['GAT', 'GAC']	G	D	0.002901	#e0654fff	-1.0
502	GGT	['GAT', 'GAC']	G	D	0.001972	#e0654fff	-1.0
503	GTT	GAT	V	D	0.010451	#c43032ff	-3.0
504	GGT	['GAT', 'GAC']	G	D	0.007534	#e0654fff	-1.0
516	GAA	['GAT', 'GAC']	E	D	0.005047	#c3d5f4ff	2.0
519	CAT	['GAT', 'GAC']	H	D	0.054084	#e0654fff	-1.0
524	GTT	['GAT', 'GAC']	V	D	0.001703	#c43032ff	-3.0
468	ATT	['AAT', 'AAC']	I	N	0.001232	#c43032ff	-3.0
470	ACT	['AAT', 'AAC']	T	N	0.001393	#dcddddff	0.0
477	AGC	['AAC', 'AAT']	S	N	0.994636	#d1dae9ff	1.0
478	ACA	['AAT', 'AAC']	T	N	0.001438	#dcddddff	0.0
519	CAT	['AAT', 'AAC']	H	N	0.023420	#d1dae9ff	1.0
523	ACT	['AAT', 'AAC']	T	N	0.001976	#dcddddff	0.0
435	GCT	['ACC', 'ACT', 'ACA']	A	T	0.001956	#dcddddff	0.0
438	TCT	['ACT', 'ACA', 'ACC']	S	T	0.002679	#d1dae9ff	1.0
444	AAG	['ACG', 'ACA', 'ACT', 'ACC']	K	T	0.009222	#e0654fff	-1.0
459	TCT	['ACT', 'ACA', 'ACC']	S	T	0.008626	#d1dae9ff	1.0
462	AAA	['ACA', 'ACT']	K	T	0.002084	#e0654fff	-1.0
468	ATT	['ACT', 'ACC']	I	T	0.008129	#e0654fff	-1.0
469	TCA	['ACA', 'ACT', 'ACG']	S	T	0.002621	#d1dae9ff	1.0
475	GCC	['ACC', 'ACA', 'ACT']	A	T	0.001081	#dcddddff	0.0
484	GAA	['ACA', 'ACT']	E	T	0.001488	#e0654fff	-1.0
514	TCT	['ACT', 'ACA', 'ACC']	S	T	0.003973	#d1dae9ff	1.0
520	GCA	['ACA', 'ACT', 'ACG']	A	T	0.005322	#dcddddff	0.0
522	GCA	['ACA', 'ACG', 'ACT']	A	T	0.010377	#dcddddff	0.0
527	CCT	['ACT', 'ACG', 'ACA']	P	T	0.003230	#e0654fff	-1.0
435	GCT	['TCT', 'AGT', 'TCA', 'TCG', 'TCC', 'AGC']	A	S	0.005376	#d1dae9ff	1.0
444	AAG	['AGT', 'AGC', 'TCG']	K	S	0.003314	#dcddddff	0.0
446	GGT	['AGT', 'TCT']	G	S	0.004097	#dcddddff	0.0
451	TAC	['TCC', 'TCG']	Y	S	0.001025	#d44e41ff	-2.0
453	TAT	TCT	Y	S	0.001242	#d44e41ff	-2.0
454	AGA	['AGT', 'AGC']	R	S	0.001010	#e0654fff	-1.0
463	CCT	['TCT', 'AGT', 'TCC']	P	S	0.001815	#e0654fff	-1.0
470	ACT	['TCT', 'AGT', 'TCG', 'AGC', 'TCC', 'TCA']	T	S	0.002100	#d1dae9ff	1.0
479	CCT	['TCT', 'AGT']	P	S	0.002105	#e0654fff	-1.0
481	AAT	['AGT', 'AGC']	N	S	0.006770	#d1dae9ff	1.0
482	GGT	['AGT', 'AGC', 'TCT']	G	S	0.002147	#dcddddff	0.0
484	GAA	['AGT', 'TCT', 'TCA', 'AGC']	E	S	0.002747	#dcddddff	0.0
485	GGT	['AGT', 'TCT']	G	S	0.001179	#dcddddff	0.0
486	TTT	['TCT', 'TCC', 'AGT']	F	S	0.001772	#d44e41ff	-2.0
488	TGT	['AGT', 'TCT', 'TCC']	C	S	0.001354	#e0654fff	-1.0
490	TTT	['TCT', 'TCA', 'TCC', 'TCG']	F	S	0.198683	#d44e41ff	-2.0
496	GGT	['AGT', 'AGC', 'TCA']	G	S	0.001482	#dcddddff	0.0
499	CCC	TCC	P	S	0.001138	#e0654fff	-1.0
500	ACT	['TCT', 'AGT', 'TCA', 'TCG']	T	S	0.002598	#d1dae9ff	1.0
521	CCA	['TCA', 'TCG', 'TCT']	P	S	0.006528	#e0654fff	-1.0
522	GCA	['TCA', 'TCT', 'TCG']	A	S	0.002884	#d1dae9ff	1.0
523	ACT	['AGT', 'TCT', 'TCC', 'TCA', 'AGC']	T	S	0.004745	#d1dae9ff	1.0
527	CCT	['TCT', 'AGT', 'TCC', 'TCA']	P	S	0.010992	#e0654fff	-1.0
439	AAC	CAC	N	H	0.003547	#d1dae9ff	1.0
441	CTT	CAT	L	H	0.001861	#c43032ff	-3.0
451	TAC	['CAC', 'CAT']	Y	H	0.001194	#c3d5f4ff	2.0
473	TAT	['CAT', 'CAC']	Y	H	0.001479	#c3d5f4ff	2.0
479	CCT	['CAT', 'CAC']	P	H	0.001654	#d44e41ff	-2.0
493	CAA	['CAT', 'CAC']	Q	H	0.008960	#dcddddff	0.0
499	CCC	['CAC', 'CAT']	P	H	0.003170	#d44e41ff	-2.0
501	AAT	CAT	N	H	0.001361	#d1dae9ff	1.0
505	TAC	['CAC', 'CAT']	Y	H	0.983635	#c3d5f4ff	2.0
508	TAC	['CAC', 'CAT']	Y	H	0.089020	#c3d5f4ff	2.0
517	CTT	['CAT', 'CAC']	L	H	0.006733	#c43032ff	-3.0
527	CCT	CAT	P	H	0.007182	#d44e41ff	-2.0
434	ATA	ATG	I	M	0.004650	#d1dae9ff	1.0
440	AAT	ATG	N	M	0.001683	#d44e41ff	-2.0
444	AAG	ATG	K	M	0.002986	#e0654fff	-1.0
452	CTG	ATG	L	M	0.726105	#c3d5f4ff	2.0
455	TTG	ATG	L	M	0.010713	#c3d5f4ff	2.0
458	AAG	ATG	K	M	0.001676	#e0654fff	-1.0
460	AAT	ATG	N	M	0.006112	#d44e41ff	-2.0
468	ATT	ATG	I	M	0.003893	#d1dae9ff	1.0
478	ACA	ATG	T	M	0.001482	#e0654fff	-1.0
441	CTT	['CCT', 'CCA']	L	P	0.001036	#c43032ff	-3.0
459	TCT	['CCT', 'CCA', 'CCC']	S	P	0.001021	#e0654fff	-1.0
517	CTT	['CCT', 'CCA', 'CCC']	L	P	0.001239	#c43032ff	-3.0
519	CAT	['CCT', 'CCG', 'CCC', 'CCA']	H	P	0.001530	#d44e41ff	-2.0
520	GCA	['CCA', 'CCT', 'CCG', 'CCC']	A	P	0.005973	#e0654fff	-1.0
522	GCA	['CCA', 'CCG', 'CCC', 'CCT']	A	P	0.008044	#e0654fff	-1.0
432	TGC	TGG	C	W	0.003032	#d44e41ff	-2.0
457	AGG	TGG	R	W	0.001634	#c43032ff	-3.0
438	TCT	['TAT', 'TAC']	S	Y	0.001885	#d44e41ff	-2.0
439	AAC	['TAC', 'TAT']	N	Y	0.001989	#d44e41ff	-2.0
464	TTT	['TAT', 'TAC']	F	Y	0.047990	#b5cdfaff	3.0
480	TGT	TAT	C	Y	0.001115	#d44e41ff	-2.0
481	AAT	['TAT', 'TAC']	N	Y	0.001632	#d44e41ff	-2.0
486	TTT	['TAT', 'TAC']	F	Y	0.001523	#b5cdfaff	3.0
490	TTT	['TAT', 'TAC']	F	Y	0.054322	#b5cdfaff	3.0
501	AAT	['TAT', 'TAC']	N	Y	0.996332	#d44e41ff	-2.0
438	TCT	['TTT', 'TTC']	S	F	0.001169	#d44e41ff	-2.0
451	TAC	TTC	Y	F	0.002417	#b5cdfaff	3.0
453	TAT	['TTC', 'TTT']	Y	F	0.168066	#b5cdfaff	3.0
455	TTG	['TTC', 'TTT']	L	F	0.002426	#dcddddff	0.0
473	TAT	TTT	Y	F	0.002132	#b5cdfaff	3.0
489	TAC	TTC	Y	F	0.001401	#b5cdfaff	3.0
501	AAT	['TTT', 'TTC']	N	F	0.001287	#c43032ff	-3.0
508	TAC	['TTC', 'TTT']	Y	F	0.006178	#b5cdfaff	3.0
517	CTT	TTT	L	F	0.001883	#dcddddff	0.0
434	ATA	['GTA', 'GTT']	I	V	0.002227	#b5cdfaff	3.0
435	GCT	['GTT', 'GTC', 'GTG', 'GTA']	A	V	0.002956	#dcddddff	0.0
441	CTT	['GTT', 'GTG', 'GTC', 'GTA']	L	V	0.012994	#d1dae9ff	1.0
468	ATT	['GTT', 'GTG', 'GTA', 'GTC']	I	V	0.005164	#b5cdfaff	3.0
471	GAA	['GTA', 'GTG', 'GTT']	E	V	0.001361	#d44e41ff	-2.0
472	ATC	['GTC', 'GTA', 'GTT']	I	V	0.001708	#b5cdfaff	3.0
475	GCC	['GTC', 'GTA', 'GTT']	A	V	0.003100	#dcddddff	0.0
517	CTT	['GTT', 'GTC', 'GTA']	L	V	0.001933	#d1dae9ff	1.0
520	GCA	['GTA', 'GTC', 'GTT', 'GTG']	A	V	0.002352	#dcddddff	0.0
522	GCA	['GTA', 'GTG', 'GTT']	A	V	0.001181	#dcddddff	0.0
526	GGA	['GTA', 'GTT', 'GTG']	G	V	0.003291	#c43032ff	-3.0
434	ATA	['TTA', 'TTG', 'CTA']	I	L	0.004577	#c3d5f4ff	2.0
445	GTT	['CTT', 'CTA', 'CTG', 'CTC']	V	L	0.007485	#d1dae9ff	1.0
474	CAG	['CTG', 'CTT', 'CTC']	Q	L	0.001461	#d44e41ff	-2.0
479	CCT	['CTT', 'CTC']	P	L	0.001000	#c43032ff	-3.0
486	TTT	['TTA', 'CTT', 'TTG', 'CTA', 'CTC']	F	L	0.004585	#dcddddff	0.0
490	TTT	['CTT', 'TTA', 'TTG']	F	L	0.001301	#dcddddff	0.0
503	GTT	['CTT', 'TTA', 'CTC']	V	L	0.003612	#d1dae9ff	1.0
505	TAC	['CTC', 'CTT']	Y	L	0.001049	#e0654fff	-1.0
511	GTA	['TTA', 'CTA']	V	L	0.001198	#d1dae9ff	1.0
521	CCA	['CTA', 'CTT', 'CTG']	P	L	0.004370	#c43032ff	-3.0
527	CCT	CTT	P	L	0.153106	#c43032ff	-3.0
433	GTT	['ATA', 'ATT']	V	I	0.001155	#b5cdfaff	3.0
437	AAT	['ATT', 'ATA', 'ATC']	N	I	0.001194	#c43032ff	-3.0
441	CTT	['ATT', 'ATC', 'ATA']	L	I	0.001909	#c3d5f4ff	2.0
445	GTT	ATT	V	I	0.001682	#b5cdfaff	3.0
452	CTG	['ATA', 'ATT', 'ATC']	L	I	0.001667	#c3d5f4ff	2.0
461	CTC	['ATC', 'ATA']	L	I	0.009498	#c3d5f4ff	2.0
470	ACT	['ATT', 'ATC', 'ATA']	T	I	0.002255	#e0654fff	-1.0
478	ACA	['ATA', 'ATT', 'ATC']	T	I	0.002879	#e0654fff	-1.0
481	AAT	ATT	N	I	0.002039	#c43032ff	-3.0
483	GTT	['ATC', 'ATT', 'ATA']	V	I	0.002627	#b5cdfaff	3.0
486	TTT	['ATT', 'ATA']	F	I	0.010605	#dcddddff	0.0
490	TTT	['ATT', 'ATA']	F	I	0.001585	#dcddddff	0.0
492	TTA	['ATA', 'ATT']	L	I	0.002655	#c3d5f4ff	2.0
503	GTT	['ATT', 'ATA']	V	I	0.005775	#b5cdfaff	3.0
512	GTA	['ATA', 'ATT', 'ATC']	V	I	0.001361	#b5cdfaff	3.0
513	CTT	['ATC', 'ATT', 'ATA']	L	I	0.001518	#c3d5f4ff	2.0
518	CTA	['ATA', 'ATT', 'ATC']	L	I	0.005429	#c3d5f4ff	2.0
524	GTT	['ATT', 'ATA']	V	I	0.002368	#b5cdfaff	3.0
445	GTT	['GCT', 'GCC', 'GCA']	V	A	0.005846	#dcddddff	0.0
446	GGT	['GCT', 'GCG', 'GCA', 'GCC']	G	A	0.002325	#dcddddff	0.0
459	TCT	['GCT', 'GCA', 'GCC']	S	A	0.001097	#d1dae9ff	1.0
469	TCA	['GCA', 'GCG']	S	A	0.001186	#d1dae9ff	1.0
470	ACT	['GCT', 'GCC', 'GCG', 'GCA']	T	A	0.001117	#dcddddff	0.0
479	CCT	['GCT', 'GCG']	P	A	0.001272	#e0654fff	-1.0
483	GTT	GCT	V	A	0.002096	#dcddddff	0.0
484	GAA	['GCA', 'GCG', 'GCT', 'GCC']	E	A	0.178678	#e0654fff	-1.0
494	TCA	GCA	S	A	0.001158	#d1dae9ff	1.0
496	GGT	['GCT', 'GCC', 'GCG', 'GCA']	G	A	0.001156	#dcddddff	0.0
500	ACT	GCT	T	A	0.001385	#dcddddff	0.0
503	GTT	GCT	V	A	0.004223	#dcddddff	0.0
504	GGT	['GCT', 'GCA', 'GCC']	G	A	0.006839	#dcddddff	0.0
521	CCA	['GCA', 'GCT', 'GCG']	P	A	0.004038	#e0654fff	-1.0
523	ACT	['GCT', 'GCC', 'GCA']	T	A	0.005784	#dcddddff	0.0
527	CCT	['GCT', 'GCC', 'GCA', 'GCG']	P	A	0.007407	#e0654fff	-1.0
435	GCT	['GGT', 'GGA', 'GGG', 'GGC']	A	G	0.029308	#dcddddff	0.0
445	GTT	['GGT', 'GGG', 'GGA']	V	G	0.003847	#c43032ff	-3.0
457	AGG	['GGG', 'GGA']	R	G	0.001131	#d44e41ff	-2.0
471	GAA	['GGA', 'GGT', 'GGG']	E	G	0.007017	#d44e41ff	-2.0
493	CAA	['GGA', 'GGT', 'GGG', 'GGC']	Q	G	0.408383	#d44e41ff	-2.0
503	GTT	['GGT', 'GGC']	V	G	0.001507	#c43032ff	-3.0
520	GCA	['GGA', 'GGG', 'GGT', 'GGC']	A	G	0.102909	#dcddddff	0.0
522	GCA	['GGA', 'GGC', 'GGT', 'GGG']	A	G	0.001190	#dcddddff	0.0
524	GTT	['GGT', 'GGA']	V	G	0.001130	#c43032ff	-3.0
473	TAT	['TAA', 'TAG']	Y	*	0.002693	red	-4.0
