351	TAT	['TGC', 'TGT']	Y	C	0.001096	#d44e41ff	-2.0
359	AGC	['TGC', 'TGT']	S	C	0.001332	#e0654fff	-1.0
369	TAT	['TGC', 'TGT']	Y	C	0.003531	#d44e41ff	-2.0
396	TAT	['TGC', 'TGT']	Y	C	0.001279	#d44e41ff	-2.0
400	TTT	['TGC', 'TGT']	F	C	0.001059	#d44e41ff	-2.0
486	TTT	['TGC', 'TGT']	F	C	0.001646	#d44e41ff	-2.0
490	TTT	['TGC', 'TGT']	F	C	0.001639	#d44e41ff	-2.0
497	TTC	['TGC', 'TGT']	F	C	0.001110	#d44e41ff	-2.0
508	TAC	['TGC', 'TGT']	Y	C	0.001364	#d44e41ff	-2.0
515	TTT	['TGC', 'TGT']	F	C	0.003366	#d44e41ff	-2.0
356	AAG	['AGA', 'AGG', 'CGA', 'CGC', 'CGG', 'CGT']	K	R	0.062654	#c3d5f4ff	2.0
359	AGC	['AGA', 'AGG', 'CGA', 'CGC', 'CGG', 'CGT']	S	R	0.002102	#e0654fff	-1.0
361	TGT	['AGA', 'AGG', 'CGA', 'CGC', 'CGG', 'CGT']	C	R	0.002170	#c43032ff	-3.0
378	AAG	['AGA', 'AGG', 'CGA', 'CGG', 'CGT']	K	R	0.032542	#c3d5f4ff	2.0
381	GGA	['AGA', 'AGG', 'CGA', 'CGC', 'CGG']	G	R	0.002761	#d44e41ff	-2.0
386	AAA	['AGA', 'AGG', 'CGA']	K	R	0.012654	#c3d5f4ff	2.0
390	CTC	['AGA', 'CGA', 'CGC', 'CGG', 'CGT']	L	R	0.001594	#d44e41ff	-2.0
391	TGC	['AGA', 'CGA', 'CGC', 'CGG', 'CGT']	C	R	0.025096	#c43032ff	-3.0
409	CAA	['AGA', 'AGG', 'CGA', 'CGC', 'CGG', 'CGT']	Q	R	0.001227	#d1dae9ff	1.0
413	GGG	['AGA', 'AGG', 'CGA', 'CGC', 'CGG', 'CGT']	G	R	0.002071	#d44e41ff	-2.0
414	CAA	['AGA', 'AGG', 'CGA', 'CGG', 'CGT']	Q	R	0.007573	#d1dae9ff	1.0
444	AAG	['AGA', 'AGG', 'CGA', 'CGG', 'CGT']	K	R	0.023801	#c3d5f4ff	2.0
452	CTG	['AGG', 'CGA', 'CGG', 'CGT']	L	R	0.003196	#d44e41ff	-2.0
458	AAG	['AGA', 'AGG', 'CGA', 'CGG']	K	R	0.014212	#c3d5f4ff	2.0
462	AAA	['AGA', 'AGG', 'CGA', 'CGC', 'CGG']	K	R	0.017061	#c3d5f4ff	2.0
474	CAG	['AGG', 'CGA', 'CGG']	Q	R	0.009052	#d1dae9ff	1.0
477	AGC	['AGA', 'AGG', 'CGC', 'CGT']	S	R	0.001024	#e0654fff	-1.0
484	GAA	['AGA', 'AGG', 'CGA']	E	R	0.014929	#dcddddff	0.0
493	CAA	['AGA', 'CGA', 'CGC', 'CGG', 'CGT']	Q	R	0.003176	#d1dae9ff	1.0
498	CAA	['AGA', 'AGG', 'CGA', 'CGC', 'CGG', 'CGT']	Q	R	0.961683	#d1dae9ff	1.0
513	CTT	['AGG', 'CGA', 'CGC', 'CGG', 'CGT']	L	R	0.001534	#d44e41ff	-2.0
346	AGA	['AAA', 'AAG']	R	K	0.004806	#c3d5f4ff	2.0
354	AAC	['AAA', 'AAG']	N	K	0.005101	#dcddddff	0.0
357	AGA	['AAA', 'AAG']	R	K	0.001899	#c3d5f4ff	2.0
360	AAC	['AAA', 'AAG']	N	K	0.001455	#dcddddff	0.0
370	AAT	['AAA', 'AAG']	N	K	0.002195	#dcddddff	0.0
388	AAT	['AAA', 'AAG']	N	K	0.001000	#dcddddff	0.0
394	AAT	['AAA', 'AAG']	N	K	0.002121	#dcddddff	0.0
408	AGA	['AAA', 'AAG']	R	K	0.007255	#c3d5f4ff	2.0
440	AAT	['AAA', 'AAG']	N	K	0.007458	#dcddddff	0.0
450	AAT	['AAA', 'AAG']	N	K	0.017237	#dcddddff	0.0
460	AAT	['AAA', 'AAG']	N	K	0.132578	#dcddddff	0.0
466	AGA	['AAA', 'AAG']	R	K	0.001038	#c3d5f4ff	2.0
471	GAA	['AAA', 'AAG']	E	K	0.001007	#d1dae9ff	1.0
478	ACA	['AAA', 'AAG']	T	K	0.001449	#e0654fff	-1.0
481	AAT	['AAA', 'AAG']	N	K	0.006184	#dcddddff	0.0
484	GAA	['AAA', 'AAG']	E	K	0.937643	#d1dae9ff	1.0
487	AAT	['AAA', 'AAG']	N	K	0.002476	#dcddddff	0.0
356	AAG	['GAA', 'GAG']	K	E	0.003872	#d1dae9ff	1.0
372	GCA	['GAA', 'GAG']	A	E	0.001157	#e0654fff	-1.0
378	AAG	['GAA', 'GAG']	K	E	0.005980	#d1dae9ff	1.0
386	AAA	['GAA', 'GAG']	K	E	0.028795	#d1dae9ff	1.0
389	GAT	['GAA', 'GAG']	D	E	0.005344	#c3d5f4ff	2.0
398	GAT	['GAA', 'GAG']	D	E	0.002894	#c3d5f4ff	2.0
405	GAT	['GAA', 'GAG']	D	E	0.001724	#c3d5f4ff	2.0
444	AAG	['GAA', 'GAG']	K	E	0.010757	#d1dae9ff	1.0
458	AAG	['GAA', 'GAG']	K	E	0.015343	#d1dae9ff	1.0
462	AAA	['GAA', 'GAG']	K	E	0.010649	#d1dae9ff	1.0
356	AAG	['CAA', 'CAG']	K	Q	0.001880	#d1dae9ff	1.0
378	AAG	['CAA', 'CAG']	K	Q	0.003891	#d1dae9ff	1.0
444	AAG	['CAA', 'CAG']	K	Q	0.004485	#d1dae9ff	1.0
452	CTG	['CAA', 'CAG']	L	Q	0.026085	#d44e41ff	-2.0
458	AAG	['CAA', 'CAG']	K	Q	0.001404	#d1dae9ff	1.0
462	AAA	['CAA', 'CAG']	K	Q	0.002787	#d1dae9ff	1.0
340	GAA	['GAC', 'GAT']	E	D	0.003527	#c3d5f4ff	2.0
343	AAC	['GAC', 'GAT']	N	D	0.001008	#d1dae9ff	1.0
352	GCT	['GAC', 'GAT']	A	D	0.006874	#d44e41ff	-2.0
354	AAC	['GAC', 'GAT']	N	D	0.029312	#d1dae9ff	1.0
360	AAC	['GAC', 'GAT']	N	D	0.020283	#d1dae9ff	1.0
362	GTT	['GAC', 'GAT']	V	D	0.002133	#c43032ff	-3.0
367	GTC	['GAC', 'GAT']	V	D	0.005194	#c43032ff	-3.0
370	AAT	['GAC', 'GAT']	N	D	0.003686	#d1dae9ff	1.0
388	AAT	['GAC', 'GAT']	N	D	0.015562	#d1dae9ff	1.0
394	AAT	['GAC', 'GAT']	N	D	0.004868	#d1dae9ff	1.0
406	GAA	['GAC', 'GAT']	E	D	0.002505	#c3d5f4ff	2.0
417	AAG	['GAC', 'GAT']	K	D	0.003572	#e0654fff	-1.0
440	AAT	['GAC', 'GAT']	N	D	0.035284	#d1dae9ff	1.0
445	GTT	GAT	V	D	0.001938	#c43032ff	-3.0
446	GGT	['GAC', 'GAT']	G	D	0.002377	#e0654fff	-1.0
448	AAT	['GAC', 'GAT']	N	D	0.002014	#d1dae9ff	1.0
450	AAT	['GAC', 'GAT']	N	D	0.015833	#d1dae9ff	1.0
460	AAT	['GAC', 'GAT']	N	D	0.001952	#d1dae9ff	1.0
471	GAA	['GAC', 'GAT']	E	D	0.010529	#c3d5f4ff	2.0
481	AAT	['GAC', 'GAT']	N	D	0.005885	#d1dae9ff	1.0
482	GGT	['GAC', 'GAT']	G	D	0.001552	#e0654fff	-1.0
483	GTT	['GAC', 'GAT']	V	D	0.003900	#c43032ff	-3.0
489	TAC	['GAC', 'GAT']	Y	D	0.001461	#c43032ff	-3.0
495	TAT	['GAC', 'GAT']	Y	D	0.001710	#c43032ff	-3.0
501	AAT	['GAC', 'GAT']	N	D	0.002062	#d1dae9ff	1.0
503	GTT	['GAC', 'GAT']	V	D	0.008619	#c43032ff	-3.0
504	GGT	['GAC', 'GAT']	G	D	0.001957	#e0654fff	-1.0
505	TAC	['GAC', 'GAT']	Y	D	0.002857	#c43032ff	-3.0
508	TAC	['GAC', 'GAT']	Y	D	0.002799	#c43032ff	-3.0
359	AGC	['AAC', 'AAT']	S	N	0.004768	#d1dae9ff	1.0
364	GAT	['AAC', 'AAT']	D	N	0.004151	#d1dae9ff	1.0
376	ACT	['AAC', 'AAT']	T	N	0.001445	#dcddddff	0.0
386	AAA	['AAC', 'AAT']	K	N	0.003824	#dcddddff	0.0
389	GAT	['AAC', 'AAT']	D	N	0.005635	#d1dae9ff	1.0
396	TAT	['AAC', 'AAT']	Y	N	0.001150	#d44e41ff	-2.0
417	AAG	['AAC', 'AAT']	K	N	0.580322	#dcddddff	0.0
444	AAG	['AAC', 'AAT']	K	N	0.001132	#dcddddff	0.0
458	AAG	['AAC', 'AAT']	K	N	0.003146	#dcddddff	0.0
462	AAA	['AAC', 'AAT']	K	N	0.002441	#dcddddff	0.0
470	ACT	['AAC', 'AAT']	T	N	0.003787	#dcddddff	0.0
477	AGC	['AAC', 'AAT']	S	N	0.033777	#d1dae9ff	1.0
484	GAA	['AAC', 'AAT']	E	N	0.002054	#dcddddff	0.0
343	AAC	['ACA', 'ACC', 'ACG', 'ACT']	N	T	0.003149	#dcddddff	0.0
344	GCC	['ACA', 'ACC', 'ACG', 'ACT']	A	T	0.001815	#dcddddff	0.0
348	GCA	['ACA', 'ACC', 'ACG', 'ACT']	A	T	0.002067	#dcddddff	0.0
352	GCT	['ACA', 'ACC', 'ACG', 'ACT']	A	T	0.002412	#dcddddff	0.0
354	AAC	['ACA', 'ACC', 'ACG', 'ACT']	N	T	0.003626	#dcddddff	0.0
359	AGC	['ACA', 'ACC', 'ACT']	S	T	0.004265	#d1dae9ff	1.0
360	AAC	['ACA', 'ACC', 'ACG', 'ACT']	N	T	0.001171	#dcddddff	0.0
361	TGT	['ACA', 'ACC', 'ACG', 'ACT']	C	T	0.002765	#e0654fff	-1.0
363	GCT	['ACA', 'ACC', 'ACG', 'ACT']	A	T	0.002177	#dcddddff	0.0
366	TCT	['ACA', 'ACC', 'ACT']	S	T	0.001737	#d1dae9ff	1.0
370	AAT	['ACA', 'ACC', 'ACT']	N	T	0.002928	#dcddddff	0.0
371	TCC	['ACA', 'ACC', 'ACG', 'ACT']	S	T	0.005588	#d1dae9ff	1.0
372	GCA	['ACA', 'ACC', 'ACG', 'ACT']	A	T	0.009093	#dcddddff	0.0
373	TCA	['ACA', 'ACC', 'ACG']	S	T	0.005200	#d1dae9ff	1.0
375	TCC	['ACA', 'ACC', 'ACT']	S	T	0.002925	#d1dae9ff	1.0
378	AAG	['ACA', 'ACC', 'ACG', 'ACT']	K	T	0.002849	#e0654fff	-1.0
383	TCT	['ACA', 'ACC', 'ACG', 'ACT']	S	T	0.004757	#d1dae9ff	1.0
399	TCA	['ACA', 'ACC', 'ACG', 'ACT']	S	T	0.001262	#d1dae9ff	1.0
408	AGA	['ACA', 'ACC', 'ACG']	R	T	0.001613	#e0654fff	-1.0
411	GCT	['ACA', 'ACC', 'ACG', 'ACT']	A	T	0.001253	#dcddddff	0.0
417	AAG	['ACA', 'ACC', 'ACG', 'ACT']	K	T	0.002741	#e0654fff	-1.0
437	AAT	['ACC', 'ACG', 'ACT']	N	T	0.002549	#dcddddff	0.0
438	TCT	['ACA', 'ACC', 'ACG', 'ACT']	S	T	0.001917	#d1dae9ff	1.0
439	AAC	['ACA', 'ACC', 'ACG', 'ACT']	N	T	0.004310	#dcddddff	0.0
440	AAT	['ACA', 'ACC', 'ACG', 'ACT']	N	T	0.003364	#dcddddff	0.0
444	AAG	['ACA', 'ACC', 'ACG', 'ACT']	K	T	0.003101	#e0654fff	-1.0
448	AAT	['ACA', 'ACC', 'ACG', 'ACT']	N	T	0.001484	#dcddddff	0.0
450	AAT	['ACA', 'ACC', 'ACG', 'ACT']	N	T	0.001507	#dcddddff	0.0
458	AAG	['ACA', 'ACC', 'ACG', 'ACT']	K	T	0.002918	#e0654fff	-1.0
459	TCT	['ACA', 'ACC', 'ACT']	S	T	0.006516	#d1dae9ff	1.0
460	AAT	['ACA', 'ACC', 'ACG', 'ACT']	N	T	0.002447	#dcddddff	0.0
462	AAA	['ACA', 'ACC', 'ACG', 'ACT']	K	T	0.003723	#e0654fff	-1.0
468	ATT	['ACA', 'ACC', 'ACG', 'ACT']	I	T	0.048286	#e0654fff	-1.0
469	TCA	['ACA', 'ACC', 'ACG', 'ACT']	S	T	0.006830	#d1dae9ff	1.0
472	ATC	['ACA', 'ACC', 'ACG', 'ACT']	I	T	0.003247	#e0654fff	-1.0
475	GCC	['ACA', 'ACC', 'ACT']	A	T	0.002213	#dcddddff	0.0
477	AGC	['ACA', 'ACC', 'ACT']	S	T	0.002261	#d1dae9ff	1.0
481	AAT	['ACC', 'ACG', 'ACT']	N	T	0.001191	#dcddddff	0.0
494	TCA	['ACA', 'ACG']	S	T	0.001299	#d1dae9ff	1.0
501	AAT	['ACA', 'ACC', 'ACG', 'ACT']	N	T	0.001042	#dcddddff	0.0
514	TCT	['ACA', 'ACC', 'ACG', 'ACT']	S	T	0.018487	#d1dae9ff	1.0
343	AAC	['AGC', 'AGT', 'TCA', 'TCC']	N	S	0.001411	#d1dae9ff	1.0
345	ACC	['AGC', 'AGT', 'TCA', 'TCC', 'TCG', 'TCT']	T	S	0.005679	#d1dae9ff	1.0
346	AGA	['AGC', 'AGT', 'TCA']	R	S	0.006096	#e0654fff	-1.0
351	TAT	['AGT', 'TCA', 'TCC', 'TCG', 'TCT']	Y	S	0.003371	#d44e41ff	-2.0
354	AAC	['AGC', 'AGT', 'TCC']	N	S	0.036023	#d1dae9ff	1.0
357	AGA	['AGC', 'AGT']	R	S	0.003077	#e0654fff	-1.0
360	AAC	['AGC', 'AGT', 'TCA', 'TCC']	N	S	0.004559	#d1dae9ff	1.0
361	TGT	['AGC', 'AGT', 'TCA', 'TCC', 'TCT']	C	S	0.001253	#e0654fff	-1.0
365	TAT	['AGT', 'TCA', 'TCC', 'TCG', 'TCT']	Y	S	0.002484	#d44e41ff	-2.0
369	TAT	['AGT', 'TCA', 'TCC', 'TCG', 'TCT']	Y	S	0.001447	#d44e41ff	-2.0
370	AAT	['AGC', 'AGT', 'TCT']	N	S	0.005557	#d1dae9ff	1.0
372	GCA	['TCA', 'TCC', 'TCG', 'TCT']	A	S	0.001986	#d1dae9ff	1.0
374	TTT	['TCA', 'TCC', 'TCG', 'TCT']	F	S	0.002490	#d44e41ff	-2.0
376	ACT	['AGC', 'AGT', 'TCA', 'TCC', 'TCG', 'TCT']	T	S	0.003795	#d1dae9ff	1.0
384	CCT	['AGT', 'TCA', 'TCC', 'TCG', 'TCT']	P	S	0.001238	#e0654fff	-1.0
385	ACT	['AGC', 'AGT', 'TCA', 'TCC', 'TCG', 'TCT']	T	S	0.005081	#d1dae9ff	1.0
388	AAT	['AGC', 'AGT']	N	S	0.005274	#d1dae9ff	1.0
391	TGC	['AGC', 'AGT', 'TCA', 'TCC', 'TCT']	C	S	0.004391	#e0654fff	-1.0
392	TTT	['AGT', 'TCA', 'TCC', 'TCG', 'TCT']	F	S	0.005672	#d44e41ff	-2.0
393	ACT	['AGC', 'AGT', 'TCA', 'TCC', 'TCG', 'TCT']	T	S	0.004904	#d1dae9ff	1.0
394	AAT	['AGC', 'AGT', 'TCC']	N	S	0.019664	#d1dae9ff	1.0
402	ATT	['AGC', 'AGT']	I	S	0.001342	#d44e41ff	-2.0
403	AGA	['AGC', 'AGT']	R	S	0.010733	#e0654fff	-1.0
408	AGA	['AGC', 'AGT']	R	S	0.002080	#e0654fff	-1.0
410	ATC	['AGC', 'AGT']	I	S	0.001028	#d44e41ff	-2.0
415	ACT	['AGC', 'AGT', 'TCA', 'TCC', 'TCG', 'TCT']	T	S	0.004460	#d1dae9ff	1.0
417	AAG	['AGC', 'AGT', 'TCG', 'TCT']	K	S	0.006348	#dcddddff	0.0
418	ATT	['AGC', 'AGT']	I	S	0.001166	#d44e41ff	-2.0
440	AAT	['AGC', 'AGT', 'TCT']	N	S	0.014116	#d1dae9ff	1.0
446	GGT	['AGC', 'AGT']	G	S	0.004113	#dcddddff	0.0
448	AAT	['AGC', 'AGT']	N	S	0.001237	#d1dae9ff	1.0
449	TAT	['TCA', 'TCC', 'TCT']	Y	S	0.003891	#d44e41ff	-2.0
450	AAT	['AGC', 'AGT', 'TCT']	N	S	0.002427	#d1dae9ff	1.0
451	TAC	['TCA', 'TCC', 'TCG', 'TCT']	Y	S	0.003186	#d44e41ff	-2.0
453	TAT	['TCA', 'TCC', 'TCG', 'TCT']	Y	S	0.005251	#d44e41ff	-2.0
454	AGA	['AGC', 'AGT']	R	S	0.001712	#e0654fff	-1.0
455	TTG	['TCA', 'TCC', 'TCG', 'TCT']	L	S	0.001502	#d44e41ff	-2.0
460	AAT	['AGC', 'AGT', 'TCA', 'TCT']	N	S	0.013259	#d1dae9ff	1.0
464	TTT	['TCA', 'TCC', 'TCG', 'TCT']	F	S	0.002774	#d44e41ff	-2.0
466	AGA	['AGC', 'AGT']	R	S	0.001379	#e0654fff	-1.0
470	ACT	['AGT', 'TCA', 'TCC', 'TCT']	T	S	0.003537	#d1dae9ff	1.0
473	TAT	['AGT', 'TCA', 'TCC', 'TCG', 'TCT']	Y	S	0.002937	#d44e41ff	-2.0
476	GGT	['AGC', 'AGT']	G	S	0.006973	#dcddddff	0.0
478	ACA	['TCA', 'TCG', 'TCT']	T	S	0.006804	#d1dae9ff	1.0
479	CCT	['TCA', 'TCC', 'TCG', 'TCT']	P	S	0.003767	#e0654fff	-1.0
481	AAT	['AGC', 'AGT', 'TCT']	N	S	0.011227	#d1dae9ff	1.0
482	GGT	['AGC', 'AGT']	G	S	0.001358	#dcddddff	0.0
486	TTT	['AGT', 'TCC', 'TCG', 'TCT']	F	S	0.002491	#d44e41ff	-2.0
490	TTT	['AGT', 'TCA', 'TCC', 'TCG', 'TCT']	F	S	0.009261	#d44e41ff	-2.0
496	GGT	['AGC', 'AGT', 'TCT']	G	S	0.002275	#dcddddff	0.0
499	CCC	['TCC', 'TCG', 'TCT']	P	S	0.001080	#e0654fff	-1.0
500	ACT	['AGT', 'TCA', 'TCC', 'TCG', 'TCT']	T	S	0.001135	#d1dae9ff	1.0
504	GGT	['AGC', 'AGT']	G	S	0.003111	#dcddddff	0.0
343	AAC	['CAC', 'CAT']	N	H	0.003639	#d1dae9ff	1.0
351	TAT	['CAC', 'CAT']	Y	H	0.004175	#c3d5f4ff	2.0
354	AAC	['CAC', 'CAT']	N	H	0.001826	#d1dae9ff	1.0
360	AAC	['CAC', 'CAT']	N	H	0.001585	#d1dae9ff	1.0
369	TAT	['CAC', 'CAT']	Y	H	0.003406	#c3d5f4ff	2.0
370	AAT	['CAC', 'CAT']	N	H	0.003662	#d1dae9ff	1.0
390	CTC	['CAC', 'CAT']	L	H	0.001035	#c43032ff	-3.0
394	AAT	['CAC', 'CAT']	N	H	0.005640	#d1dae9ff	1.0
396	TAT	['CAC', 'CAT']	Y	H	0.001227	#c3d5f4ff	2.0
417	AAG	['CAC', 'CAT']	K	H	0.003424	#e0654fff	-1.0
437	AAT	['CAC', 'CAT']	N	H	0.002505	#d1dae9ff	1.0
439	AAC	['CAC', 'CAT']	N	H	0.002874	#d1dae9ff	1.0
440	AAT	['CAC', 'CAT']	N	H	0.006157	#d1dae9ff	1.0
441	CTT	['CAC', 'CAT']	L	H	0.002141	#c43032ff	-3.0
448	AAT	['CAC', 'CAT']	N	H	0.002281	#d1dae9ff	1.0
449	TAT	['CAC', 'CAT']	Y	H	0.001274	#c3d5f4ff	2.0
450	AAT	['CAC', 'CAT']	N	H	0.001263	#d1dae9ff	1.0
451	TAC	CAC	Y	H	0.002822	#c3d5f4ff	2.0
453	TAT	['CAC', 'CAT']	Y	H	0.009999	#c3d5f4ff	2.0
460	AAT	['CAC', 'CAT']	N	H	0.005246	#d1dae9ff	1.0
463	CCT	['CAC', 'CAT']	P	H	0.001668	#d44e41ff	-2.0
473	TAT	['CAC', 'CAT']	Y	H	0.004137	#c3d5f4ff	2.0
489	TAC	['CAC', 'CAT']	Y	H	0.001271	#c3d5f4ff	2.0
493	CAA	['CAC', 'CAT']	Q	H	0.005144	#dcddddff	0.0
498	CAA	['CAC', 'CAT']	Q	H	0.003308	#dcddddff	0.0
505	TAC	['CAC', 'CAT']	Y	H	0.004470	#c3d5f4ff	2.0
508	TAC	['CAC', 'CAT']	Y	H	0.018209	#c3d5f4ff	2.0
356	AAG	ATG	K	M	0.001358	#e0654fff	-1.0
358	ATC	ATG	I	M	0.001227	#d1dae9ff	1.0
378	AAG	ATG	K	M	0.001514	#e0654fff	-1.0
402	ATT	ATG	I	M	0.002327	#d1dae9ff	1.0
418	ATT	ATG	I	M	0.001896	#d1dae9ff	1.0
444	AAG	ATG	K	M	0.003443	#e0654fff	-1.0
452	CTG	ATG	L	M	0.003309	#c3d5f4ff	2.0
455	TTG	ATG	L	M	0.001716	#c3d5f4ff	2.0
472	ATC	ATG	I	M	0.001366	#d1dae9ff	1.0
345	ACC	['CCA', 'CCC', 'CCG', 'CCT']	T	P	0.001904	#e0654fff	-1.0
348	GCA	['CCA', 'CCC', 'CCG', 'CCT']	A	P	0.020570	#e0654fff	-1.0
349	TCT	['CCA', 'CCC', 'CCG', 'CCT']	S	P	0.006656	#e0654fff	-1.0
366	TCT	['CCA', 'CCC', 'CCG', 'CCT']	S	P	0.001980	#e0654fff	-1.0
371	TCC	['CCA', 'CCC', 'CCG', 'CCT']	S	P	0.001704	#e0654fff	-1.0
372	GCA	['CCA', 'CCC', 'CCG', 'CCT']	A	P	0.003112	#e0654fff	-1.0
373	TCA	['CCA', 'CCC', 'CCG', 'CCT']	S	P	0.008027	#e0654fff	-1.0
375	TCC	['CCA', 'CCC', 'CCG', 'CCT']	S	P	0.001669	#e0654fff	-1.0
376	ACT	['CCA', 'CCC', 'CCG', 'CCT']	T	P	0.001676	#e0654fff	-1.0
383	TCT	['CCA', 'CCC', 'CCG', 'CCT']	S	P	0.003918	#e0654fff	-1.0
390	CTC	['CCA', 'CCC', 'CCG', 'CCT']	L	P	0.002300	#c43032ff	-3.0
441	CTT	['CCA', 'CCC', 'CCG', 'CCT']	L	P	0.001360	#c43032ff	-3.0
452	CTG	['CCA', 'CCC', 'CCG', 'CCT']	L	P	0.001143	#c43032ff	-3.0
459	TCT	['CCA', 'CCC', 'CCT']	S	P	0.004153	#e0654fff	-1.0
470	ACT	['CCA', 'CCC', 'CCG', 'CCT']	T	P	0.003058	#e0654fff	-1.0
474	CAG	['CCA', 'CCG', 'CCT']	Q	P	0.002881	#e0654fff	-1.0
494	TCA	['CCA', 'CCC', 'CCG', 'CCT']	S	P	0.016996	#e0654fff	-1.0
379	TGT	TGG	C	W	0.001018	#d44e41ff	-2.0
480	TGT	TGG	C	W	0.002097	#d44e41ff	-2.0
360	AAC	['TAC', 'TAT']	N	Y	0.001410	#d44e41ff	-2.0
361	TGT	['TAC', 'TAT']	C	Y	0.001017	#d44e41ff	-2.0
374	TTT	['TAC', 'TAT']	F	Y	0.004040	#b5cdfaff	3.0
391	TGC	['TAC', 'TAT']	C	Y	0.001152	#d44e41ff	-2.0
392	TTT	['TAC', 'TAT']	F	Y	0.007040	#b5cdfaff	3.0
394	AAT	['TAC', 'TAT']	N	Y	0.001012	#d44e41ff	-2.0
417	AAG	['TAC', 'TAT']	K	Y	0.192642	#d44e41ff	-2.0
440	AAT	['TAC', 'TAT']	N	Y	0.001979	#d44e41ff	-2.0
459	TCT	['TAC', 'TAT']	S	Y	0.001285	#d44e41ff	-2.0
464	TTT	['TAC', 'TAT']	F	Y	0.027018	#b5cdfaff	3.0
486	TTT	['TAC', 'TAT']	F	Y	0.002289	#b5cdfaff	3.0
490	TTT	TAT	F	Y	0.002362	#b5cdfaff	3.0
501	AAT	['TAC', 'TAT']	N	Y	0.982933	#d44e41ff	-2.0
351	TAT	['TTC', 'TTT']	Y	F	0.001544	#b5cdfaff	3.0
358	ATC	['TTC', 'TTT']	I	F	0.139248	#dcddddff	0.0
365	TAT	['TTC', 'TTT']	Y	F	0.035584	#b5cdfaff	3.0
367	GTC	['TTC', 'TTT']	V	F	0.008662	#e0654fff	-1.0
369	TAT	['TTC', 'TTT']	Y	F	0.010037	#b5cdfaff	3.0
371	TCC	['TTC', 'TTT']	S	F	0.001854	#d44e41ff	-2.0
390	CTC	['TTC', 'TTT']	L	F	0.001115	#dcddddff	0.0
396	TAT	['TTC', 'TTT']	Y	F	0.002795	#b5cdfaff	3.0
453	TAT	['TTC', 'TTT']	Y	F	0.011226	#b5cdfaff	3.0
473	TAT	['TTC', 'TTT']	Y	F	0.001257	#b5cdfaff	3.0
480	TGT	['TTC', 'TTT']	C	F	0.002467	#d44e41ff	-2.0
501	AAT	['TTC', 'TTT']	N	F	0.004424	#c43032ff	-3.0
505	TAC	['TTC', 'TTT']	Y	F	0.001174	#b5cdfaff	3.0
508	TAC	['TTC', 'TTT']	Y	F	0.002411	#b5cdfaff	3.0
340	GAA	['GTA', 'GTC', 'GTG', 'GTT']	E	V	0.001360	#d44e41ff	-2.0
352	GCT	['GTA', 'GTC', 'GTG', 'GTT']	A	V	0.002427	#dcddddff	0.0
358	ATC	['GTA', 'GTC', 'GTG', 'GTT']	I	V	0.003121	#b5cdfaff	3.0
363	GCT	['GTA', 'GTC', 'GTG', 'GTT']	A	V	0.003678	#dcddddff	0.0
372	GCA	['GTA', 'GTC', 'GTG', 'GTT']	A	V	0.001667	#dcddddff	0.0
387	TTA	['GTA', 'GTC', 'GTG', 'GTT']	L	V	0.001295	#d1dae9ff	1.0
392	TTT	['GTA', 'GTC', 'GTG', 'GTT']	F	V	0.002385	#e0654fff	-1.0
397	GCA	['GTA', 'GTC', 'GTG', 'GTT']	A	V	0.004443	#dcddddff	0.0
400	TTT	['GTA', 'GTC', 'GTG', 'GTT']	F	V	0.001472	#e0654fff	-1.0
402	ATT	['GTA', 'GTC', 'GTG', 'GTT']	I	V	0.035100	#b5cdfaff	3.0
410	ATC	['GTA', 'GTC', 'GTG', 'GTT']	I	V	0.004421	#b5cdfaff	3.0
417	AAG	['GTA', 'GTC', 'GTG', 'GTT']	K	V	0.001778	#d44e41ff	-2.0
418	ATT	['GTA', 'GTC', 'GTG', 'GTT']	I	V	0.001710	#b5cdfaff	3.0
441	CTT	['GTC', 'GTG', 'GTT']	L	V	0.001118	#d1dae9ff	1.0
468	ATT	['GTA', 'GTC', 'GTG', 'GTT']	I	V	0.019926	#b5cdfaff	3.0
471	GAA	['GTA', 'GTC', 'GTG']	E	V	0.002536	#d44e41ff	-2.0
472	ATC	['GTA', 'GTC', 'GTG', 'GTT']	I	V	0.017809	#b5cdfaff	3.0
475	GCC	['GTA', 'GTC', 'GTG', 'GTT']	A	V	0.003239	#dcddddff	0.0
476	GGT	['GTA', 'GTC', 'GTG', 'GTT']	G	V	0.001575	#c43032ff	-3.0
485	GGT	['GTA', 'GTC', 'GTG', 'GTT']	G	V	0.001254	#c43032ff	-3.0
486	TTT	['GTA', 'GTC', 'GTG', 'GTT']	F	V	0.002311	#e0654fff	-1.0
490	TTT	['GTA', 'GTC', 'GTG', 'GTT']	F	V	0.001373	#e0654fff	-1.0
492	TTA	['GTA', 'GTC', 'GTG', 'GTT']	L	V	0.001563	#d1dae9ff	1.0
502	GGT	['GTA', 'GTC', 'GTG', 'GTT']	G	V	0.002189	#c43032ff	-3.0
504	GGT	['GTA', 'GTC', 'GTG', 'GTT']	G	V	0.001245	#c43032ff	-3.0
515	TTT	['GTA', 'GTC', 'GTG', 'GTT']	F	V	0.002631	#e0654fff	-1.0
342	TTT	['CTA', 'CTC', 'CTT', 'TTA', 'TTG']	F	L	0.003289	#dcddddff	0.0
358	ATC	['CTA', 'CTC', 'CTG', 'CTT', 'TTA', 'TTG']	I	L	0.004222	#c3d5f4ff	2.0
373	TCA	['CTA', 'CTG', 'TTA', 'TTG']	S	L	0.009123	#d44e41ff	-2.0
374	TTT	['CTA', 'CTC', 'CTG', 'CTT', 'TTA', 'TTG']	F	L	0.002619	#dcddddff	0.0
377	TTT	['CTA', 'CTC', 'CTG', 'CTT', 'TTA', 'TTG']	F	L	0.002635	#dcddddff	0.0
384	CCT	['CTA', 'CTC', 'CTG', 'CTT', 'TTG']	P	L	0.003691	#c43032ff	-3.0
392	TTT	['CTA', 'CTC', 'CTG', 'CTT', 'TTA', 'TTG']	F	L	0.027196	#dcddddff	0.0
400	TTT	['CTC', 'CTG', 'CTT', 'TTA', 'TTG']	F	L	0.001100	#dcddddff	0.0
456	TTT	['CTA', 'CTC', 'CTG', 'CTT', 'TTA', 'TTG']	F	L	0.008026	#dcddddff	0.0
464	TTT	['CTA', 'CTC', 'CTG', 'CTT', 'TTA', 'TTG']	F	L	0.004589	#dcddddff	0.0
468	ATT	['CTA', 'CTC', 'CTG', 'CTT', 'TTA']	I	L	0.002341	#c3d5f4ff	2.0
472	ATC	['CTA', 'CTC', 'CTG', 'CTT']	I	L	0.001434	#c3d5f4ff	2.0
479	CCT	['CTA', 'CTC', 'CTG', 'CTT', 'TTA', 'TTG']	P	L	0.001433	#c43032ff	-3.0
486	TTT	['CTC', 'CTG', 'CTT', 'TTA', 'TTG']	F	L	0.005437	#dcddddff	0.0
490	TTT	['CTA', 'CTC', 'CTG', 'CTT', 'TTA', 'TTG']	F	L	0.009946	#dcddddff	0.0
493	CAA	['CTA', 'CTG', 'TTA']	Q	L	0.003731	#d44e41ff	-2.0
498	CAA	['CTA', 'CTC', 'CTG', 'CTT', 'TTA', 'TTG']	Q	L	0.001349	#d44e41ff	-2.0
503	GTT	['CTC', 'CTG', 'CTT', 'TTA', 'TTG']	V	L	0.001915	#d1dae9ff	1.0
515	TTT	['CTC', 'CTG', 'CTT', 'TTA', 'TTG']	F	L	0.004775	#dcddddff	0.0
341	GTT	['ATA', 'ATC', 'ATT']	V	I	0.001402	#b5cdfaff	3.0
346	AGA	['ATA', 'ATC', 'ATT']	R	I	0.001229	#c43032ff	-3.0
357	AGA	['ATA', 'ATC', 'ATT']	R	I	0.001189	#c43032ff	-3.0
362	GTT	['ATA', 'ATC', 'ATT']	V	I	0.003308	#b5cdfaff	3.0
365	TAT	['ATC', 'ATT']	Y	I	0.001104	#e0654fff	-1.0
367	GTC	['ATA', 'ATC', 'ATT']	V	I	0.002687	#b5cdfaff	3.0
368	CTA	['ATA', 'ATC', 'ATT']	L	I	0.001738	#c3d5f4ff	2.0
385	ACT	['ATA', 'ATC', 'ATT']	T	I	0.001164	#e0654fff	-1.0
392	TTT	['ATC', 'ATT']	F	I	0.001421	#dcddddff	0.0
395	GTC	['ATA', 'ATC', 'ATT']	V	I	0.002468	#b5cdfaff	3.0
417	AAG	['ATA', 'ATC', 'ATT']	K	I	0.184573	#c43032ff	-3.0
441	CTT	['ATA', 'ATC', 'ATT']	L	I	0.001045	#c3d5f4ff	2.0
445	GTT	['ATA', 'ATC', 'ATT']	V	I	0.002587	#b5cdfaff	3.0
460	AAT	['ATA', 'ATC', 'ATT']	N	I	0.001121	#c43032ff	-3.0
461	CTC	['ATA', 'ATC', 'ATT']	L	I	0.001104	#c3d5f4ff	2.0
462	AAA	['ATA', 'ATC']	K	I	0.001180	#c43032ff	-3.0
478	ACA	['ATA', 'ATT']	T	I	0.002794	#e0654fff	-1.0
483	GTT	['ATA', 'ATC', 'ATT']	V	I	0.002223	#b5cdfaff	3.0
490	TTT	['ATC', 'ATT']	F	I	0.001591	#dcddddff	0.0
492	TTA	['ATA', 'ATC']	L	I	0.002483	#c3d5f4ff	2.0
503	GTT	['ATA', 'ATC', 'ATT']	V	I	0.010562	#b5cdfaff	3.0
340	GAA	['GCA', 'GCC', 'GCG', 'GCT']	E	A	0.002277	#e0654fff	-1.0
345	ACC	['GCA', 'GCC', 'GCG', 'GCT']	T	A	0.002773	#dcddddff	0.0
350	GTT	['GCA', 'GCC', 'GCG', 'GCT']	V	A	0.002811	#dcddddff	0.0
362	GTT	['GCA', 'GCC', 'GCG', 'GCT']	V	A	0.018574	#dcddddff	0.0
367	GTC	['GCA', 'GCC', 'GCG', 'GCT']	V	A	0.083448	#dcddddff	0.0
373	TCA	['GCA', 'GCC', 'GCG', 'GCT']	S	A	0.001238	#d1dae9ff	1.0
376	ACT	['GCA', 'GCC', 'GCG', 'GCT']	T	A	0.001236	#dcddddff	0.0
382	GTG	['GCA', 'GCC', 'GCG', 'GCT']	V	A	0.002996	#dcddddff	0.0
383	TCT	['GCA', 'GCC', 'GCG', 'GCT']	S	A	0.004587	#d1dae9ff	1.0
385	ACT	['GCA', 'GCC', 'GCG', 'GCT']	T	A	0.007860	#dcddddff	0.0
393	ACT	['GCA', 'GCC', 'GCG', 'GCT']	T	A	0.004844	#dcddddff	0.0
395	GTC	['GCA', 'GCC', 'GCG', 'GCT']	V	A	0.005491	#dcddddff	0.0
399	TCA	['GCA', 'GCC', 'GCG', 'GCT']	S	A	0.002212	#d1dae9ff	1.0
415	ACT	['GCA', 'GCC', 'GCG', 'GCT']	T	A	0.008526	#dcddddff	0.0
442	GAT	['GCA', 'GCC', 'GCG', 'GCT']	D	A	0.004754	#d44e41ff	-2.0
445	GTT	['GCA', 'GCC', 'GCG', 'GCT']	V	A	0.011997	#dcddddff	0.0
459	TCT	['GCC', 'GCG', 'GCT']	S	A	0.001626	#d1dae9ff	1.0
467	GAT	['GCC', 'GCT']	D	A	0.001343	#d44e41ff	-2.0
470	ACT	['GCA', 'GCC', 'GCG', 'GCT']	T	A	0.010177	#dcddddff	0.0
471	GAA	['GCA', 'GCC', 'GCG', 'GCT']	E	A	0.003449	#e0654fff	-1.0
478	ACA	['GCA', 'GCG', 'GCT']	T	A	0.013456	#dcddddff	0.0
479	CCT	['GCA', 'GCC', 'GCG', 'GCT']	P	A	0.004699	#e0654fff	-1.0
483	GTT	['GCA', 'GCC', 'GCG', 'GCT']	V	A	0.020309	#dcddddff	0.0
494	TCA	['GCA', 'GCC', 'GCG', 'GCT']	S	A	0.003772	#d1dae9ff	1.0
496	GGT	['GCA', 'GCC', 'GCG', 'GCT']	G	A	0.001023	#dcddddff	0.0
500	ACT	['GCA', 'GCC', 'GCG', 'GCT']	T	A	0.003522	#dcddddff	0.0
503	GTT	['GCA', 'GCC', 'GCG', 'GCT']	V	A	0.009137	#dcddddff	0.0
504	GGT	['GCA', 'GCC', 'GCG', 'GCT']	G	A	0.001366	#dcddddff	0.0
514	TCT	['GCA', 'GCC', 'GCG', 'GCT']	S	A	0.001299	#d1dae9ff	1.0
340	GAA	['GGA', 'GGC', 'GGG', 'GGT']	E	G	0.002725	#d44e41ff	-2.0
346	AGA	['GGA', 'GGC', 'GGG', 'GGT']	R	G	0.004462	#d44e41ff	-2.0
357	AGA	['GGA', 'GGC', 'GGG', 'GGT']	R	G	0.001408	#d44e41ff	-2.0
359	AGC	['GGA', 'GGC', 'GGG', 'GGT']	S	G	0.010211	#dcddddff	0.0
363	GCT	['GGA', 'GGC', 'GGT']	A	G	0.001576	#dcddddff	0.0
364	GAT	['GGA', 'GGC', 'GGG', 'GGT']	D	G	0.001137	#e0654fff	-1.0
367	GTC	['GGA', 'GGC', 'GGT']	V	G	0.001358	#c43032ff	-3.0
372	GCA	['GGA', 'GGC', 'GGG']	A	G	0.001429	#dcddddff	0.0
382	GTG	['GGA', 'GGC', 'GGG', 'GGT']	V	G	0.001220	#c43032ff	-3.0
389	GAT	['GGA', 'GGC', 'GGG', 'GGT']	D	G	0.006214	#e0654fff	-1.0
391	TGC	['GGA', 'GGC', 'GGG', 'GGT']	C	G	0.002294	#c43032ff	-3.0
395	GTC	['GGA', 'GGC', 'GGG', 'GGT']	V	G	0.001302	#c43032ff	-3.0
401	GTA	['GGA', 'GGC', 'GGG', 'GGT']	V	G	0.001508	#c43032ff	-3.0
403	AGA	['GGA', 'GGC', 'GGG', 'GGT']	R	G	0.002412	#d44e41ff	-2.0
405	GAT	['GGA', 'GGC', 'GGG', 'GGT']	D	G	0.003912	#e0654fff	-1.0
407	GTC	['GGA', 'GGC', 'GGG', 'GGT']	V	G	0.002044	#c43032ff	-3.0
408	AGA	['GGA', 'GGC', 'GGG', 'GGT']	R	G	0.023687	#d44e41ff	-2.0
465	GAG	['GGA', 'GGG', 'GGT']	E	G	0.003875	#d44e41ff	-2.0
471	GAA	['GGA', 'GGC', 'GGG', 'GGT']	E	G	0.005948	#d44e41ff	-2.0
477	AGC	['GGA', 'GGC', 'GGG', 'GGT']	S	G	0.022080	#dcddddff	0.0
480	TGT	['GGC', 'GGG', 'GGT']	C	G	0.001398	#c43032ff	-3.0
483	GTT	['GGA', 'GGC', 'GGG', 'GGT']	V	G	0.006034	#c43032ff	-3.0
488	TGT	['GGA', 'GGC', 'GGG', 'GGT']	C	G	0.002583	#c43032ff	-3.0
503	GTT	['GGA', 'GGC', 'GGG', 'GGT']	V	G	0.002763	#c43032ff	-3.0
510	GTA	['GGA', 'GGC', 'GGG', 'GGT']	V	G	0.002860	#c43032ff	-3.0
511	GTA	['GGA', 'GGC', 'GGG', 'GGT']	V	G	0.002689	#c43032ff	-3.0
512	GTA	['GGA', 'GGC', 'GGG', 'GGT']	V	G	0.001782	#c43032ff	-3.0
515	TTT	['GGA', 'GGC', 'GGG', 'GGT']	F	G	0.001042	#c43032ff	-3.0
