431	GGC	['TGC', 'TGT']	G	C	0.002917	#c43032ff	-3.0
446	GGT	TGT	G	C	0.001026	#c43032ff	-3.0
447	GGT	TGT	G	C	0.001308	#c43032ff	-3.0
449	TAT	TGT	Y	C	0.001037	#d44e41ff	-2.0
453	TAT	['TGT', 'TGC']	Y	C	0.001124	#d44e41ff	-2.0
476	GGT	TGT	G	C	0.002242	#c43032ff	-3.0
477	AGC	TGC	S	C	0.001021	#e0654fff	-1.0
432	TGC	CGC	C	R	0.002235	#c43032ff	-3.0
436	TGG	['CGG', 'AGG']	W	R	0.005716	#c43032ff	-3.0
444	AAG	AGG	K	R	0.001746	#c3d5f4ff	2.0
458	AAG	AGG	K	R	0.002383	#c3d5f4ff	2.0
462	AAA	AGA	K	R	0.002829	#c3d5f4ff	2.0
474	CAG	CGG	Q	R	0.002565	#d1dae9ff	1.0
480	TGT	['CGT', 'CGA']	C	R	0.002050	#c43032ff	-3.0
488	TGT	CGT	C	R	0.001641	#c43032ff	-3.0
493	CAA	CGA	Q	R	0.001542	#d1dae9ff	1.0
498	CAA	CGA	Q	R	0.002289	#d1dae9ff	1.0
506	CAA	CGA	Q	R	0.001651	#d1dae9ff	1.0
519	CAT	CGT	H	R	0.001415	#dcddddff	0.0
525	TGT	CGT	C	R	0.002171	#c43032ff	-3.0
526	GGA	['AGA', 'CGA', 'AGG']	G	R	0.009691	#d44e41ff	-2.0
481	AAT	['AAA', 'AAG']	N	K	0.001326	#dcddddff	0.0
501	AAT	['AAA', 'AAG']	N	K	0.001220	#dcddddff	0.0
444	AAG	GAG	K	E	0.001563	#d1dae9ff	1.0
458	AAG	GAG	K	E	0.002170	#d1dae9ff	1.0
462	AAA	GAA	K	E	0.002505	#d1dae9ff	1.0
510	GTA	['GAA', 'GAG']	V	E	0.001238	#d44e41ff	-2.0
528	AAA	GAA	K	E	0.001107	#d1dae9ff	1.0
452	CTG	CAG	L	Q	0.002122	#d44e41ff	-2.0
518	CTA	CAA	L	Q	0.002063	#d44e41ff	-2.0
519	CAT	['CAA', 'CAG']	H	Q	0.002369	#dcddddff	0.0
431	GGC	GAC	G	D	0.001220	#e0654fff	-1.0
433	GTT	GAT	V	D	0.001120	#c43032ff	-3.0
437	AAT	GAT	N	D	0.001828	#d1dae9ff	1.0
439	AAC	GAC	N	D	0.001573	#d1dae9ff	1.0
440	AAT	GAT	N	D	0.001762	#d1dae9ff	1.0
445	GTT	GAT	V	D	0.001470	#c43032ff	-3.0
446	GGT	GAT	G	D	0.001548	#e0654fff	-1.0
448	AAT	GAT	N	D	0.001373	#d1dae9ff	1.0
450	AAT	GAT	N	D	0.001028	#d1dae9ff	1.0
460	AAT	GAT	N	D	0.001600	#d1dae9ff	1.0
471	GAA	['GAT', 'GAC']	E	D	0.001826	#c3d5f4ff	2.0
476	GGT	['GAT', 'GAC']	G	D	0.001119	#e0654fff	-1.0
482	GGT	GAT	G	D	0.001134	#e0654fff	-1.0
483	GTT	GAT	V	D	0.001625	#c43032ff	-3.0
484	GAA	['GAT', 'GAC']	E	D	0.001952	#c3d5f4ff	2.0
501	AAT	GAT	N	D	0.001151	#d1dae9ff	1.0
503	GTT	GAT	V	D	0.002200	#c43032ff	-3.0
516	GAA	['GAT', 'GAC']	E	D	0.001079	#c3d5f4ff	2.0
524	GTT	GAT	V	D	0.001760	#c43032ff	-3.0
444	AAG	['AAT', 'AAC']	K	N	0.001053	#dcddddff	0.0
451	TAC	AAC	Y	N	0.001115	#d44e41ff	-2.0
453	TAT	['AAT', 'AAC']	Y	N	0.001541	#d44e41ff	-2.0
462	AAA	['AAT', 'AAC']	K	N	0.001034	#dcddddff	0.0
468	ATT	AAT	I	N	0.001087	#c43032ff	-3.0
473	TAT	AAT	Y	N	0.001655	#d44e41ff	-2.0
477	AGC	AAC	S	N	0.002134	#d1dae9ff	1.0
489	TAC	AAC	Y	N	0.001042	#d44e41ff	-2.0
505	TAC	AAC	Y	N	0.001070	#d44e41ff	-2.0
508	TAC	AAC	Y	N	0.001214	#d44e41ff	-2.0
434	ATA	ACA	I	T	0.001156	#e0654fff	-1.0
438	TCT	ACT	S	T	0.001165	#d1dae9ff	1.0
443	TCT	['ACT', 'ACA']	S	T	0.001410	#d1dae9ff	1.0
459	TCT	ACT	S	T	0.001169	#d1dae9ff	1.0
468	ATT	ACT	I	T	0.001459	#e0654fff	-1.0
469	TCA	['ACA', 'ACG']	S	T	0.002605	#d1dae9ff	1.0
472	ATC	ACC	I	T	0.001183	#e0654fff	-1.0
475	GCC	ACC	A	T	0.001359	#dcddddff	0.0
494	TCA	ACA	S	T	0.001569	#d1dae9ff	1.0
514	TCT	ACT	S	T	0.001253	#d1dae9ff	1.0
520	GCA	ACA	A	T	0.001652	#dcddddff	0.0
522	GCA	ACA	A	T	0.002225	#dcddddff	0.0
432	TGC	['AGC', 'TCC']	C	S	0.001493	#e0654fff	-1.0
437	AAT	AGT	N	S	0.001630	#d1dae9ff	1.0
439	AAC	AGC	N	S	0.002020	#d1dae9ff	1.0
440	AAT	AGT	N	S	0.001459	#d1dae9ff	1.0
448	AAT	AGT	N	S	0.001373	#d1dae9ff	1.0
450	AAT	AGT	N	S	0.001169	#d1dae9ff	1.0
454	AGA	['AGT', 'AGC']	R	S	0.001295	#e0654fff	-1.0
455	TTG	TCG	L	S	0.001334	#d44e41ff	-2.0
456	TTT	TCT	F	S	0.001801	#d44e41ff	-2.0
460	AAT	AGT	N	S	0.001924	#d1dae9ff	1.0
464	TTT	TCT	F	S	0.003011	#d44e41ff	-2.0
466	AGA	['AGT', 'AGC']	R	S	0.003142	#e0654fff	-1.0
470	ACT	['TCT', 'AGT']	T	S	0.001746	#d1dae9ff	1.0
476	GGT	AGT	G	S	0.001886	#dcddddff	0.0
478	ACA	TCA	T	S	0.002314	#d1dae9ff	1.0
480	TGT	['AGT', 'TCT']	C	S	0.001922	#e0654fff	-1.0
481	AAT	AGT	N	S	0.001392	#d1dae9ff	1.0
486	TTT	TCT	F	S	0.002233	#d44e41ff	-2.0
487	AAT	AGT	N	S	0.001147	#d1dae9ff	1.0
488	TGT	['AGT', 'TCT']	C	S	0.002350	#e0654fff	-1.0
490	TTT	['TCT', 'TCA']	F	S	0.002922	#d44e41ff	-2.0
492	TTA	TCA	L	S	0.001204	#d44e41ff	-2.0
497	TTC	TCC	F	S	0.002148	#d44e41ff	-2.0
500	ACT	['TCT', 'AGT', 'TCA']	T	S	0.001837	#d1dae9ff	1.0
501	AAT	AGT	N	S	0.001253	#d1dae9ff	1.0
509	AGA	['AGT', 'AGC']	R	S	0.001723	#e0654fff	-1.0
515	TTT	TCT	F	S	0.003292	#d44e41ff	-2.0
521	CCA	TCA	P	S	0.001266	#e0654fff	-1.0
523	ACT	['TCT', 'AGT']	T	S	0.002183	#d1dae9ff	1.0
525	TGT	['AGT', 'TCT', 'AGC']	C	S	0.002981	#e0654fff	-1.0
527	CCT	TCT	P	S	0.001026	#e0654fff	-1.0
441	CTT	['CAT', 'CAC']	L	H	0.002011	#c43032ff	-3.0
451	TAC	CAC	Y	H	0.001004	#c3d5f4ff	2.0
461	CTC	CAC	L	H	0.002847	#c43032ff	-3.0
473	TAT	CAT	Y	H	0.001596	#c3d5f4ff	2.0
474	CAG	['CAT', 'CAC']	Q	H	0.001296	#dcddddff	0.0
479	CCT	CAT	P	H	0.001272	#d44e41ff	-2.0
493	CAA	['CAT', 'CAC']	Q	H	0.001506	#dcddddff	0.0
495	TAT	CAT	Y	H	0.001009	#c3d5f4ff	2.0
498	CAA	['CAT', 'CAC']	Q	H	0.002070	#dcddddff	0.0
499	CCC	CAC	P	H	0.001396	#d44e41ff	-2.0
505	TAC	CAC	Y	H	0.001498	#c3d5f4ff	2.0
506	CAA	['CAT', 'CAC']	Q	H	0.002053	#dcddddff	0.0
508	TAC	CAC	Y	H	0.001172	#c3d5f4ff	2.0
513	CTT	['CAT', 'CAC']	L	H	0.001631	#c43032ff	-3.0
517	CTT	CAT	L	H	0.002042	#c43032ff	-3.0
527	CCT	CAT	P	H	0.003971	#d44e41ff	-2.0
434	ATA	ATG	I	M	0.001147	#d1dae9ff	1.0
444	AAG	ATG	K	M	0.002418	#e0654fff	-1.0
452	CTG	ATG	L	M	0.001319	#c3d5f4ff	2.0
455	TTG	ATG	L	M	0.001010	#c3d5f4ff	2.0
457	AGG	ATG	R	M	0.002092	#e0654fff	-1.0
458	AAG	ATG	K	M	0.003114	#e0654fff	-1.0
438	TCT	CCT	S	P	0.001036	#e0654fff	-1.0
441	CTT	CCT	L	P	0.002074	#c43032ff	-3.0
452	CTG	CCG	L	P	0.002263	#c43032ff	-3.0
459	TCT	CCT	S	P	0.001082	#e0654fff	-1.0
461	CTC	CCC	L	P	0.002379	#c43032ff	-3.0
469	TCA	['CCA', 'CCG']	S	P	0.002710	#e0654fff	-1.0
494	TCA	['CCA', 'CCT']	S	P	0.001506	#e0654fff	-1.0
513	CTT	CCT	L	P	0.001727	#c43032ff	-3.0
517	CTT	CCT	L	P	0.001955	#c43032ff	-3.0
518	CTA	['CCA', 'CCG']	L	P	0.001613	#c43032ff	-3.0
520	GCA	CCA	A	P	0.002546	#e0654fff	-1.0
522	GCA	CCA	A	P	0.002051	#e0654fff	-1.0
432	TGC	TGG	C	W	0.001823	#d44e41ff	-2.0
457	AGG	TGG	R	W	0.001655	#c43032ff	-3.0
437	AAT	TAT	N	Y	0.001870	#d44e41ff	-2.0
439	AAC	TAC	N	Y	0.001102	#d44e41ff	-2.0
440	AAT	TAT	N	Y	0.003196	#d44e41ff	-2.0
448	AAT	TAT	N	Y	0.001955	#d44e41ff	-2.0
450	AAT	TAT	N	Y	0.001337	#d44e41ff	-2.0
456	TTT	TAT	F	Y	0.001921	#b5cdfaff	3.0
464	TTT	TAT	F	Y	0.002289	#b5cdfaff	3.0
486	TTT	TAT	F	Y	0.001781	#b5cdfaff	3.0
487	AAT	TAT	N	Y	0.001434	#d44e41ff	-2.0
490	TTT	TAT	F	Y	0.001934	#b5cdfaff	3.0
497	TTC	TAC	F	Y	0.001860	#b5cdfaff	3.0
515	TTT	TAT	F	Y	0.002287	#b5cdfaff	3.0
519	CAT	TAT	H	Y	0.001095	#c3d5f4ff	2.0
525	TGT	['TAT', 'TAC']	C	Y	0.002867	#d44e41ff	-2.0
449	TAT	TTT	Y	F	0.001745	#b5cdfaff	3.0
451	TAC	TTC	Y	F	0.001298	#b5cdfaff	3.0
453	TAT	TTT	Y	F	0.002143	#b5cdfaff	3.0
489	TAC	TTC	Y	F	0.001003	#b5cdfaff	3.0
492	TTA	['TTT', 'TTC']	L	F	0.001405	#dcddddff	0.0
495	TAT	TTT	Y	F	0.001441	#b5cdfaff	3.0
505	TAC	TTC	Y	F	0.001208	#b5cdfaff	3.0
508	TAC	TTC	Y	F	0.001804	#b5cdfaff	3.0
513	CTT	TTT	L	F	0.001097	#dcddddff	0.0
434	ATA	GTA	I	V	0.001012	#b5cdfaff	3.0
435	GCT	GTT	A	V	0.001012	#dcddddff	0.0
441	CTT	GTT	L	V	0.001317	#d1dae9ff	1.0
442	GAT	GTT	D	V	0.001668	#c43032ff	-3.0
465	GAG	GTG	E	V	0.002004	#d44e41ff	-2.0
467	GAT	['GTT', 'GTA']	D	V	0.001237	#c43032ff	-3.0
471	GAA	GTA	E	V	0.002210	#d44e41ff	-2.0
472	ATC	GTC	I	V	0.001054	#b5cdfaff	3.0
475	GCC	GTC	A	V	0.001622	#dcddddff	0.0
484	GAA	GTA	E	V	0.002224	#d44e41ff	-2.0
516	GAA	GTA	E	V	0.001340	#d44e41ff	-2.0
520	GCA	GTA	A	V	0.001853	#dcddddff	0.0
522	GCA	GTA	A	V	0.001335	#dcddddff	0.0
434	ATA	['TTA', 'CTA']	I	L	0.003910	#c3d5f4ff	2.0
456	TTT	['CTT', 'TTA', 'TTG']	F	L	0.001232	#dcddddff	0.0
464	TTT	['TTA', 'CTT', 'TTG']	F	L	0.003292	#dcddddff	0.0
474	CAG	CTG	Q	L	0.001431	#d44e41ff	-2.0
486	TTT	['TTA', 'CTT', 'TTG']	F	L	0.001449	#dcddddff	0.0
490	TTT	['CTT', 'TTA', 'TTG']	F	L	0.003591	#dcddddff	0.0
493	CAA	CTA	Q	L	0.002435	#d44e41ff	-2.0
497	TTC	['CTC', 'TTA', 'TTG']	F	L	0.002819	#dcddddff	0.0
498	CAA	CTA	Q	L	0.001878	#d44e41ff	-2.0
506	CAA	CTA	Q	L	0.002550	#d44e41ff	-2.0
515	TTT	['TTA', 'CTT', 'TTG', 'CTC']	F	L	0.003894	#dcddddff	0.0
519	CAT	CTT	H	L	0.001640	#c43032ff	-3.0
521	CCA	CTA	P	L	0.001236	#c43032ff	-3.0
433	GTT	ATT	V	I	0.001042	#b5cdfaff	3.0
437	AAT	ATT	N	I	0.001213	#c43032ff	-3.0
439	AAC	ATC	N	I	0.002302	#c43032ff	-3.0
440	AAT	ATT	N	I	0.001903	#c43032ff	-3.0
448	AAT	ATT	N	I	0.001697	#c43032ff	-3.0
456	TTT	ATT	F	I	0.001436	#dcddddff	0.0
460	AAT	ATT	N	I	0.001795	#c43032ff	-3.0
462	AAA	ATA	K	I	0.002364	#c43032ff	-3.0
464	TTT	['ATT', 'ATC']	F	I	0.001109	#dcddddff	0.0
477	AGC	ATC	S	I	0.001030	#d44e41ff	-2.0
478	ACA	ATA	T	I	0.001643	#e0654fff	-1.0
481	AAT	['ATT', 'ATA']	N	I	0.001748	#c43032ff	-3.0
490	TTT	ATT	F	I	0.001856	#dcddddff	0.0
492	TTA	ATA	L	I	0.002306	#c3d5f4ff	2.0
497	TTC	ATC	F	I	0.001815	#dcddddff	0.0
501	AAT	ATT	N	I	0.001537	#c43032ff	-3.0
512	GTA	ATA	V	I	0.001163	#b5cdfaff	3.0
515	TTT	ATT	F	I	0.001103	#dcddddff	0.0
518	CTA	['ATA', 'ATT']	L	I	0.004114	#c3d5f4ff	2.0
524	GTT	ATT	V	I	0.001179	#b5cdfaff	3.0
433	GTT	GCT	V	A	0.001643	#dcddddff	0.0
445	GTT	GCT	V	A	0.001752	#dcddddff	0.0
470	ACT	['GCT', 'GCA']	T	A	0.001437	#dcddddff	0.0
478	ACA	GCA	T	A	0.001524	#dcddddff	0.0
483	GTT	GCT	V	A	0.002173	#dcddddff	0.0
500	ACT	['GCT', 'GCC']	T	A	0.001136	#dcddddff	0.0
503	GTT	['GCT', 'GCA']	V	A	0.002526	#dcddddff	0.0
510	GTA	GCA	V	A	0.001064	#dcddddff	0.0
511	GTA	['GCA', 'GCG']	V	A	0.001349	#dcddddff	0.0
523	ACT	GCT	T	A	0.001227	#dcddddff	0.0
524	GTT	GCT	V	A	0.001086	#dcddddff	0.0
435	GCT	['GGT', 'GGC']	A	G	0.003486	#dcddddff	0.0
442	GAT	GGT	D	G	0.001494	#e0654fff	-1.0
454	AGA	GGA	R	G	0.001070	#d44e41ff	-2.0
457	AGG	GGG	R	G	0.001181	#d44e41ff	-2.0
465	GAG	GGG	E	G	0.001971	#d44e41ff	-2.0
466	AGA	GGA	R	G	0.001687	#d44e41ff	-2.0
467	GAT	GGT	D	G	0.001066	#e0654fff	-1.0
471	GAA	GGA	E	G	0.002024	#d44e41ff	-2.0
477	AGC	GGC	S	G	0.001598	#dcddddff	0.0
484	GAA	['GGA', 'GGG']	E	G	0.001673	#d44e41ff	-2.0
509	AGA	GGA	R	G	0.001897	#d44e41ff	-2.0
516	GAA	['GGA', 'GGT']	E	G	0.001457	#d44e41ff	-2.0
449	TAT	['TAA', 'TAG']	Y	*	0.001292	red	-4.0
454	AGA	TGA	R	*	0.002227	red	-4.0
455	TTG	TAG	L	*	0.001981	red	-4.0
458	AAG	TAG	K	*	0.001933	red	-4.0
462	AAA	['TAA', 'TGA', 'TAG']	K	*	0.002643	red	-4.0
466	AGA	['TGA', 'TAA']	R	*	0.002738	red	-4.0
473	TAT	['TAA', 'TAG']	Y	*	0.001889	red	-4.0
480	TGT	TGA	C	*	0.001706	red	-4.0
488	TGT	TGA	C	*	0.002431	red	-4.0
495	TAT	['TAA', 'TAG']	Y	*	0.002585	red	-4.0
506	CAA	TAA	Q	*	0.001013	red	-4.0
509	AGA	TGA	R	*	0.002752	red	-4.0
525	TGT	TGA	C	*	0.002933	red	-4.0
